post_id,image_url,caption,label,misinformation_type,named_entities,categories,posted_date,language,article_url,article_title
TC_facebook-spreading-misinformation-free-health-checks-spreading-aids,https://techpana.prixacdn.net/media/albums/fake-news-techpana-news_E0dWBBw0Hf.jpg.760x430_q100_crop.jpg,घर-घरमा निःशुल्क स्वास्थ्य जाँच गर्न आउनेले एड्स सारिदिने भन्ने भ्रामक सूचना,1,Fabricated,Facebook,Politics,01/11/2024,ne,https://techpana.com/2024/147213/facebook-spreading-misinformation-free-health-checks-spreading-aids,घर-घरमा निःशुल्क स्वास्थ्य जाँच गर्न आउनेले एड्स सारिदिने भन्दै फेसबुकमा भ्रामक सूचना
TC_facebook-spreading-misinformation-free-health-checks-spreading-aids,https://techpana.prixacdn.net/media/albums/fake-news-techpana-news_E0dWBBw0Hf.jpg.760x430_q100_crop.jpg,कुनै वैज्ञानिक आधार बिना मनगठित दावी।,0,Pristine,Facebook,Politics,01/11/2024,ne,https://techpana.com/2024/147213/facebook-spreading-misinformation-free-health-checks-spreading-aids,घर-घरमा निःशुल्क स्वास्थ्य जाँच गर्न आउनेले एड्स सारिदिने भन्दै फेसबुकमा भ्रामक सूचना
TC_techpana-fact-check-trump-did-not-respond-to-balen,https://techpana.prixacdn.net/media/albums/trump-false-news-nepal-techpana-news_zgVN52Fejx.jpg.760x430_q100_crop.jpg,बलेन शाहले ट्रम्पलाई फेसबुकमा ट्याग गरे तर ट्रम्पले कुनै प्रतिक्रिया दिएनन्,1,Fabricated,"Donald Trump, Balendra Shah, Kathmandu",Politics,22/02/2025,ne,https://techpana.com/2025/149671/techpana-fact-check-trump-did-not-respond-to-balen,"टेकपाना फ्याक्ट चेकः नझुक्किनुहोस्, अमेरिकी राष्ट्रपति ट्रम्पले बालेनलाई जवाफ दिएका छैनन्"
TC_techpana-fact-check-trump-did-not-respond-to-balen,https://techpana.prixacdn.net/media/albums/trump-false-news-nepal-techpana-news_zgVN52Fejx.jpg.760x430_q100_crop.jpg,ट्रम्पले बालेनलाई कुनै प्रतिक्रिया दिएनन्। दाबी गलत छ।,0,Pristine,"Donald Trump, Balendra Shah, Kathmandu",Politics,22/02/2025,ne,https://techpana.com/2025/149671/techpana-fact-check-trump-did-not-respond-to-balen,"टेकपाना फ्याक्ट चेकः नझुक्किनुहोस्, अमेरिकी राष्ट्रपति ट्रम्पले बालेनलाई जवाफ दिएका छैनन्"
TC_techpana-factcheck-false-claim-about-sumina-kc-article-against-hindu-religion,https://techpana.prixacdn.net/media/albums/naya-patrika-sunina-kc-fact-check-techpana-news_a3SVS7tVea.jpg.760x430_q100_crop.jpg,सुमिना केसीले नयाँ पत्रिकामा ‘हिन्दू देवी दुर्गा वेश्या हुन्’ लेख लेखेकी छन् ।,1,Fabricated,"Sumina KC, Naya Patrika",Politics,23/02/2025,ne,https://techpana.com/2025/149686/techpana-factcheck-false-claim-about-sumina-kc-article-against-hindu-religion,टेकपाना फ्याक्टचेकः सुमिना केसीले नयाँ पत्रिकामा ‘हिन्दु देवी दुर्गा वेश्या हुन्’ शीर्षकमा लेख लेखेको दाबी झुटो
TC_techpana-factcheck-false-claim-about-sumina-kc-article-against-hindu-religion,https://techpana.prixacdn.net/media/albums/naya-patrika-sunina-kc-fact-check-techpana-news_a3SVS7tVea.jpg.760x430_q100_crop.jpg,यस्तो लेख लेखिएको छैन। स्क्रिनसट बनाइएको छ।,0,Pristine,"Sumina KC, Naya Patrika",Politics,23/02/2025,ne,https://techpana.com/2025/149686/techpana-factcheck-false-claim-about-sumina-kc-article-against-hindu-religion,टेकपाना फ्याक्टचेकः सुमिना केसीले नयाँ पत्रिकामा ‘हिन्दु देवी दुर्गा वेश्या हुन्’ शीर्षकमा लेख लेखेको दाबी झुटो
TC_techpana-factcheck-no-law-punishing-men-for-not-marrying-twice,https://techpana.prixacdn.net/media/albums/fake-news_9tg458611g.jpg.760x430_q100_crop.jpg,नेपालमा दोस्रो विवाह नगर्ने पुरुषलाई सजाय दिने कानुन छ,1,Fabricated,Nepal Government,Politics,25/02/2025,ne,https://techpana.com/2025/149720/techpana-factcheck-no-law-punishing-men-for-not-marrying-twice,टेकपाना फ्याक्टचेक: भाइरल समाचार जस्तो पुरुषले २ विवाह नगरे कारबाही हुने नियम नेपालमा मात्र नभई विश्वमा कतै छैन
TC_techpana-factcheck-no-law-punishing-men-for-not-marrying-twice,https://techpana.prixacdn.net/media/albums/fake-news_9tg458611g.jpg.760x430_q100_crop.jpg,त्यस्तो कानुन छैन । नेपालको कानुनले बहुविवाहलाई निषेध गरेको छ ।,0,Pristine,Nepal Government,Politics,25/02/2025,ne,https://techpana.com/2025/149720/techpana-factcheck-no-law-punishing-men-for-not-marrying-twice,टेकपाना फ्याक्टचेक: भाइरल समाचार जस्तो पुरुषले २ विवाह नगरे कारबाही हुने नियम नेपालमा मात्र नभई विश्वमा कतै छैन
TC_techpana-fact-check-viral-video-ukraine-president-punching-us-president-misleading,https://techpana.prixacdn.net/media/albums/donald-trump-techpana_dSy5GaxLL6.jpg.760x430_q100_crop.jpg,जेलेन्स्कीले अमेरिकी राष्ट्रपति ट्रम्पलाई मुक्का मारेको भिडियो,1,Fabricated,"Zelensky, Trump, Ukraine, USA",Politics,02/03/2025,ne,https://techpana.com/2025/149761/techpana-fact-check-viral-video-ukraine-president-punching-us-president-misleading,टेकपाना फ्याक्टचेकः युक्रेनी राष्ट्रपतिले अमेरिकी राष्ट्रपतिलाई कुटेको देखिने भाइरल भिडिओ भ्रामक
TC_techpana-fact-check-viral-video-ukraine-president-punching-us-president-misleading,https://techpana.prixacdn.net/media/albums/donald-trump-techpana_dSy5GaxLL6.jpg.760x430_q100_crop.jpg,भिडियो AI द्वारा निर्मित छ। कुनै शारीरिक झगडा भएको छैन।,0,Pristine,"Zelensky, Trump, Ukraine, USA",Politics,02/03/2025,ne,https://techpana.com/2025/149761/techpana-fact-check-viral-video-ukraine-president-punching-us-president-misleading,टेकपाना फ्याक्टचेकः युक्रेनी राष्ट्रपतिले अमेरिकी राष्ट्रपतिलाई कुटेको देखिने भाइरल भिडिओ भ्रामक
TC_techpana-factcheck-mustang-uranium-claim-false,https://techpana.prixacdn.net/media/albums/Fake-News-techpana-news_2oUq0Gei6a.jpg.760x430_q100_crop.jpg,मुस्ताङमा युरेनियम फेला परेको छ,1,Fabricated,"Mustang, Nepal",Politics,05/03/2025,ne,https://techpana.com/2025/149828/techpana-factcheck-mustang-uranium-claim-false,टेकपाना फ्याक्टचेकः मुस्ताङमा ३५ टन युरेनियम भेटिएको दाबी भ्रामक
TC_techpana-factcheck-mustang-uranium-claim-false,https://techpana.prixacdn.net/media/albums/Fake-News-techpana-news_2oUq0Gei6a.jpg.760x430_q100_crop.jpg,मुस्ताङमा युरेनियम भेटिएको पुष्टि भएको छैन ।,0,Pristine,"Mustang, Nepal",Politics,05/03/2025,ne,https://techpana.com/2025/149828/techpana-factcheck-mustang-uranium-claim-false,टेकपाना फ्याक्टचेकः मुस्ताङमा ३५ टन युरेनियम भेटिएको दाबी भ्रामक
TC_techpana-fact-check-son-buried-mother-alive-video-misleading-viral-after-1-year,https://techpana.prixacdn.net/media/albums/fact-checked-son-killed-mom-techpana-news_dwHMdvMS92.jpg.760x430_q100_crop.jpg,छोराले आमालाई जिउँदै गाडेको भिडियो,1,Temporal_Mismatch,,Politics,08/03/2025,ne,https://techpana.com/2025/149846/techpana-fact-check-son-buried-mother-alive-video-misleading-viral-after-1-year,"टेकपाना फ्याक्टचेकः छोराले आमालाई जिउँदै पुरेको भन्ने भिडिओ भ्रामक, १ वर्षपछि अनलाइनमा भाइरल"
TC_techpana-fact-check-son-buried-mother-alive-video-misleading-viral-after-1-year,https://techpana.prixacdn.net/media/albums/fact-checked-son-killed-mom-techpana-news_dwHMdvMS92.jpg.760x430_q100_crop.jpg,भिडियो १ वर्ष पुरानो हो जुन हालको घटनाको रूपमा साझा गरिएको छ।,0,Pristine,,Politics,08/03/2025,ne,https://techpana.com/2025/149846/techpana-fact-check-son-buried-mother-alive-video-misleading-viral-after-1-year,"टेकपाना फ्याक्टचेकः छोराले आमालाई जिउँदै पुरेको भन्ने भिडिओ भ्रामक, १ वर्षपछि अनलाइनमा भाइरल"
TC_techpana-factcheck-man-died-due-to-electric-shock-while-fishing-not-charging-mobile,https://techpana.prixacdn.net/media/albums/electric-shock-techpana-news_t4jguvw4mV.jpg.760x430_q100_crop.jpg,मोबाइल चार्ज गर्ने क्रममा करेन्ट लागेर एक जनाको मृत्यु भएको छ,1,Miscaptioned,,Politics,12/03/2025,ne,https://techpana.com/2025/149888/techpana-factcheck-man-died-due-to-electric-shock-while-fishing-not-charging-mobile,"टेकपाना फ्याक्टचेकः मोबाइल चार्ज गर्दा होइन, माछा मार्ने क्रममा करेन्ट लागेर युवकको मृत्यु"
TC_techpana-factcheck-man-died-due-to-electric-shock-while-fishing-not-charging-mobile,https://techpana.prixacdn.net/media/albums/electric-shock-techpana-news_t4jguvw4mV.jpg.760x430_q100_crop.jpg,फोन चार्ज नगरी माछा मार्ने क्रममा करेन्ट लागेर एक जनाको मृत्यु भएको छ ।,0,Pristine,,Politics,12/03/2025,ne,https://techpana.com/2025/149888/techpana-factcheck-man-died-due-to-electric-shock-while-fishing-not-charging-mobile,"टेकपाना फ्याक्टचेकः मोबाइल चार्ज गर्दा होइन, माछा मार्ने क्रममा करेन्ट लागेर युवकको मृत्यु"
TC_techpana-factcheck-sunita-williams-temple-visit-viral-photo-misleading,https://techpana.prixacdn.net/media/albums/techpana-factcheck_tts0fICg0x.jpg.760x430_q100_crop.jpg,सुनिता विलियम्स अन्तरिक्षबाट फर्किएपछि हिन्दू मन्दिरमा पुगेकी थिइन्,1,Temporal_Mismatch,"Sunita Williams, NASA",Politics,20/03/2025,ne,https://techpana.com/2025/149953/techpana-factcheck-sunita-williams-temple-visit-viral-photo-misleading,टेकपाना फ्याक्टचेक: अन्तरिक्षबाट फर्किएपछि सुनिताले पूजापाठ गरेको भन्दै भाइरल तस्बिर भ्रामक
TC_techpana-factcheck-sunita-williams-temple-visit-viral-photo-misleading,https://techpana.prixacdn.net/media/albums/techpana-factcheck_tts0fICg0x.jpg.760x430_q100_crop.jpg,तस्बिर सन् २०१३ को करिब १२ वर्ष पुरानो हो।,0,Pristine,"Sunita Williams, NASA",Politics,20/03/2025,ne,https://techpana.com/2025/149953/techpana-factcheck-sunita-williams-temple-visit-viral-photo-misleading,टेकपाना फ्याक्टचेक: अन्तरिक्षबाट फर्किएपछि सुनिताले पूजापाठ गरेको भन्दै भाइरल तस्बिर भ्रामक
TC_techpana-factcheck-bank-account-rental-scam-nepal,https://techpana.prixacdn.net/media/albums/bank-account-rent-techpana-news_Olx8QZWMj5.jpg.760x430_q100_crop.jpg,नेपालमा सञ्चालन भएको बैंक खाता भाडा घोटाला,1,Fabricated,Nepal,Politics,25/03/2025,ne,https://techpana.com/2025/150072/techpana-factcheck-bank-account-rental-scam-nepal,"टेकपाना फ्याक्टचेकः नझुक्किनुहोस् ! नेपालमा बैंक खाता भाडामा दिन पाइँदैन‍, दिए ठगीमा पर्नुहोला"
TC_techpana-factcheck-bank-account-rental-scam-nepal,https://techpana.prixacdn.net/media/albums/bank-account-rent-techpana-news_Olx8QZWMj5.jpg.760x430_q100_crop.jpg,अनुसन्धानबाट वास्तविक घोटाला पुष्टि भयो।,0,Pristine,Nepal,Politics,25/03/2025,ne,https://techpana.com/2025/150072/techpana-factcheck-bank-account-rental-scam-nepal,"टेकपाना फ्याक्टचेकः नझुक्किनुहोस् ! नेपालमा बैंक खाता भाडामा दिन पाइँदैन‍, दिए ठगीमा पर्नुहोला"
TC_Suresh-Rajak-shot-fake-news-spread-by-facebook-page,https://techpana.prixacdn.net/media/albums/suresh-rajak-techpana-news_zMRMkCj5sj.png.760x430_q100_crop.png,सुरेश रजकलाई गोली लागेको छ,1,Fabricated,Suresh Rajak,Politics,27/03/2025,ne,https://techpana.com/2025/150099/Suresh-Rajak-shot-fake-news-spread-by-facebook-page,टेकपाना फ्याक्टचेकः पोस्टमार्टम नहुँदै सुरेश रजकलाई गोली लागेको भन्दै फेसबुक पेजले फैलाएको खबर झुटो
TC_Suresh-Rajak-shot-fake-news-spread-by-facebook-page,https://techpana.prixacdn.net/media/albums/suresh-rajak-techpana-news_zMRMkCj5sj.png.760x430_q100_crop.png,फेसवुक पेजबाट फैलिएको झुटा समाचार ।,0,Pristine,Suresh Rajak,Politics,27/03/2025,ne,https://techpana.com/2025/150099/Suresh-Rajak-shot-fake-news-spread-by-facebook-page,टेकपाना फ्याक्टचेकः पोस्टमार्टम नहुँदै सुरेश रजकलाई गोली लागेको भन्दै फेसबुक पेजले फैलाएको खबर झुटो
TC_techpana-fact-check-balen-photo-shared-by-royalists-is-2-years-old,https://techpana.prixacdn.net/media/albums/balen-shah-fact-techpana-fact-check_KKR0uFplhd.png.760x430_q100_crop.png,Royalists ले बलेन शाहको हालको फोटो साझा गर्नुभयो,1,Temporal_Mismatch,"Balendra Shah, Kathmandu",Politics,28/03/2025,ne,https://techpana.com/2025/150103/techpana-fact-check-balen-photo-shared-by-royalists-is-2-years-old,टेकपाना फ्याक्टचेकः बालेनलाई गाली गर्दै राजावादीहरूले शेयर गरेको फोटो २ वर्ष पुरानो
TC_techpana-fact-check-balen-photo-shared-by-royalists-is-2-years-old,https://techpana.prixacdn.net/media/albums/balen-shah-fact-techpana-fact-check_KKR0uFplhd.png.760x430_q100_crop.png,फोटो २ वर्ष पुरानो हो।,0,Pristine,"Balendra Shah, Kathmandu",Politics,28/03/2025,ne,https://techpana.com/2025/150103/techpana-fact-check-balen-photo-shared-by-royalists-is-2-years-old,टेकपाना फ्याक्टचेकः बालेनलाई गाली गर्दै राजावादीहरूले शेयर गरेको फोटो २ वर्ष पुरानो
TC_techpana-factcheck-isha-gurung-other-facebook-posts-on-himani-shah-are-false,https://techpana.prixacdn.net/media/albums/Fact-Check-techpana_20250331_210955_0000_ZnWlb2yvmZ.jpg.760x430_q100_crop.jpg,हिमानी शाहको बारेमा ईशा गुरुङको पोष्ट सत्य हो,1,Fabricated,"Isha Gurung, Himani Shah",Politics,30/03/2025,ne,https://techpana.com/2025/150115/techpana-factcheck-isha-gurung-other-facebook-posts-on-himani-shah-are-false,टेकपाना फ्याक्टचेकः ईशा गुरुङ सहितले फेसबुकमा राखेको हिमानी शाहको भनाइ सम्बन्धी पोस्ट मिथ्या
TC_techpana-factcheck-isha-gurung-other-facebook-posts-on-himani-shah-are-false,https://techpana.prixacdn.net/media/albums/Fact-Check-techpana_20250331_210955_0000_ZnWlb2yvmZ.jpg.760x430_q100_crop.jpg,इशा गुरुङले हिमानी शाहको बारेमा पोष्ट गरिन्,0,Pristine,"Isha Gurung, Himani Shah",Politics,30/03/2025,ne,https://techpana.com/2025/150115/techpana-factcheck-isha-gurung-other-facebook-posts-on-himani-shah-are-false,टेकपाना फ्याक्टचेकः ईशा गुरुङ सहितले फेसबुकमा राखेको हिमानी शाहको भनाइ सम्बन्धी पोस्ट मिथ्या
TC_techpana-fact-check-government-did-not-issue-appeal-against-pro-monarchy-protests,https://techpana.prixacdn.net/media/albums/bharamak-news_EIHBEUmRBU.jpg.760x430_q100_crop.jpg,सरकारले राजतन्त्र पक्षधर आन्दोलन विरुद्ध अपिल जारी गरेको छ,1,Fabricated,Nepal Government,Politics,01/04/2025,ne,https://techpana.com/2025/150143/techpana-fact-check-government-did-not-issue-appeal-against-pro-monarchy-protests,फ्याक्टचेकः ‘राजावादी प्रदर्शनमा सहभागी नहुन सरकारको अपिल’ भन्दै मेनस्ट्रिम मिडियाले नै फैलाए भ्रम
TC_techpana-fact-check-government-did-not-issue-appeal-against-pro-monarchy-protests,https://techpana.prixacdn.net/media/albums/bharamak-news_EIHBEUmRBU.jpg.760x430_q100_crop.jpg,सरकारले त्यस्तो कुनै अपील गरेको छैन।,0,Pristine,Nepal Government,Politics,01/04/2025,ne,https://techpana.com/2025/150143/techpana-fact-check-government-did-not-issue-appeal-against-pro-monarchy-protests,फ्याक्टचेकः ‘राजावादी प्रदर्शनमा सहभागी नहुन सरकारको अपिल’ भन्दै मेनस्ट्रिम मिडियाले नै फैलाए भ्रम
TC_techpana-factcheck-wifi-radiations-causes-cancer-unverified,https://techpana.prixacdn.net/media/albums/wifi-health-unverified-fact-techpana-fact-check_0Dre5LUO3j.jpg.760x430_q100_crop.jpg,वाइफाइ विकिरणले क्यान्सर निम्त्याउँछ,1,Fabricated,,Politics,01/04/2025,ne,https://techpana.com/2025/150145/techpana-factcheck-wifi-radiations-causes-cancer-unverified,"फ्याक्टचेक: नपत्याउनुहोस्, रातभर वाई-फाई अन राख्दा क्यान्सर हुने दाबी प्रमाणित भएको छैन"
TC_techpana-factcheck-wifi-radiations-causes-cancer-unverified,https://techpana.prixacdn.net/media/albums/wifi-health-unverified-fact-techpana-fact-check_0Dre5LUO3j.jpg.760x430_q100_crop.jpg,अप्रमाणित दावी वैज्ञानिक सहमति द्वारा समर्थित छैन।,0,Pristine,,Politics,01/04/2025,ne,https://techpana.com/2025/150145/techpana-factcheck-wifi-radiations-causes-cancer-unverified,"फ्याक्टचेक: नपत्याउनुहोस्, रातभर वाई-फाई अन राख्दा क्यान्सर हुने दाबी प्रमाणित भएको छैन"
TC_techpana-fact-check-police-false-claim-national-anthem-tear-gas-video-not-deepfake,https://techpana.prixacdn.net/media/albums/nepal-police-deepfake-video-techpana-news_rAUF06RBaI.jpg.760x430_q100_crop.jpg,राष्ट्रिय गानको क्रममा अश्रुग्यास प्रहारको भिडियो गहिरो छ,1,Miscaptioned,Nepal Police,Politics,04/04/2025,ne,https://techpana.com/2025/150177/techpana-fact-check-police-false-claim-national-anthem-tear-gas-video-not-deepfake,टेकपाना फ्याक्ट चेकः राष्ट्र गान बजिरहँदा स्टेजमा अश्रुग्यास हानेको भिडिओ डिपफेक भन्ने प्रहरी दाबी झुटो
TC_techpana-fact-check-police-false-claim-national-anthem-tear-gas-video-not-deepfake,https://techpana.prixacdn.net/media/albums/nepal-police-deepfake-video-techpana-news_rAUF06RBaI.jpg.760x430_q100_crop.jpg,"प्रहरीले दावी गरे अनुसार भिडियो वास्तविक हो, डिपफेक होइन।",0,Pristine,Nepal Police,Politics,04/04/2025,ne,https://techpana.com/2025/150177/techpana-fact-check-police-false-claim-national-anthem-tear-gas-video-not-deepfake,टेकपाना फ्याक्ट चेकः राष्ट्र गान बजिरहँदा स्टेजमा अश्रुग्यास हानेको भिडिओ डिपफेक भन्ने प्रहरी दाबी झुटो
TC_techpana-fact-check-thresher-accident-video-claimed-from-nepalgunj-is-actually-from-india,https://techpana.prixacdn.net/media/albums/thresor-nepalgunj-techpana-news_kHjMrK7eB0.jpg.760x430_q100_crop.jpg,नेपालगन्जमा थ्रेसरमा लडेर एक महिलाको मृत्यु भएको छ,1,Geographic_Mismatch,"Nepalgunj, Banke",Politics,09/04/2025,ne,https://techpana.com/2025/150229/techpana-fact-check-thresher-accident-video-claimed-from-nepalgunj-is-actually-from-india,फ्याक्टचेकः थ्रेसरमा परी नेपालगञ्जमा एक व्यक्तिको ज्यान गएको भन्दै भाइरल भएको भिडिओ भारतको
TC_techpana-fact-check-thresher-accident-video-claimed-from-nepalgunj-is-actually-from-india,https://techpana.prixacdn.net/media/albums/thresor-nepalgunj-techpana-news_kHjMrK7eB0.jpg.760x430_q100_crop.jpg,घटना नेपालगन्ज नभई भारतको मध्य प्रदेशको हो । पीडित महिला नभई पुरुष मजदुर थिए ।,0,Pristine,"Nepalgunj, Banke",Politics,09/04/2025,ne,https://techpana.com/2025/150229/techpana-fact-check-thresher-accident-video-claimed-from-nepalgunj-is-actually-from-india,फ्याक्टचेकः थ्रेसरमा परी नेपालगञ्जमा एक व्यक्तिको ज्यान गएको भन्दै भाइरल भएको भिडिओ भारतको
TC_fact-check-video-claiming-police-aimed-gun-at-rabi-lamichhane-is-fake,https://techpana.prixacdn.net/media/albums/factchek-rabi-lamichhane_wFcOGTmOBP.jpg.760x430_q100_crop.jpg,रवि लामिछानेलाई पक्राउ गरेपछि प्रहरीले गोली प्रहार गरेको थियो,1,Fabricated,"Rabi Lamichhane, RSP",Politics,08/04/2025,ne,https://techpana.com/2025/150237/fact-check-video-claiming-police-aimed-gun-at-rabi-lamichhane-is-fake,फ्याक्टचेक: रवि लामिछानेमाथि प्रहरीले पेस्तोल तेर्स्याएको भिडिओ चिपफेक
TC_fact-check-video-claiming-police-aimed-gun-at-rabi-lamichhane-is-fake,https://techpana.prixacdn.net/media/albums/factchek-rabi-lamichhane_wFcOGTmOBP.jpg.760x430_q100_crop.jpg,भिडियो एक chipfake deepfake हो। उसलाई बन्दुकको निशाना थिएन।,0,Pristine,"Rabi Lamichhane, RSP",Politics,08/04/2025,ne,https://techpana.com/2025/150237/fact-check-video-claiming-police-aimed-gun-at-rabi-lamichhane-is-fake,फ्याक्टचेक: रवि लामिछानेमाथि प्रहरीले पेस्तोल तेर्स्याएको भिडिओ चिपफेक
TC_rabi-lamichhane-ai-generated-fake-video-goes-viral,https://techpana.prixacdn.net/media/albums/rabi-lamichhane_-ai-generated-video-fact-techpana-fact-check_TpeTdTAVda.jpg.760x430_q100_crop.jpg,रवि लामिछाने जेलमा दुःख भोग्दै छन् एआई भिडियो,1,Fabricated,"Rabi Lamichhane, RSP",Politics,11/04/2025,ne,https://techpana.com/2025/150286/rabi-lamichhane-ai-generated-fake-video-goes-viral,फ्याक्टचेकः रवि लामिछानेले जेलमा दुःख पाएको भन्दै एआईले बनाएको भिडिओ भाइरल
TC_rabi-lamichhane-ai-generated-fake-video-goes-viral,https://techpana.prixacdn.net/media/albums/rabi-lamichhane_-ai-generated-video-fact-techpana-fact-check_TpeTdTAVda.jpg.760x430_q100_crop.jpg,एआई प्रयोग गरेर सिर्जना गरिएको भिडियोले वास्तविक अवस्था देखाउँदैन।,0,Pristine,"Rabi Lamichhane, RSP",Politics,11/04/2025,ne,https://techpana.com/2025/150286/rabi-lamichhane-ai-generated-fake-video-goes-viral,फ्याक्टचेकः रवि लामिछानेले जेलमा दुःख पाएको भन्दै एआईले बनाएको भिडिओ भाइरल
TC_techpana-fact-check-found-viral-video-of-bishnu-from-parvat-false,https://techpana.prixacdn.net/media/albums/viral-video-jajarkotki-bindu-not-prawatki-bishnu_s8TFXS9VVZ.jpg.760x430_q100_crop.jpg,पर्वतबाट विष्णुको भाइरल भिडियो,1,Fabricated,Parvat district,Politics,18/04/2025,ne,https://techpana.com/2025/150365/techpana-fact-check-found-viral-video-of-bishnu-from-parvat-false,टेकपाना फ्याक्टचेक: पर्वतकी विष्णुको नभई भारतको नदीमा बगेकी जाजरकोटकी विन्दुको हो भाइरल भिडिओ
TC_techpana-fact-check-found-viral-video-of-bishnu-from-parvat-false,https://techpana.prixacdn.net/media/albums/viral-video-jajarkotki-bindu-not-prawatki-bishnu_s8TFXS9VVZ.jpg.760x430_q100_crop.jpg,पर्वतबाट विष्णुको भाइरल भिडियो गलत थियो।,0,Pristine,Parvat district,Politics,18/04/2025,ne,https://techpana.com/2025/150365/techpana-fact-check-found-viral-video-of-bishnu-from-parvat-false,टेकपाना फ्याक्टचेक: पर्वतकी विष्णुको नभई भारतको नदीमा बगेकी जाजरकोटकी विन्दुको हो भाइरल भिडिओ
TC_techpana-factcheck-old-photo-viral-on-facebook-pages,https://techpana.prixacdn.net/media/albums/viral-photo-of-boy-selling-harro-techpana-news_z4GkKApSBg.jpg.760x430_q100_crop.jpg,पुरानो तस्बिर हालै फेसबुक पेजमा साझा गरियो,1,Temporal_Mismatch,,Politics,22/04/2025,ne,https://techpana.com/2025/150402/techpana-factcheck-old-photo-viral-on-facebook-pages,टेकपाना फ्याक्टचेक: लाइक-कमेन्टको लोभमा ४ वर्ष पुरानो फोटो भाइरल बनाउँदै ईशा गुरुङसहितका पेज
TC_techpana-factcheck-old-photo-viral-on-facebook-pages,https://techpana.prixacdn.net/media/albums/viral-photo-of-boy-selling-harro-techpana-news_z4GkKApSBg.jpg.760x430_q100_crop.jpg,पुराना तस्बिरहरू हालसालैका तस्बिरहरूका रूपमा साझेदारी गरिँदै छन्।,0,Pristine,,Politics,22/04/2025,ne,https://techpana.com/2025/150402/techpana-factcheck-old-photo-viral-on-facebook-pages,टेकपाना फ्याक्टचेक: लाइक-कमेन्टको लोभमा ४ वर्ष पुरानो फोटो भाइरल बनाउँदै ईशा गुरुङसहितका पेज
TC_techpana-factchek-nagarkot-tiger-sighting-claim-false,https://techpana.prixacdn.net/media/albums/techpana-factcheck-pate-bagh_7UP8hL8RHT.jpg.760x430_q100_crop.jpg,नगरकोटमा बाघ देखियो,1,Fabricated,"Nagarkot, Kathmandu",Politics,28/04/2025,ne,https://techpana.com/2025/150472/techpana-factchek-nagarkot-tiger-sighting-claim-false,"टेकपाना फ्याक्टचेक: नपत्याउनुहोस्, भक्तपुर नगरकोटमा पाटे बाघ भेटिएको छैन"
TC_techpana-factchek-nagarkot-tiger-sighting-claim-false,https://techpana.prixacdn.net/media/albums/techpana-factcheck-pate-bagh_7UP8hL8RHT.jpg.760x430_q100_crop.jpg,नगरकोटमा बाघ देखिएन । दाबी गलत छ।,0,Pristine,"Nagarkot, Kathmandu",Politics,28/04/2025,ne,https://techpana.com/2025/150472/techpana-factchek-nagarkot-tiger-sighting-claim-false,"टेकपाना फ्याक्टचेक: नपत्याउनुहोस्, भक्तपुर नगरकोटमा पाटे बाघ भेटिएको छैन"
TC_techpana-factcheck-thamel-police-assault-video-actually-peru-2014,https://techpana.prixacdn.net/media/albums/viral-video-thamel-prostitution-techpana-news_h79o7mQ8bG.jpg.760x430_q100_crop.jpg,काठमाडौंको ठमेल नाइट क्लबमा प्रहरीले महिलामाथि कुटपिट गरेको छ,1,Geographic_Mismatch,"Thamel, Kathmandu",Politics,19/04/2025,ne,https://techpana.com/2025/150414/techpana-factcheck-thamel-police-assault-video-actually-peru-2014,टेकपाना फ्याक्टचेक: वेश्यावृत्ति फैलाएको भन्दै प्रहरीले कुटेको भिडिओ ठमेलको नभई पेरुको
TC_techpana-factcheck-thamel-police-assault-video-actually-peru-2014,https://techpana.prixacdn.net/media/albums/viral-video-thamel-prostitution-techpana-news_h79o7mQ8bG.jpg.760x430_q100_crop.jpg,"भिडियो २०१४ मा खिचिएको पेरुको हो, ठमेलको होइन ।",0,Pristine,"Thamel, Kathmandu",Politics,19/04/2025,ne,https://techpana.com/2025/150414/techpana-factcheck-thamel-police-assault-video-actually-peru-2014,टेकपाना फ्याक्टचेक: वेश्यावृत्ति फैलाएको भन्दै प्रहरीले कुटेको भिडिओ ठमेलको नभई पेरुको
TC_techpana-factcheck-nepal-times-viral-video-on-oli-found-misleading,https://techpana.prixacdn.net/media/albums/misleading-news-oli-criticism-modi-techpana-news_CvOkeUNA4T.jpg.760x430_q100_crop.jpg,नेपाल टाइम्सले केपी ओलीको भाइरल भिडियो सार्वजनिक गरेको छ,1,Miscaptioned,"KP Sharma Oli, Nepal Times",Politics,30/04/2025,ne,https://techpana.com/2025/150507/techpana-factcheck-nepal-times-viral-video-on-oli-found-misleading,"टेकपाना फ्याक्टचेक: ओलीले ‘मोदीको आलोचना हुँदैन, मेरो किन हुन्छ ?’ भनेका छैनन्, भ्रम फैलाइयो"
TC_techpana-factcheck-nepal-times-viral-video-on-oli-found-misleading,https://techpana.prixacdn.net/media/albums/misleading-news-oli-criticism-modi-techpana-news_CvOkeUNA4T.jpg.760x430_q100_crop.jpg,"नेपाल टाइम्सले प्रधानमन्त्री केपी शर्मा ओलीले “मोदीको आलोचना हुँ‍दैन, मेरो किन हुन्छ ?” भनेर प्रश्न गरेका हुन् भन्ने दाबीसहित भिडिओ सामग्री प्रस्तुत गर्‍यो । तर उपलब्ध प्रमाणहरूले ओलीले आफ्ना कुनै पनि सम्बोधनमा यस्तो भनाइ गरेका छैनन् भन्ने पुष्टि गर्छ । नेपाल टाइम्सले प्रयोग गरेको वाक्य न त प्रधानमन्त्रीको वास्तविक भाषणमा भेटिन्छ, न त त्यस अर्थमा कुनै अभिव्यक्ति दिएका छन् । बरु, ओलीले भारतका प्रधानमन्त्री नरेन्द्र मोदीसँग सकारात्मक वार्ता भएको उल्लेख गर्दै छिमेकी देशहरू सरकारप्रति सकारात्मक रहेको दाबी गरेका छन् । यस्तो पृष्ठभूमिमा नेपाल टाइम्सको शीर्षक र दाबी तथ्यहीन र भ्रामक ठहरिन्छ । यसले दर्शकको ध्यान तान्न बनाइएको गलत शीर्षक र सामग्रीको प्रयोग भएको प्रस्ट हुन्छ ।",0,Pristine,"KP Sharma Oli, Nepal Times",Politics,30/04/2025,ne,https://techpana.com/2025/150507/techpana-factcheck-nepal-times-viral-video-on-oli-found-misleading,"टेकपाना फ्याक्टचेक: ओलीले ‘मोदीको आलोचना हुँदैन, मेरो किन हुन्छ ?’ भनेका छैनन्, भ्रम फैलाइयो"
TC_techpana-factcheck-balen-shah-did-not-make-offensive-facebook-post-against-sunita-dangol,https://techpana.prixacdn.net/media/albums/misleading-news-oli-criticism-modi-techpana-news_gbL5hdifna.png.760x430_q100_crop.png,बलेनले सुनिता डंगोलविरुद्ध फेसबुक पोस्ट गरेका थिए,1,Fabricated,"Balendra Shah, Sunita Dangol, Kathmandu",Politics,02/05/2025,ne,https://techpana.com/2025/150521/techpana-factcheck-balen-shah-did-not-make-offensive-facebook-post-against-sunita-dangol,"टेकपाना फ्याक्टचेकः नझुक्किनुहोस्, बालेनले सुनिता डङ्गोल लक्षित फेसबुक पोस्ट राखेका छैनन्"
TC_techpana-factcheck-balen-shah-did-not-make-offensive-facebook-post-against-sunita-dangol,https://techpana.prixacdn.net/media/albums/misleading-news-oli-criticism-modi-techpana-news_gbL5hdifna.png.760x430_q100_crop.png,त्यस्तो पोस्ट गरिएको छैन। स्क्रिनसट डिजिटल रूपमा हेरफेर गरिएको थियो।,0,Pristine,"Balendra Shah, Sunita Dangol, Kathmandu",Politics,02/05/2025,ne,https://techpana.com/2025/150521/techpana-factcheck-balen-shah-did-not-make-offensive-facebook-post-against-sunita-dangol,"टेकपाना फ्याक्टचेकः नझुक्किनुहोस्, बालेनले सुनिता डङ्गोल लक्षित फेसबुक पोस्ट राखेका छैनन्"
TC_techpana-factcheck-congress-sahamahamantri-son-accused-of-stealing-liquor-from-bhatbhateni-false-viral-photo,https://techpana.prixacdn.net/media/albums/sahamahamantri-son-fact-check-techpana-news_opfk4bp0y7.jpg.760x430_q100_crop.jpg,भाटभटेनीबाट कांग्रेस उपमहासचिवका छोराले मदिरा चोरेका छन्,1,Fabricated,"Nepali Congress, BhatBhateni",Politics,05/05/2025,ne,https://techpana.com/2025/150569/techpana-factcheck-congress-sahamahamantri-son-accused-of-stealing-liquor-from-bhatbhateni-false-viral-photo,फ्याक्टचेकः कांग्रेस सहमहामन्त्रीको छोराले भाटभटेनीबाट रक्सी चोरेको भन्दै अरूकै फोटो भाइरल
TC_techpana-factcheck-congress-sahamahamantri-son-accused-of-stealing-liquor-from-bhatbhateni-false-viral-photo,https://techpana.prixacdn.net/media/albums/sahamahamantri-son-fact-check-techpana-news_opfk4bp0y7.jpg.760x430_q100_crop.jpg,कांग्रेस नेताका छोराले मदिरा चोरेको भाइरल फोटो झुटो,0,Pristine,"Nepali Congress, BhatBhateni",Politics,05/05/2025,ne,https://techpana.com/2025/150569/techpana-factcheck-congress-sahamahamantri-son-accused-of-stealing-liquor-from-bhatbhateni-false-viral-photo,फ्याक्टचेकः कांग्रेस सहमहामन्त्रीको छोराले भाटभटेनीबाट रक्सी चोरेको भन्दै अरूकै फोटो भाइरल
TC_techpana-factcheck-former-tourism-minister-prem-ale-words-in-parliament,https://techpana.prixacdn.net/media/albums/prem-ale-techpana-news_1_dUxzgMnZXV.jpg.760x430_q100_crop.jpg,पूर्व पर्यटनमन्त्री प्रेम आलेले संसदमा विवादास्पद अभिव्यक्ति दिएका छन्,1,Miscaptioned,"Prem Ale, Parliament, Nepal",Politics,07/05/2025,ne,https://techpana.com/2025/150576/techpana-factcheck-former-tourism-minister-prem-ale-words-in-parliament,फ्याक्टचेकः के संसद्‌मै पूर्व पर्यटन मन्त्री आलेले अश्लील शब्द बोलेका हुन् ?
TC_techpana-factcheck-former-tourism-minister-prem-ale-words-in-parliament,https://techpana.prixacdn.net/media/albums/prem-ale-techpana-news_1_dUxzgMnZXV.jpg.760x430_q100_crop.jpg,संसदमा बोलेका शब्दहरूलाई प्रसंगभन्दा बाहिर निकालियो।,0,Pristine,"Prem Ale, Parliament, Nepal",Politics,07/05/2025,ne,https://techpana.com/2025/150576/techpana-factcheck-former-tourism-minister-prem-ale-words-in-parliament,फ्याक्टचेकः के संसद्‌मै पूर्व पर्यटन मन्त्री आलेले अश्लील शब्द बोलेका हुन् ?
TC_jhapali-people-did-not-plant-bananas-on-road-viral-video-is-deepfake,https://techpana.prixacdn.net/media/albums/jhapa-deepfake-techpana-news_eUXuK75cBB.jpg.760x430_q100_crop.jpg,झापावासीले सडकमा केराको रुख लगाएका छन्,1,Fabricated,Jhapa,Politics,09/05/2025,ne,https://techpana.com/2025/150599/jhapali-people-did-not-plant-bananas-on-road-viral-video-is-deepfake,"फ्याक्टचेक: बाटो बिग्रेको विरोधमा झापाली जनताले सडकमा केरा रोपेका होइनन्, भाइरल भिडिओ डिपफेक हो"
TC_jhapali-people-did-not-plant-bananas-on-road-viral-video-is-deepfake,https://techpana.prixacdn.net/media/albums/jhapa-deepfake-techpana-news_eUXuK75cBB.jpg.760x430_q100_crop.jpg,भिडियो एक गहिरो फेक हो। घटना हुन सकेको छैन ।,0,Pristine,Jhapa,Politics,09/05/2025,ne,https://techpana.com/2025/150599/jhapali-people-did-not-plant-bananas-on-road-viral-video-is-deepfake,"फ्याक्टचेक: बाटो बिग्रेको विरोधमा झापाली जनताले सडकमा केरा रोपेका होइनन्, भाइरल भिडिओ डिपफेक हो"
TC_techpana-factcheck-misleading-claims-about-youtube-getting-online-media-recognition-in-nepal,https://techpana.prixacdn.net/media/albums/techpana-factcheck_LUIQlPkpGK.jpeg.760x430_q100_crop.jpg,YouTube ले नेपालमा आधिकारिक अनलाइन मिडियाको मान्यता पाएको छ,1,Miscaptioned,"YouTube, Nepal",Politics,12/05/2025,ne,https://techpana.com/2025/150614/techpana-factcheck-misleading-claims-about-youtube-getting-online-media-recognition-in-nepal,युट्युबले अनलाइन सञ्चार माध्यमको मान्यता पाउने दाबी सहितका समाचार भ्रामक
TC_techpana-factcheck-misleading-claims-about-youtube-getting-online-media-recognition-in-nepal,https://techpana.prixacdn.net/media/albums/techpana-factcheck_LUIQlPkpGK.jpeg.760x430_q100_crop.jpg,युट्युबले नेपालमा मिडियाको मान्यता पाएको दाबी भ्रामक छ।,0,Pristine,"YouTube, Nepal",Politics,12/05/2025,ne,https://techpana.com/2025/150614/techpana-factcheck-misleading-claims-about-youtube-getting-online-media-recognition-in-nepal,युट्युबले अनलाइन सञ्चार माध्यमको मान्यता पाउने दाबी सहितका समाचार भ्रामक
TC_fact-check-nepal-all-students-detained-for-exam-not-arrested-in-bhatbhateni-looting,https://techpana.prixacdn.net/media/albums/bhatbhateni-looting-fact-check-nepal_WMljLUykMQ.jpg.760x430_q100_crop.jpg,भाटभटेनी लुटपाटमा संलग्न विद्यार्थी पक्राउ,1,Miscaptioned,"BhatBhateni, Nepal",Politics,14/05/2025,ne,https://techpana.com/2025/150681/fact-check-nepal-all-students-detained-for-exam-not-arrested-in-bhatbhateni-looting,फ्याक्टचेकः हिरासतबाट जाँच दिने ६ जना विद्यार्थी नै भाटभटेनी लुटपाटमा पक्राउ परेको सत्य होइन
TC_fact-check-nepal-all-students-detained-for-exam-not-arrested-in-bhatbhateni-looting,https://techpana.prixacdn.net/media/albums/bhatbhateni-looting-fact-check-nepal_WMljLUykMQ.jpg.760x430_q100_crop.jpg,भाटभटेनी लुटपाट नभएर परीक्षाको कारणले विद्यार्थीलाई हिरासतमा लिइएको हो ।,0,Pristine,"BhatBhateni, Nepal",Politics,14/05/2025,ne,https://techpana.com/2025/150681/fact-check-nepal-all-students-detained-for-exam-not-arrested-in-bhatbhateni-looting,फ्याक्टचेकः हिरासतबाट जाँच दिने ६ जना विद्यार्थी नै भाटभटेनी लुटपाटमा पक्राउ परेको सत्य होइन
TC_techpana-factcheck-nepal-ai-generated-photo-claims-worlds-tallest-turban,https://techpana.prixacdn.net/media/albums/largest-turban-record-Fact-Check-techpana_1_kn7E2fYVxf.jpg.760x430_q100_crop.jpg,विश्वकै अग्लो पगडी लगाएका नेपालीले AI फोटो,1,Fabricated,Nepal,Politics,16/05/2025,ne,https://techpana.com/2025/150663/techpana-factcheck-nepal-ai-generated-photo-claims-worlds-tallest-turban,फ्याक्टचेकः विश्वकै अग्लो पगडी लगाउने व्यक्ति भन्दै नेपाली पेजले फैलाए एआईले बनाएको फोटो
TC_techpana-factcheck-nepal-ai-generated-photo-claims-worlds-tallest-turban,https://techpana.prixacdn.net/media/albums/largest-turban-record-Fact-Check-techpana_1_kn7E2fYVxf.jpg.760x430_q100_crop.jpg,फोटो AI-उत्पन्न हो। यस्तो विश्व रेकर्ड छैन।,0,Pristine,Nepal,Politics,16/05/2025,ne,https://techpana.com/2025/150663/techpana-factcheck-nepal-ai-generated-photo-claims-worlds-tallest-turban,फ्याक्टचेकः विश्वकै अग्लो पगडी लगाउने व्यक्ति भन्दै नेपाली पेजले फैलाए एआईले बनाएको फोटो
TC_false-video-about-balen-goes-viral,https://techpana.prixacdn.net/media/albums/Misleading_D81aIvtWFF.jpg.760x430_q100_crop.jpg,बलेन शाहको झुटो भिडियो भाइरल,1,Fabricated,Balendra Shah,Politics,20/05/2025,ne,https://techpana.com/2025/150727/false-video-about-balen-goes-viral,बालेनको घरमा बम भेटियो भन्दै भ्रामक भिडिओ भाइरल
TC_false-video-about-balen-goes-viral,https://techpana.prixacdn.net/media/albums/Misleading_D81aIvtWFF.jpg.760x430_q100_crop.jpg,बलेन शाहको झुटो भिडियोलाई झुटो भनेर खण्डन गरियो।,0,Pristine,Balendra Shah,Politics,20/05/2025,ne,https://techpana.com/2025/150727/false-video-about-balen-goes-viral,बालेनको घरमा बम भेटियो भन्दै भ्रामक भिडिओ भाइरल
TC_ai-generated-image-claiming-to-show-prachanda-falling-in-toilet-goes-viral,https://techpana.prixacdn.net/media/albums/prachanda-bathroom-techpana-news_LSrPfPbfek.jpg.760x430_q100_crop.jpg,शौचालयमा खसेको प्रचण्डको एआई तस्वीर,1,Fabricated,"Pushpa Kamal Dahal, CPN Maoist",Politics,25/05/2025,ne,https://techpana.com/2025/150801/ai-generated-image-claiming-to-show-prachanda-falling-in-toilet-goes-viral,फ्याक्टचेक: प्रचण्ड ट्वाइलेटमा लडेको फोटो सार्वजनिक भन्दै च्याटजीपीटीले बनाएको तस्बिर भाइरल
TC_ai-generated-image-claiming-to-show-prachanda-falling-in-toilet-goes-viral,https://techpana.prixacdn.net/media/albums/prachanda-bathroom-techpana-news_LSrPfPbfek.jpg.760x430_q100_crop.jpg,छवि AI-उत्पन्न गरिएको थियो। प्रचण्ड कुनै पनि शौचालयमा खसेका छैनन् ।,0,Pristine,"Pushpa Kamal Dahal, CPN Maoist",Politics,25/05/2025,ne,https://techpana.com/2025/150801/ai-generated-image-claiming-to-show-prachanda-falling-in-toilet-goes-viral,फ्याक्टचेक: प्रचण्ड ट्वाइलेटमा लडेको फोटो सार्वजनिक भन्दै च्याटजीपीटीले बनाएको तस्बिर भाइरल
TC_techpana-fact-check-neither-nepal-government-nor-whatsapp-records-calls,https://techpana.prixacdn.net/media/albums/Misleading_2_JRUxVxLlG1.jpg.760x430_q100_crop.jpg,नेपाल सरकार र व्हाट्सएप कल रेकर्ड,1,Fabricated,"Nepal Government, WhatsApp",Politics,01/06/2025,ne,https://techpana.com/2025/150850/techpana-fact-check-neither-nepal-government-nor-whatsapp-records-calls,"फ्याक्टचेक: नझुक्किनुहोस् ! नेपाल सरकारले मात्रै होइन, ह्वाट्सएप आफैंले पनि कल रेकर्ड गर्दैन"
TC_techpana-fact-check-neither-nepal-government-nor-whatsapp-records-calls,https://techpana.prixacdn.net/media/albums/Misleading_2_JRUxVxLlG1.jpg.760x430_q100_crop.jpg,नेपाल सरकार वा व्हाट्सएपले कल रेकर्ड गर्दैन। व्हाट्सएप एन्ड-टु-इन्ड इन्क्रिप्टेड छ।,0,Pristine,"Nepal Government, WhatsApp",Politics,01/06/2025,ne,https://techpana.com/2025/150850/techpana-fact-check-neither-nepal-government-nor-whatsapp-records-calls,"फ्याक्टचेक: नझुक्किनुहोस् ! नेपाल सरकारले मात्रै होइन, ह्वाट्सएप आफैंले पनि कल रेकर्ड गर्दैन"
TC_techpana-fact-check-ai-generated-video-of-bungee-accident-in-parbat-goes-viral,https://techpana.prixacdn.net/media/albums/misleading-the-cliff-techpana-news_ANX8yne8b7.png.760x430_q100_crop.png,पर्वत नेपालमा बन्जी जम्पिङ दुर्घटनाको भिडियो,1,Fabricated,Parbat district,Politics,08/06/2025,ne,https://techpana.com/2025/150942/techpana-fact-check-ai-generated-video-of-bungee-accident-in-parbat-goes-viral,फ्याक्टचेक: पर्वतमा बन्जी दुर्घटना भयो भन्दै भाइरल भइरहेको भिडिओ एआई-निर्मित
TC_techpana-fact-check-ai-generated-video-of-bungee-accident-in-parbat-goes-viral,https://techpana.prixacdn.net/media/albums/misleading-the-cliff-techpana-news_ANX8yne8b7.png.760x430_q100_crop.png,भिडियो AI द्वारा निर्मित छ। पर्वतमा बन्जी दुर्घटना भएको छैन ।,0,Pristine,Parbat district,Politics,08/06/2025,ne,https://techpana.com/2025/150942/techpana-fact-check-ai-generated-video-of-bungee-accident-in-parbat-goes-viral,फ्याक्टचेक: पर्वतमा बन्जी दुर्घटना भयो भन्दै भाइरल भइरहेको भिडिओ एआई-निर्मित
TC_techpana-factcheck-claim-that-4-year-old-girl-dies-after-ai-conversation-is-false,https://techpana.prixacdn.net/media/albums/false-information-shared-neb-results-and-news_oMdUqDwLB7.jpg.760x430_q100_crop.jpg,एआईसँग कुरा गरेपछि ४ वर्षीया बालिकाको मृत्यु भयो,1,Fabricated,,Politics,15/06/2025,ne,https://techpana.com/2025/150981/techpana-factcheck-claim-that-4-year-old-girl-dies-after-ai-conversation-is-false,टेकपाना फ्याक्टचेकः एआईसँगको कुराकानीपछि ४ वर्षीया बालिकाले आत्महत्या गरेको दाबी झुटो
TC_techpana-factcheck-claim-that-4-year-old-girl-dies-after-ai-conversation-is-false,https://techpana.prixacdn.net/media/albums/false-information-shared-neb-results-and-news_oMdUqDwLB7.jpg.760x430_q100_crop.jpg,दाबी पूर्णतया गलत छ।,0,Pristine,,Politics,15/06/2025,ne,https://techpana.com/2025/150981/techpana-factcheck-claim-that-4-year-old-girl-dies-after-ai-conversation-is-false,टेकपाना फ्याक्टचेकः एआईसँगको कुराकानीपछि ४ वर्षीया बालिकाले आत्महत्या गरेको दाबी झुटो
TC_balen-mayor-viral-toilet-logo-photo-of-oli-and-rana-is-fake,https://techpana.prixacdn.net/media/albums/balen-public-toilet-techpana-news_vN0V1C8J9V.jpg.760x430_q100_crop.jpg,बालेन शौचालयको लोगोमा केपी ओली र राणाको फोटो नक्कली !,1,Fabricated,"Balendra Shah, KP Sharma Oli, Rana, Kathmandu",Politics,20/06/2025,ne,https://techpana.com/2025/151109/balen-mayor-viral-toilet-logo-photo-of-oli-and-rana-is-fake,टेकपाना फ्याक्टचेकः मेयर बालेनले शौचालयको लोगोमा प्रम ओली र मन्त्री राणाको फोटो राखेको भन्दै भाइरल फोटो फेक
TC_balen-mayor-viral-toilet-logo-photo-of-oli-and-rana-is-fake,https://techpana.prixacdn.net/media/albums/balen-public-toilet-techpana-news_vN0V1C8J9V.jpg.760x430_q100_crop.jpg,बालेनसँग जोडिएको शौचालयको लोगोमा ओली र राणाको फोटो नक्कली,0,Pristine,"Balendra Shah, KP Sharma Oli, Rana, Kathmandu",Politics,20/06/2025,ne,https://techpana.com/2025/151109/balen-mayor-viral-toilet-logo-photo-of-oli-and-rana-is-fake,टेकपाना फ्याक्टचेकः मेयर बालेनले शौचालयको लोगोमा प्रम ओली र मन्त्री राणाको फोटो राखेको भन्दै भाइरल फोटो फेक
TC_factcheck-of-bamboo-tower-of-nepal-telecom,https://techpana.prixacdn.net/media/albums/NT_tower_fact-check_dGP6QtBLeI.jpg.760x430_q100_crop.jpg,नेपाल टेलिकमको बाँस टावरको दाबी भ्रामक,1,Miscaptioned,Nepal Telecom,Politics,25/06/2025,ne,https://techpana.com/2025/151147/factcheck-of-bamboo-tower-of-nepal-telecom,टेकपाना फ्याक्टचेक: नझुक्किनुस् ! बैतडीमा नेपाल टेलिकमले बाँसको टावर बनाएको कुरा साँचो होइन
TC_factcheck-of-bamboo-tower-of-nepal-telecom,https://techpana.prixacdn.net/media/albums/NT_tower_fact-check_dGP6QtBLeI.jpg.760x430_q100_crop.jpg,नेपाल टेलिकमको बाँस टावरको दाबी भ्रामक थियो ।,0,Pristine,Nepal Telecom,Politics,25/06/2025,ne,https://techpana.com/2025/151147/factcheck-of-bamboo-tower-of-nepal-telecom,टेकपाना फ्याक्टचेक: नझुक्किनुस् ! बैतडीमा नेपाल टेलिकमले बाँसको टावर बनाएको कुरा साँचो होइन
TC_techpana-factcheck-misleading-video-police-stone-pro-monarchy-protest,https://techpana.prixacdn.net/media/albums/misinformation-protest-techpana-news_9BzFZ8Qhbk.jpg.760x430_q100_crop.jpg,प्रहरीले राजतन्त्र समर्थक प्रदर्शनकारीमाथि ढुङ्गा हानेको दाबी गरेको भिडियो,1,Miscaptioned,Nepal Police,Politics,02/07/2025,ne,https://techpana.com/2025/151170/techpana-factcheck-misleading-video-police-stone-pro-monarchy-protest,फ्याक्टचेकः आन्दोलनकारीलाई प्रहार गर्न प्रहरीले ढुङ्गा जम्मा गरेको भन्दै फैलिएको भिडिओ भ्रामक
TC_techpana-factcheck-misleading-video-police-stone-pro-monarchy-protest,https://techpana.prixacdn.net/media/albums/misinformation-protest-techpana-news_9BzFZ8Qhbk.jpg.760x430_q100_crop.jpg,विरोध प्रदर्शनका क्रममा प्रहरीले गरेको कारबाहीबारे भिडियो भ्रामक थियो।,0,Pristine,Nepal Police,Politics,02/07/2025,ne,https://techpana.com/2025/151170/techpana-factcheck-misleading-video-police-stone-pro-monarchy-protest,फ्याक्टचेकः आन्दोलनकारीलाई प्रहार गर्न प्रहरीले ढुङ्गा जम्मा गरेको भन्दै फैलिएको भिडिओ भ्रामक
TC_misleading-qatar-death-penalty-video-viral-in-nepal,https://techpana.prixacdn.net/media/albums/misinformation-qatar-techpana-news_lqai0QddXw.jpg.760x430_q100_crop.jpg,कतारको मृत्युदण्डको भिडियो नेपालको सन्दर्भमा सेयर गरिएको छ,1,Geographic_Mismatch,"Qatar, Nepal",Politics,08/07/2025,ne,https://techpana.com/2025/151229/misleading-qatar-death-penalty-video-viral-in-nepal,टेकपाना फ्याक्टचेकः कतारमा यसरी मृ*त्युदण्द दिइन्छ भन्दै नेपालमा अपुष्ट भिडिओ भाइरल
TC_misleading-qatar-death-penalty-video-viral-in-nepal,https://techpana.prixacdn.net/media/albums/misinformation-qatar-techpana-news_lqai0QddXw.jpg.760x430_q100_crop.jpg,नेपालको सन्दर्भलाई भ्रामक बनाएर सेयर गरिएको भिडियो कतारको हो ।,0,Pristine,"Qatar, Nepal",Politics,08/07/2025,ne,https://techpana.com/2025/151229/misleading-qatar-death-penalty-video-viral-in-nepal,टेकपाना फ्याक्टचेकः कतारमा यसरी मृ*त्युदण्द दिइन्छ भन्दै नेपालमा अपुष्ट भिडिओ भाइरल
TC_techpana-factcheck-no-posts-from-balen-supporting-hrideyandra,https://techpana.prixacdn.net/media/albums/balen-shah-false-news-techpana-news_iiaa6Pmcgv.jpg.760x430_q100_crop.jpg,बलेनले हृदयेन्द्रको समर्थनमा पोस्ट गरे,1,Fabricated,"Balendra Shah, Hridayendra",Politics,12/07/2025,ne,https://techpana.com/2025/151289/techpana-factcheck-no-posts-from-balen-supporting-hrideyandra,"फ्याक्टचेकः नझुक्किनुहोस्, बालेनले पूर्वराजा ज्ञानेन्द्र शाहका नाति हृदयन्द्रलाई समर्थन गर्ने पोस्ट गरेका छैनन्"
TC_techpana-factcheck-no-posts-from-balen-supporting-hrideyandra,https://techpana.prixacdn.net/media/albums/balen-shah-false-news-techpana-news_iiaa6Pmcgv.jpg.760x430_q100_crop.jpg,बलेनले हृदयेन्द्रलाई समर्थन गर्दै कुनै पनि पोस्ट गरेनन्।,0,Pristine,"Balendra Shah, Hridayendra",Politics,12/07/2025,ne,https://techpana.com/2025/151289/techpana-factcheck-no-posts-from-balen-supporting-hrideyandra,"फ्याक्टचेकः नझुक्किनुहोस्, बालेनले पूर्वराजा ज्ञानेन्द्र शाहका नाति हृदयन्द्रलाई समर्थन गर्ने पोस्ट गरेका छैनन्"
TC_techpana-nepal-factcheck-mango-cucumber-death-claim-false,https://techpana.prixacdn.net/media/albums/False_zqBF4beAbp.jpg.760x430_q100_crop.jpg,आँप र काँक्रो सँगै खाँदा मृत्यु हुन्छ,1,Fabricated,,Politics,18/07/2025,ne,https://techpana.com/2025/151343/techpana-nepal-factcheck-mango-cucumber-death-claim-false,टेकपाना फ्याक्टचेक: आँप खाएपछि काँक्रो खाँदा मृत्युको मुखमा पुगिने दाबी झुटो हो
TC_techpana-nepal-factcheck-mango-cucumber-death-claim-false,https://techpana.prixacdn.net/media/albums/False_zqBF4beAbp.jpg.760x430_q100_crop.jpg,दावीको कुनै वैज्ञानिक आधार छैन र गलत छ।,0,Pristine,,Politics,18/07/2025,ne,https://techpana.com/2025/151343/techpana-nepal-factcheck-mango-cucumber-death-claim-false,टेकपाना फ्याक्टचेक: आँप खाएपछि काँक्रो खाँदा मृत्युको मुखमा पुगिने दाबी झुटो हो
TC_techpana-fact-check-nepali-elderly-woman-in-australia-goes-viral-after-mistaking-ai-video-for-real-vlog,https://techpana.prixacdn.net/media/albums/nepali-mid-age-women-in-australia-techpana-news_vN6J8uE1LI.png.760x430_q100_crop.png,अस्ट्रेलियामा नेपाली वृद्ध महिलाको एआई भिडियोलाई वास्तविक भ्लग भनेर गल्ती गरियो,1,Fabricated,"Australia, Nepal",Politics,25/07/2025,ne,https://techpana.com/2025/151490/techpana-fact-check-nepali-elderly-woman-in-australia-goes-viral-after-mistaking-ai-video-for-real-vlog,फ्याक्टचेकः अस्ट्रेलिया पुगेकी नेपाली वृद्धाले साँच्चिकै भ्लग बनाएको ठानेर झुक्किएपछि एआई भिडिओ भाइरल
TC_techpana-fact-check-nepali-elderly-woman-in-australia-goes-viral-after-mistaking-ai-video-for-real-vlog,https://techpana.prixacdn.net/media/albums/nepali-mid-age-women-in-australia-techpana-news_vN6J8uE1LI.png.760x430_q100_crop.png,भिडियो वास्तविक भ्लग होइन AI-उत्पन्न गरिएको थियो।,0,Pristine,"Australia, Nepal",Politics,25/07/2025,ne,https://techpana.com/2025/151490/techpana-fact-check-nepali-elderly-woman-in-australia-goes-viral-after-mistaking-ai-video-for-real-vlog,फ्याक्टचेकः अस्ट्रेलिया पुगेकी नेपाली वृद्धाले साँच्चिकै भ्लग बनाएको ठानेर झुक्किएपछि एआई भिडिओ भाइरल
TC_fake-death-news-of-cancer-patient-apsara-ama-spread-on-tiktok,https://techpana.prixacdn.net/media/albums/laxmi-shrestha-fact-check-techpana-news_NlHKr5SbLq.jpg.760x430_q100_crop.jpg,क्यान्सरबाट पीडित अप्सरा आमाको मृत्युको खबर झुटो भयो,1,Fabricated,Apsara Ama,Politics,28/07/2025,ne,https://techpana.com/2025/151497/fake-death-news-of-cancer-patient-apsara-ama-spread-on-tiktok,फ्याक्टचेकः क्यान्सर पीडित मेरी बास्सैकी ‘अप्सरा आमा’को निधन भन्दै झुटो खबर फैलाउँदै टिकटकका अकाउन्ट
TC_fake-death-news-of-cancer-patient-apsara-ama-spread-on-tiktok,https://techpana.prixacdn.net/media/albums/laxmi-shrestha-fact-check-techpana-news_NlHKr5SbLq.jpg.760x430_q100_crop.jpg,TikTok मा अप्सरा आमाको मृत्युको खबर झुटो थियो।,0,Pristine,Apsara Ama,Politics,28/07/2025,ne,https://techpana.com/2025/151497/fake-death-news-of-cancer-patient-apsara-ama-spread-on-tiktok,फ्याक्टचेकः क्यान्सर पीडित मेरी बास्सैकी ‘अप्सरा आमा’को निधन भन्दै झुटो खबर फैलाउँदै टिकटकका अकाउन्ट
TC_nepal-fact-check-viral-video-of-bus-falling-into-trishuli-made-by-ai,https://techpana.prixacdn.net/media/albums/Trisuli_accident_Finale_TZB3X6m1OP.jpg.760x430_q100_crop.jpg,त्रिशूली नदीमा बस खसेको भिडियो एआईले बनाएको थियो,1,Fabricated,"Trishuli River, Nepal",Politics,02/08/2025,ne,https://techpana.com/2025/151735/nepal-fact-check-viral-video-of-bus-falling-into-trishuli-made-by-ai,फ्याक्टचेकः त्रिशूलीमा यात्रुसहितको बस खसेको भन्दै भाइरल भिडिओ एआई निर्मित
TC_nepal-fact-check-viral-video-of-bus-falling-into-trishuli-made-by-ai,https://techpana.prixacdn.net/media/albums/Trisuli_accident_Finale_TZB3X6m1OP.jpg.760x430_q100_crop.jpg,त्रिशूलीमा बस खसेको भिडियो एआईले बनाएको थियो ।,0,Pristine,"Trishuli River, Nepal",Politics,02/08/2025,ne,https://techpana.com/2025/151735/nepal-fact-check-viral-video-of-bus-falling-into-trishuli-made-by-ai,फ्याक्टचेकः त्रिशूलीमा यात्रुसहितको बस खसेको भन्दै भाइरल भिडिओ एआई निर्मित
TC_fact-check-9-month-old-edited-video-of-pm-kp-oli-english-speech-goes-viral,https://techpana.prixacdn.net/media/albums/factcheck-pm-oli-speech-techpana-news_P22WVLgle6.jpg.760x430_q100_crop.jpg,प्रधानमन्त्री केपी ओलीले अंग्रेजी बोलेको ९ महिना पुरानो सम्पादन गरिएको भिडियो भाइरल भएको छ,1,Temporal_Mismatch,"KP Sharma Oli, CPN-UML",Politics,06/08/2025,ne,https://techpana.com/2025/151668/fact-check-9-month-old-edited-video-of-pm-kp-oli-english-speech-goes-viral,फ्याक्टचेकः प्रम ओलीले अङ्ग्रेजीमा दमदार भाषण दिएको भन्दै ९ महिना पुरानो भिडिओ एडिट गरेर भाइरल
TC_fact-check-9-month-old-edited-video-of-pm-kp-oli-english-speech-goes-viral,https://techpana.prixacdn.net/media/albums/factcheck-pm-oli-speech-techpana-news_P22WVLgle6.jpg.760x430_q100_crop.jpg,9-महिना पुरानो सम्पादन गरिएको भिडियो हालैको रूपमा प्रसारित भइरहेको छ।,0,Pristine,"KP Sharma Oli, CPN-UML",Politics,06/08/2025,ne,https://techpana.com/2025/151668/fact-check-9-month-old-edited-video-of-pm-kp-oli-english-speech-goes-viral,फ्याक्टचेकः प्रम ओलीले अङ्ग्रेजीमा दमदार भाषण दिएको भन्दै ९ महिना पुरानो भिडिओ एडिट गरेर भाइरल
TC_nepal-fact-check-bridge-started-5-years-ago-falsely-claimed-completed-in-5-months,https://techpana.prixacdn.net/media/albums/Misleading-online-khabar-bridge-techpana-news_vJv0ODY7bS.jpg.760x430_q100_crop.jpg,५ वर्षअघि सुरु भएको पुल ५ महिनामा पनि बन्न सकेन,1,Temporal_Mismatch,Nepal,Politics,10/08/2025,ne,https://techpana.com/2025/151696/nepal-fact-check-bridge-started-5-years-ago-falsely-claimed-completed-in-5-months,फ्याक्टचेकः ५ वर्षअघि सुरु भएको पुल ५ महिनामै बनेको भन्दै अनलाइनखबर लगायतले फैलाए भ्रामक खबर
TC_nepal-fact-check-bridge-started-5-years-ago-falsely-claimed-completed-in-5-months,https://techpana.prixacdn.net/media/albums/Misleading-online-khabar-bridge-techpana-news_vJv0ODY7bS.jpg.760x430_q100_crop.jpg,५ वर्षअघि सुरु भएको पुल ५ महिनामा निर्माण हुन सकेन ।,0,Pristine,Nepal,Politics,10/08/2025,ne,https://techpana.com/2025/151696/nepal-fact-check-bridge-started-5-years-ago-falsely-claimed-completed-in-5-months,फ्याक्टचेकः ५ वर्षअघि सुरु भएको पुल ५ महिनामै बनेको भन्दै अनलाइनखबर लगायतले फैलाए भ्रामक खबर
TC_techpana-factcheck-world-leaders-did-not-sign-for-rabi-lamichhane,https://techpana.prixacdn.net/media/albums/rabi-lamichhane-prachanda-false_information-techpana-news_6WOZmlpBNR.jpg.760x430_q100_crop.jpg,रवि लामिछानेको निवेदनमा विश्व नेताहरुले हस्ताक्षर गरेनन्,1,Fabricated,"Rabi Lamichhane, RSP",Politics,15/08/2025,ne,https://techpana.com/2025/151803/techpana-factcheck-world-leaders-did-not-sign-for-rabi-lamichhane,"फ्याक्टचेक: नपत्याउनुस् ! प्रचण्ड, मोदी, ट्रम्प कसैले पनि रविको पक्षमा हस्ताक्षर गरेका छैनन्"
TC_techpana-factcheck-world-leaders-did-not-sign-for-rabi-lamichhane,https://techpana.prixacdn.net/media/albums/rabi-lamichhane-prachanda-false_information-techpana-news_6WOZmlpBNR.jpg.760x430_q100_crop.jpg,रवि लामिछानेको निवेदनमा विश्वका कुनै पनि नेताले हस्ताक्षर गरेका छैनन् ।,0,Pristine,"Rabi Lamichhane, RSP",Politics,15/08/2025,ne,https://techpana.com/2025/151803/techpana-factcheck-world-leaders-did-not-sign-for-rabi-lamichhane,"फ्याक्टचेक: नपत्याउनुस् ! प्रचण्ड, मोदी, ट्रम्प कसैले पनि रविको पक्षमा हस्ताक्षर गरेका छैनन्"
TC_techpana-fact-check-edited-video-claims-sunita-dangol-apologized-to-balen-goes-viral,https://techpana.prixacdn.net/media/albums/sunita-dangol-misleading-techpana-news_Mdg5vdFNHY.jpg.760x430_q100_crop.jpg,सुनिता डंगोलले बलेनसँग माफी मागेको दाबी सम्पादन गरिएको भिडियोमा झुटो छ,1,Miscaptioned,"Sunita Dangol, Balendra Shah, Kathmandu",Politics,15/07/2025,ne,https://techpana.com/2025/151870/techpana-fact-check-edited-video-claims-sunita-dangol-apologized-to-balen-goes-viral,फ्याक्टचेकः सुनिता डङ्गोलले बालेनसँग माफी मागेको भन्दै एडिटेड भिडिओ भाइरल
TC_techpana-fact-check-edited-video-claims-sunita-dangol-apologized-to-balen-goes-viral,https://techpana.prixacdn.net/media/albums/sunita-dangol-misleading-techpana-news_Mdg5vdFNHY.jpg.760x430_q100_crop.jpg,डंगोलले बालेनसँग होइन जनतासँग माफी मागेका छन् । झूटा कथा सिर्जना गर्न धेरै क्लिपहरू सिलाई।,0,Pristine,"Sunita Dangol, Balendra Shah, Kathmandu",Politics,15/07/2025,ne,https://techpana.com/2025/151870/techpana-fact-check-edited-video-claims-sunita-dangol-apologized-to-balen-goes-viral,फ्याक्टचेकः सुनिता डङ्गोलले बालेनसँग माफी मागेको भन्दै एडिटेड भिडिओ भाइरल
TC_techpana-factcheck-gyanendra-shahi-e-commerce-claim-misleading,https://techpana.prixacdn.net/media/albums/gyanendra-shahi-misleading-techpana-news_evksy84RPs.jpg.760x430_q100_crop.jpg,ज्ञानेन्द्र शाहीले इ–कमर्स व्यवसाय भ्रामक दाबी गरेका छन्,1,Miscaptioned,Gyanendra Shahi,Politics,20/07/2025,ne,https://techpana.com/2025/151935/techpana-factcheck-gyanendra-shahi-e-commerce-claim-misleading,फ्याक्टचेकः नेपालमा पहिलो ईकमर्स प्लेटफर्म सञ्चालनमा ल्याएको ज्ञानेन्द्र शाहीको दाबी झुटो
TC_techpana-factcheck-gyanendra-shahi-e-commerce-claim-misleading,https://techpana.prixacdn.net/media/albums/gyanendra-shahi-misleading-techpana-news_evksy84RPs.jpg.760x430_q100_crop.jpg,ज्ञानेन्द्र शाहीको ई–कमर्सको दाबी भ्रामक थियो ।,0,Pristine,Gyanendra Shahi,Politics,20/07/2025,ne,https://techpana.com/2025/151935/techpana-factcheck-gyanendra-shahi-e-commerce-claim-misleading,फ्याक्टचेकः नेपालमा पहिलो ईकमर्स प्लेटफर्म सञ्चालनमा ल्याएको ज्ञानेन्द्र शाहीको दाबी झुटो
TC_techpana-factcheck-claim-about-growing-horns-from-excessive-phone-use-is-misleading,https://techpana.prixacdn.net/media/albums/techpana-factcheck_VqdIHpRRO8.jpg.760x430_q100_crop.jpg,अत्याधिक फोनको प्रयोगले टाउको दावीमा सीङ बढ्छ,1,Fabricated,,Politics,22/07/2025,ne,https://techpana.com/2025/151887/techpana-factcheck-claim-about-growing-horns-from-excessive-phone-use-is-misleading,फ्याक्टचेक: मोबाइल धेरै चलाउँदा टाउकोमा सिङ उम्रन सक्ने भन्दै फैलिएको दाबी भ्रामक
TC_techpana-factcheck-claim-about-growing-horns-from-excessive-phone-use-is-misleading,https://techpana.prixacdn.net/media/albums/techpana-factcheck_VqdIHpRRO8.jpg.760x430_q100_crop.jpg,दाबी विश्वसनीय विज्ञान द्वारा समर्थित छैन।,0,Pristine,,Politics,22/07/2025,ne,https://techpana.com/2025/151887/techpana-factcheck-claim-about-growing-horns-from-excessive-phone-use-is-misleading,फ्याक्टचेक: मोबाइल धेरै चलाउँदा टाउकोमा सिङ उम्रन सक्ने भन्दै फैलिएको दाबी भ्रामक
TC_techpana-factcheck-fake-news-of-womans-plastic-surgery,https://techpana.prixacdn.net/media/albums/fact_check_OM0lmb9VrN.jpeg.760x430_q100_crop.jpg,महिलाको प्लास्टिक सर्जरीको झुटो समाचार,1,Fabricated,,Politics,25/07/2025,ne,https://techpana.com/2025/151925/techpana-factcheck-fake-news-of-womans-plastic-surgery,फ्याक्टचेक: प्लास्टिक सर्जरीपछि पूर्वप्रेमीसँग विवाह गरेर ११ करोड लिई युवती भागेको दाबी झुटो
TC_techpana-factcheck-fake-news-of-womans-plastic-surgery,https://techpana.prixacdn.net/media/albums/fact_check_OM0lmb9VrN.jpeg.760x430_q100_crop.jpg,प्लास्टिक सर्जरीको बारेमा झुटा समाचारहरू खारेज गरियो।,0,Pristine,,Politics,25/07/2025,ne,https://techpana.com/2025/151925/techpana-factcheck-fake-news-of-womans-plastic-surgery,फ्याक्टचेक: प्लास्टिक सर्जरीपछि पूर्वप्रेमीसँग विवाह गरेर ११ करोड लिई युवती भागेको दाबी झुटो
TC_techpana-factcheck-viral-post-pregnancy-kit-fathers-face,https://techpana.prixacdn.net/media/albums/techpana-factcheck-pregnancy-kit-rumors_hOhM09vorJ.jpg.760x430_q100_crop.jpg,गर्भावस्था किट दावीमा बुबाको अनुहार देखिन्छ,1,Fabricated,,Politics,02/08/2025,ne,https://techpana.com/2025/152089/techpana-factcheck-viral-post-pregnancy-kit-fathers-face,फ्याक्टचेक: प्रेग्नेन्सी किटले बच्चाको बुबाको अनुहार देखाउने भन्दै नेपालमा फैलिएको दाबी झुटो
TC_techpana-factcheck-viral-post-pregnancy-kit-fathers-face,https://techpana.prixacdn.net/media/albums/techpana-factcheck-pregnancy-kit-rumors_hOhM09vorJ.jpg.760x430_q100_crop.jpg,गर्भावस्था किटमा बुबाको अनुहार देखिन्छ भन्ने दाबी पूर्णतया गलत हो।,0,Pristine,,Politics,02/08/2025,ne,https://techpana.com/2025/152089/techpana-factcheck-viral-post-pregnancy-kit-fathers-face,फ्याक्टचेक: प्रेग्नेन्सी किटले बच्चाको बुबाको अनुहार देखाउने भन्दै नेपालमा फैलिएको दाबी झुटो
TC_techpana-factcheck-nawalparasi-iron-mine-old-news-viral-fake-photo-video,https://techpana.prixacdn.net/media/albums/iron-ore-in-nepal-techpana-factcheck_8zUqsvnIwP.jpg.760x430_q100_crop.jpg,नवलपरासी फलाम खानी बारे पुरानो खबर नक्कली फोटो सहित भाइरल,1,Temporal_Mismatch,"Nawalparasi, Nepal",Politics,05/08/2025,ne,https://techpana.com/2025/152094/techpana-factcheck-nawalparasi-iron-mine-old-news-viral-fake-photo-video,"फ्याक्टचेकः नवलपरासीमा १० करोड टनको फलाम खानी भेटियो भन्दै भाइरल खबर पुरानै, फोटो-भिडिओ फेक"
TC_techpana-factcheck-nawalparasi-iron-mine-old-news-viral-fake-photo-video,https://techpana.prixacdn.net/media/albums/iron-ore-in-nepal-techpana-factcheck_8zUqsvnIwP.jpg.760x430_q100_crop.jpg,फलाम खानी बारे पुरानो समाचार मनगठित फोटो र भिडियो संग भाइरल भइरहेको छ।,0,Pristine,"Nawalparasi, Nepal",Politics,05/08/2025,ne,https://techpana.com/2025/152094/techpana-factcheck-nawalparasi-iron-mine-old-news-viral-fake-photo-video,"फ्याक्टचेकः नवलपरासीमा १० करोड टनको फलाम खानी भेटियो भन्दै भाइरल खबर पुरानै, फोटो-भिडिओ फेक"
TC_techpana-factcheck-minister-raghu-pant-misquoted-on-80-percent-youth-income,https://techpana.prixacdn.net/media/albums/raghuji-panta_AhIGBLgfKt.jpg.760x430_q100_crop.jpg,मन्त्री रघु पन्तले युवाको ८० प्रतिशत आम्दानी भारत जान्छ भन्ने गलत बताए,1,Miscaptioned,"Raghu Pant, Nepal Government",Politics,08/08/2025,ne,https://techpana.com/2025/152097/techpana-factcheck-minister-raghu-pant-misquoted-on-80-percent-youth-income,"फ्याक्टचेकः मन्त्रीले ‘काठमाडौंका ८० प्रतिशत युवाले २ लाख कमाउँछन्’ भनेका छैनन्, भ्रम छरियो"
TC_techpana-factcheck-minister-raghu-pant-misquoted-on-80-percent-youth-income,https://techpana.prixacdn.net/media/albums/raghuji-panta_AhIGBLgfKt.jpg.760x430_q100_crop.jpg,रघु पन्तलाई गलत उद्धृत गरियो। सन्दर्भ बाहिर लिइएको वास्तविक कथन।,0,Pristine,"Raghu Pant, Nepal Government",Politics,08/08/2025,ne,https://techpana.com/2025/152097/techpana-factcheck-minister-raghu-pant-misquoted-on-80-percent-youth-income,"फ्याक्टचेकः मन्त्रीले ‘काठमाडौंका ८० प्रतिशत युवाले २ लाख कमाउँछन्’ भनेका छैनन्, भ्रम छरियो"
TC_techpana-factcheck-viral-claim-of-500-armed-men-from-india-in-nepal-is-false,https://techpana.prixacdn.net/media/albums/misleading-news-india-500-trafficker-Fact-Check-techpana_ZLuqghEggN.jpg.760x430_q100_crop.jpg,भारतबाट ५ सय हतियारधारी नेपाल प्रवेश गरेको दाबी झुटो,1,Fabricated,"India, Nepal",Politics,12/08/2025,ne,https://techpana.com/2025/152108/techpana-factcheck-viral-claim-of-500-armed-men-from-india-in-nepal-is-false,फ्याक्टचेकः भारतबाट ५०० जना हतियारधारी नेपाल प्रवेश गरेको दाबी सहित भाइरल पोस्ट मिथ्या
TC_techpana-factcheck-viral-claim-of-500-armed-men-from-india-in-nepal-is-false,https://techpana.prixacdn.net/media/albums/misleading-news-india-500-trafficker-Fact-Check-techpana_ZLuqghEggN.jpg.760x430_q100_crop.jpg,भारतबाट ५ सय हतियारधारी नेपाल प्रवेश गरेको दाबी सरासर गलत हो ।,0,Pristine,"India, Nepal",Politics,12/08/2025,ne,https://techpana.com/2025/152108/techpana-factcheck-viral-claim-of-500-armed-men-from-india-in-nepal-is-false,फ्याक्टचेकः भारतबाट ५०० जना हतियारधारी नेपाल प्रवेश गरेको दाबी सहित भाइरल पोस्ट मिथ्या
TC_techpana-factcheck-viral-post-claiming-balen-supports-rabi-lamichhane-is-fake,https://techpana.prixacdn.net/media/albums/rabi-lamichhane-balen-misleading-techpana-news_XHPQp6G0YR.png.760x430_q100_crop.png,बलेनले रवि लामिछानेलाई समर्थन गरेको भनी झुटो पोस्ट,1,Fabricated,"Balendra Shah, Rabi Lamichhane, RSP",Politics,18/08/2025,ne,https://techpana.com/2025/152226/techpana-factcheck-viral-post-claiming-balen-supports-rabi-lamichhane-is-fake,"फ्याक्टचेकः नपत्याउनुहोस् ! बालेनले रविको समर्थनमा कविता लेखेका छैनन्, भाइरल पोस्ट झुटो हो"
TC_techpana-factcheck-viral-post-claiming-balen-supports-rabi-lamichhane-is-fake,https://techpana.prixacdn.net/media/albums/rabi-lamichhane-balen-misleading-techpana-news_XHPQp6G0YR.png.760x430_q100_crop.png,बलेनले रविलाई समर्थन गरेको दाबी पोस्ट नक्कली र डिजिटल बनावटी हो।,0,Pristine,"Balendra Shah, Rabi Lamichhane, RSP",Politics,18/08/2025,ne,https://techpana.com/2025/152226/techpana-factcheck-viral-post-claiming-balen-supports-rabi-lamichhane-is-fake,"फ्याक्टचेकः नपत्याउनुहोस् ! बालेनले रविको समर्थनमा कविता लेखेका छैनन्, भाइरल पोस्ट झुटो हो"
TC_fact-check-annapurna-post-neb-result-spread-misleading-flying-car-news,https://techpana.prixacdn.net/media/albums/flying-car-nepal-Fact-Check-techpana_omMPKmoOpC.jpg.760x430_q100_crop.jpg,नेपाल आउँदै गरेको फ्लाइङ कार भ्रामक खबर अन्नपूर्ण पोस्ट,1,Miscaptioned,"Annapurna Post, Nepal",Politics,20/08/2025,ne,https://techpana.com/2025/152321/fact-check-annapurna-post-neb-result-spread-misleading-flying-car-news,फ्याक्टचेकः उड्ने कार भित्रिएको भन्दै अन्नपूर्ण पोस्ट-एनईबी रिजल्ट समेतले फैलाए भ्रामक समाचार
TC_fact-check-annapurna-post-neb-result-spread-misleading-flying-car-news,https://techpana.prixacdn.net/media/albums/flying-car-nepal-Fact-Check-techpana_omMPKmoOpC.jpg.760x430_q100_crop.jpg,नेपालमा उड्ने कारको दाबी भ्रामक सामग्री थियो।,0,Pristine,"Annapurna Post, Nepal",Politics,20/08/2025,ne,https://techpana.com/2025/152321/fact-check-annapurna-post-neb-result-spread-misleading-flying-car-news,फ्याक्टचेकः उड्ने कार भित्रिएको भन्दै अन्नपूर्ण पोस्ट-एनईबी रिजल्ट समेतले फैलाए भ्रामक समाचार
TC_traditional-healer-prakash-bhujel-uses-fake-doctor-prefix,https://techpana.prixacdn.net/media/albums/prakash-bhujel-scam-techpana-news-Recovered_ogsONBpxoO.jpg.760x430_q100_crop.jpg,परम्परागत निको पार्ने डाक्टर प्रकाश भुजेलले नक्कली डाक्टरको उपाधि प्रयोग गर्छन्,1,Identity_Mismatch,Prakash Bhujel,Politics,25/08/2025,ne,https://techpana.com/2025/152499/traditional-healer-prakash-bhujel-uses-fake-doctor-prefix,"TechPana FactCheck: झाँक्री प्रकाश भुजेलको डा. उपाधि नक्कली, सम्मान दिने संस्था नै गैरकानुनी"
TC_traditional-healer-prakash-bhujel-uses-fake-doctor-prefix,https://techpana.prixacdn.net/media/albums/prakash-bhujel-scam-techpana-news-Recovered_ogsONBpxoO.jpg.760x430_q100_crop.jpg,प्रकाश भुजेलले मेडिकल योग्यता नभएको नक्कली डाक्टरको उपाधि प्रयोग गरेको अनुसन्धानले पुष्टि गरेको छ ।,0,Pristine,Prakash Bhujel,Politics,25/08/2025,ne,https://techpana.com/2025/152499/traditional-healer-prakash-bhujel-uses-fake-doctor-prefix,"TechPana FactCheck: झाँक्री प्रकाश भुजेलको डा. उपाधि नक्कली, सम्मान दिने संस्था नै गैरकानुनी"
TC_bipin-joshi-hamas-hostage-fact-check-viral-video,https://techpana.prixacdn.net/media/albums/Bipin-Joshi-Hamas-Misleading-techpana-news_FwqLOcZT6z.png.760x430_q100_crop.jpg,भ्रामक भाइरल भिडियोमा विपिन जोशीलाई हमासको बन्धक देखाइएको छ,1,Identity_Mismatch,"Bipin Joshi, Hamas",Politics,27/08/2025,ne,https://techpana.com/2025/152536/bipin-joshi-hamas-hostage-fact-check-viral-video,टेकपाना फ्याक्टचेक: विपिन जोशीको भन्दै हमासले बन्धक बनाएका इजरायली युवकको भिडिओ भाइरल
TC_bipin-joshi-hamas-hostage-fact-check-viral-video,https://techpana.prixacdn.net/media/albums/Bipin-Joshi-Hamas-Misleading-techpana-news_FwqLOcZT6z.png.760x430_q100_crop.jpg,विपिन जोशी हमासको बन्धक भएको भाइरल भिडियो भ्रामक थियो।,0,Pristine,"Bipin Joshi, Hamas",Politics,27/08/2025,ne,https://techpana.com/2025/152536/bipin-joshi-hamas-hostage-fact-check-viral-video,टेकपाना फ्याक्टचेक: विपिन जोशीको भन्दै हमासले बन्धक बनाएका इजरायली युवकको भिडिओ भाइरल
TC_techpana-factcheck-google-street-view-couple-photo-viral-local-guide,https://techpana.prixacdn.net/media/albums/google-street-view-misleading-infor-techpana-news-factcheck_XKxxyINqot.jpg.760x430_q100_crop.jpg,२०२४ मा स्थानीय गाइडद्वारा अपलोड गरिएको गुगल स्ट्रीट दृश्य जोडीको फोटो भाइरल नयाँ सडक दृश्य होइन,1,Temporal_Mismatch,"Google, Arghakhanchi, Nepal",Politics,22/08/2025,ne,https://techpana.com/2025/152591/techpana-factcheck-google-street-view-couple-photo-viral-local-guide,फ्याक्टचेक: गुगल स्ट्रिट भ्युले डेटिङ बसेको जोडीको फोटो देखिएको भन्दै लोकल गाइडको फोटो भाइरल
TC_techpana-factcheck-google-street-view-couple-photo-viral-local-guide,https://techpana.prixacdn.net/media/albums/google-street-view-misleading-infor-techpana-news-factcheck_XKxxyINqot.jpg.760x430_q100_crop.jpg,अर्घाखाँचीको सुपा देउराली पुलमा गुगल लोकल गाइड अमित कुमारले मार्च २०२४ मा फोटो अपलोड गरेका थिए। Google Street View नेपालमा 15 अगस्त 2025 मा मात्र सुरु भयो।,0,Pristine,"Google, Arghakhanchi, Nepal",Politics,22/08/2025,ne,https://techpana.com/2025/152591/techpana-factcheck-google-street-view-couple-photo-viral-local-guide,फ्याक्टचेक: गुगल स्ट्रिट भ्युले डेटिङ बसेको जोडीको फोटो देखिएको भन्दै लोकल गाइडको फोटो भाइरल
TC_techpana-fact-check-claims-of-monkey-attack-killing-man-in-nuwakot-found-misleading,https://techpana.prixacdn.net/media/albums/monkey-killed-man-in-nuwakot-false-claim-techpana-factcheck_BaMWZ7NOUz.jpg.760x430_q100_crop.jpg,नुवाकोटमा बाँदरको आक्रमणबाट एक जनाको मृत्यु भ्रामक दाबी,1,Miscaptioned,Nuwakot,Politics,28/08/2025,ne,https://techpana.com/2025/152601/techpana-fact-check-claims-of-monkey-attack-killing-man-in-nuwakot-found-misleading,"फ्याक्टचेक: ‘बाँदरले मान्छे मार्‍यो’ भन्दै अन्नपूर्ण पोस्ट सहित शिलापत्र, देशसञ्चारले लेखेको समाचार भ्रामक"
TC_techpana-fact-check-claims-of-monkey-attack-killing-man-in-nuwakot-found-misleading,https://techpana.prixacdn.net/media/albums/monkey-killed-man-in-nuwakot-false-claim-techpana-factcheck_BaMWZ7NOUz.jpg.760x430_q100_crop.jpg,नुवाकोटमा बाँदरको आक्रमणबाट एक व्यक्तिको मृत्यु भएको दाबी भ्रामक,0,Pristine,Nuwakot,Politics,28/08/2025,ne,https://techpana.com/2025/152601/techpana-fact-check-claims-of-monkey-attack-killing-man-in-nuwakot-found-misleading,"फ्याक्टचेक: ‘बाँदरले मान्छे मार्‍यो’ भन्दै अन्नपूर्ण पोस्ट सहित शिलापत्र, देशसञ्चारले लेखेको समाचार भ्रामक"
TC_techpana-factcheck-tiktok-pubg-not-unbanned-in-india-false-claims-spread,https://techpana.prixacdn.net/media/albums/tiktok-unban-false-information-neb-result-techpana-news_nd9kbl3Jll.jpg.760x430_q100_crop.jpg,TikTok र PUBG लाई भारतमा प्रतिबन्ध लगाइएको छैन झुटो दाबी,1,Fabricated,"TikTok, PUBG, India",Politics,30/08/2025,ne,https://techpana.com/2025/152649/techpana-factcheck-tiktok-pubg-not-unbanned-in-india-false-claims-spread,फ्याक्टचेकः भारतमा टिकटक-पब्जी खुले भन्दै ‘NEB Result & News’ लगायतका पेजले फैलाए गलत सूचना
TC_techpana-factcheck-tiktok-pubg-not-unbanned-in-india-false-claims-spread,https://techpana.prixacdn.net/media/albums/tiktok-unban-false-information-neb-result-techpana-news_nd9kbl3Jll.jpg.760x430_q100_crop.jpg,TikTok र PUBG भारतमा प्रतिबन्धित थिएन। दाबी गलत छ।,0,Pristine,"TikTok, PUBG, India",Politics,30/08/2025,ne,https://techpana.com/2025/152649/techpana-factcheck-tiktok-pubg-not-unbanned-in-india-false-claims-spread,फ्याक्टचेकः भारतमा टिकटक-पब्जी खुले भन्दै ‘NEB Result & News’ लगायतका पेजले फैलाए गलत सूचना
TC_fact-check-dalit-boy-died-electrocution-reckless-by-ministers-not-from-car,https://techpana.prixacdn.net/media/albums/minister-pal-accident-kill-boy-Misleading-techpana-neews_b63vYBasah.jpg.760x430_q100_crop.jpg,मन्त्रीको गाडीको ठक्करबाट होइन करेन्ट लागेर दलित बालकको मृत्यु,1,Miscaptioned,Nepal,Politics,01/09/2025,ne,https://techpana.com/2025/152660/fact-check-dalit-boy-died-electrocution-reckless-by-ministers-not-from-car,टेकपाना फ्याक्टचेकः मन्त्रीको गाडीले किचेर नभई उनकै कारण करेन्ट लागेर गएको हो दलित बालकको ज्यान
TC_fact-check-dalit-boy-died-electrocution-reckless-by-ministers-not-from-car,https://techpana.prixacdn.net/media/albums/minister-pal-accident-kill-boy-Misleading-techpana-neews_b63vYBasah.jpg.760x430_q100_crop.jpg,मन्त्रीको गाडीबाट होइन करेन्ट लागेर बालकको मृत्यु भएको दाबी गरिएको छ ।,0,Pristine,Nepal,Politics,01/09/2025,ne,https://techpana.com/2025/152660/fact-check-dalit-boy-died-electrocution-reckless-by-ministers-not-from-car,टेकपाना फ्याक्टचेकः मन्त्रीको गाडीले किचेर नभई उनकै कारण करेन्ट लागेर गएको हो दलित बालकको ज्यान
TC_fact-check-govt-it-staff-salary-claim-2-lakh-misleading,https://techpana.prixacdn.net/media/albums/IT-officer-salary-misleading-techpana-news_J5ROzqQyRg.jpg.760x430_q100_crop.jpg,सरकारी आईटी कर्मचारीको तलब २ लाखको दाबी भ्रामक,1,Miscaptioned,Nepal Government,Politics,03/09/2025,ne,https://techpana.com/2025/152746/fact-check-govt-it-staff-salary-claim-2-lakh-misleading,"फ्याक्टचेक: सरकारी आईटी कर्मचारीको तलब २ लाखसम्म भन्ने दाबी भ्रामक, के हो वास्तविकता ?"
TC_fact-check-govt-it-staff-salary-claim-2-lakh-misleading,https://techpana.prixacdn.net/media/albums/IT-officer-salary-misleading-techpana-news_J5ROzqQyRg.jpg.760x430_q100_crop.jpg,सरकारी सूचना प्रविधि कर्मचारीले २ लाख तलब पाउने दाबी भ्रामक छ ।,0,Pristine,Nepal Government,Politics,03/09/2025,ne,https://techpana.com/2025/152746/fact-check-govt-it-staff-salary-claim-2-lakh-misleading,"फ्याक्टचेक: सरकारी आईटी कर्मचारीको तलब २ लाखसम्म भन्ने दाबी भ्रामक, के हो वास्तविकता ?"
TC_techpana-fact-check-ashika-tamang-false-claim-of-court-acquittal,https://techpana.prixacdn.net/media/albums/aashika-tamang-fact-chaekc-misleading-techpana-news_YD3y3PFRI2.jpg.760x430_q100_crop.jpg,आशिका तामाङको अदालतले सफाइ दिएको दाबी झुटो,1,Fabricated,Ashika Tamang,Politics,29/08/2025,ne,https://techpana.com/2025/152749/techpana-fact-check-ashika-tamang-false-claim-of-court-acquittal,फ्याक्टचेकः अदालतबाट सफाइ पाएको भन्दै आशिका तामाङले सामाजिक सञ्जालबाट फैलाइन् भ्रम
TC_techpana-fact-check-ashika-tamang-false-claim-of-court-acquittal,https://techpana.prixacdn.net/media/albums/aashika-tamang-fact-chaekc-misleading-techpana-news_YD3y3PFRI2.jpg.760x430_q100_crop.jpg,अदालतले सफाइ पाएको छैन। दाबी गलत छ।,0,Pristine,Ashika Tamang,Politics,29/08/2025,ne,https://techpana.com/2025/152749/techpana-fact-check-ashika-tamang-false-claim-of-court-acquittal,फ्याक्टचेकः अदालतबाट सफाइ पाएको भन्दै आशिका तामाङले सामाजिक सञ्जालबाट फैलाइन् भ्रम
TC_techpana-fact-check-kp-oli-viral-video-on-lipulekh-is-fake,https://techpana.prixacdn.net/media/albums/Misleading_2_tdHywPJIWI.jpg.760x430_q100_crop.jpg,लिपुलेकमा केपी ओलीको भाइरल भिडियो एआई जेनेरेटेड फेक हो,1,Fabricated,"KP Sharma Oli, Xi Jinping, Lipulekh, China, Nepal",Politics,31/08/2025,ne,https://techpana.com/2025/152780/techpana-fact-check-kp-oli-viral-video-on-lipulekh-is-fake,फ्याक्टचेक: ओलीले लिपुलेक विषयमा चिनियाँ राष्ट्रपतिसँग आपत्ति जनाए भन्दै भाइरल भिडिओ नक्कली
TC_techpana-fact-check-kp-oli-viral-video-on-lipulekh-is-fake,https://techpana.prixacdn.net/media/albums/Misleading_2_tdHywPJIWI.jpg.760x430_q100_crop.jpg,Hive Moderation मा भिडियोले 99.2 प्रतिशत AI स्कोर गर्यो। त्यस्तो कुनै वक्तव्य दिएको छैन ।,0,Pristine,"KP Sharma Oli, Xi Jinping, Lipulekh, China, Nepal",Politics,31/08/2025,ne,https://techpana.com/2025/152780/techpana-fact-check-kp-oli-viral-video-on-lipulekh-is-fake,फ्याक्टचेक: ओलीले लिपुलेक विषयमा चिनियाँ राष्ट्रपतिसँग आपत्ति जनाए भन्दै भाइरल भिडिओ नक्कली
TC_techpana-factcheck-fake-posts-in-balen-name-spread-on-social-media,https://techpana.prixacdn.net/media/albums/balen-shah-fact-check-techpana-news_BgGmn5KPgm.png.760x430_q100_crop.jpg,सामाजिक सञ्जालमा बालेनको नाममा नक्कली पोस्टहरू फैलियो,1,Fabricated,Balendra Shah,Politics,05/09/2025,ne,https://techpana.com/2025/152927/techpana-factcheck-fake-posts-in-balen-name-spread-on-social-media,फ्याक्टचेकः बालेनको नाममा तोडमोड गरी बनाइएको पोस्ट सामाजिक सञ्जालमा छ्यापछ्याप्ति
TC_techpana-factcheck-fake-posts-in-balen-name-spread-on-social-media,https://techpana.prixacdn.net/media/albums/balen-shah-fact-check-techpana-news_BgGmn5KPgm.png.760x430_q100_crop.jpg,बलेन शाहको नाममा धेरै नक्कली पोष्टहरु झुटा भएको पाइएको छ ।,0,Pristine,Balendra Shah,Politics,05/09/2025,ne,https://techpana.com/2025/152927/techpana-factcheck-fake-posts-in-balen-name-spread-on-social-media,फ्याक्टचेकः बालेनको नाममा तोडमोड गरी बनाइएको पोस्ट सामाजिक सञ्जालमा छ्यापछ्याप्ति
TC_techpana-factcheck-viral-posts-about-32-dead-protesters-in-parliament-unverified,https://techpana.prixacdn.net/media/albums/32-people-killed-techpana-news_IB3FmrTIAl.jpg.760x430_q100_crop.jpg,संसद भवनभित्र ३२ जना प्रदर्शनकारीको मृत्यु भएको दाबी पुष्टि भएको छैन,1,Fabricated,"Nepal Parliament, Kathmandu",Politics,10/09/2025,ne,https://techpana.com/2025/153015/techpana-factcheck-viral-posts-about-32-dead-protesters-in-parliament-unverified,फ्याक्टचेकः सोमबार संसद् भवनमा ३२ जना बेपत्ता युवा मृत फेला परेको भन्दै अपुष्ट सूचना भाइरल
TC_techpana-factcheck-viral-posts-about-32-dead-protesters-in-parliament-unverified,https://techpana.prixacdn.net/media/albums/32-people-killed-techpana-news_IB3FmrTIAl.jpg.760x430_q100_crop.jpg,३२ प्रदर्शनकारी मारिएको दाबी गलत हो। नेपाल प्रहरीले त्यस्तो कुनै शव फेला नपरेको पुष्टि गरेको छ ।,0,Pristine,"Nepal Parliament, Kathmandu",Politics,10/09/2025,ne,https://techpana.com/2025/153015/techpana-factcheck-viral-posts-about-32-dead-protesters-in-parliament-unverified,फ्याक्टचेकः सोमबार संसद् भवनमा ३२ जना बेपत्ता युवा मृत फेला परेको भन्दै अपुष्ट सूचना भाइरल
TC_balen-has-not-become-prime-minister-or-taken-oath-dont-be-misled,https://techpana.prixacdn.net/media/albums/false-information-techpana-news_thoGNF3vkl.png.760x430_q100_crop.png,बालेन प्रधानमन्त्री बने र झुटो शपथ खाए,1,Fabricated,Balendra Shah,Politics,12/09/2025,ne,https://techpana.com/2025/153022/balen-has-not-become-prime-minister-or-taken-oath-dont-be-misled,नझुक्किनुहोस्ः बालेन प्रधानमन्त्री बनेका छैनन् र शपथ पनि ग्रहण गरेका छैनन्
TC_balen-has-not-become-prime-minister-or-taken-oath-dont-be-misled,https://techpana.prixacdn.net/media/albums/false-information-techpana-news_thoGNF3vkl.png.760x430_q100_crop.png,बालेन न त प्रधानमन्त्री बनेका छन् न कुनै शपथ लिएका छन् ।,0,Pristine,Balendra Shah,Politics,12/09/2025,ne,https://techpana.com/2025/153022/balen-has-not-become-prime-minister-or-taken-oath-dont-be-misled,नझुक्किनुहोस्ः बालेन प्रधानमन्त्री बनेका छैनन् र शपथ पनि ग्रहण गरेका छैनन्
TC_techpana-factcheck-sudhan-gurung-not-indian-citizen,https://techpana.prixacdn.net/media/albums/sudan-gurung-misleading-infromation-techpana-news_z8moJY7EpV.jpg.760x430_q100_crop.jpg,सुदन गुरुङ भारतीय नागरिक नभएको दाबी गलत,1,Identity_Mismatch,Sudan Gurung,Politics,15/09/2025,ne,https://techpana.com/2025/153061/techpana-factcheck-sudhan-gurung-not-indian-citizen,टेकपाना फ्याक्टचेक : जेन-जी आन्दोलनका अगुवा सुधन गुरुङ भारतीय नागरिक भन्दै फैलिएको खबर झुटो
TC_techpana-factcheck-sudhan-gurung-not-indian-citizen,https://techpana.prixacdn.net/media/albums/sudan-gurung-misleading-infromation-techpana-news_z8moJY7EpV.jpg.760x430_q100_crop.jpg,सुदन गुरुङ भारतीय नागरिक होइनन्। दाबी गलत छ।,0,Pristine,Sudan Gurung,Politics,15/09/2025,ne,https://techpana.com/2025/153061/techpana-factcheck-sudhan-gurung-not-indian-citizen,टेकपाना फ्याक्टचेक : जेन-जी आन्दोलनका अगुवा सुधन गुरुङ भारतीय नागरिक भन्दै फैलिएको खबर झुटो
TC_factcheck-nepal-kp-oli-govt-collapse-prediction-by-raw-agent-bista-is-9-months-old-not-current,https://techpana.prixacdn.net/media/albums/lucky-bisth-raw-agent-nepal-Misleading-techpana-news_WwzHpus9E0.jpg.760x430_q100_crop.jpg,केपी ओली सरकार ढल्ने बारे र एजेन्ट विष्टको भविष्यवाणी ९ महिना पुरानो,1,Temporal_Mismatch,"KP Sharma Oli, RAW, Bista",Politics,18/09/2025,ne,https://techpana.com/2025/153062/factcheck-nepal-kp-oli-govt-collapse-prediction-by-raw-agent-bista-is-9-months-old-not-current,फ्याक्टचेकः केपी ओली सरकार ढल्ने रअ एजेन्ट बिष्टको भविष्यवाणी हालको नभई ९ महिना पुरानो
TC_factcheck-nepal-kp-oli-govt-collapse-prediction-by-raw-agent-bista-is-9-months-old-not-current,https://techpana.prixacdn.net/media/albums/lucky-bisth-raw-agent-nepal-Misleading-techpana-news_WwzHpus9E0.jpg.760x430_q100_crop.jpg,भविष्यवाणी 9 महिना पुरानो हो जुन हालको भविष्यवाणीको रूपमा साझा गरिएको छ।,0,Pristine,"KP Sharma Oli, RAW, Bista",Politics,18/09/2025,ne,https://techpana.com/2025/153062/factcheck-nepal-kp-oli-govt-collapse-prediction-by-raw-agent-bista-is-9-months-old-not-current,फ्याक्टचेकः केपी ओली सरकार ढल्ने रअ एजेन्ट बिष्टको भविष्यवाणी हालको नभई ९ महिना पुरानो
TC_fact-check-is-nepal-banning-500-and-1000-notes,https://techpana.prixacdn.net/media/albums/False_3dtkDaM073.jpg.760x430_q100_crop.jpg,नेपालमा ५ सय र एक हजारका नोट प्रतिबन्ध लगाएको दाबी गलत भएको छ,1,Fabricated,Nepal Rastra Bank,Politics,20/09/2025,ne,https://techpana.com/2025/153081/fact-check-is-nepal-banning-500-and-1000-notes,फ्याक्टचेक: नपत्याउनुस् ! नेपालमा एक हजार र पाँच सय रुपैयाँको नोट बन्द गर्ने निर्णय भएको छैन
TC_fact-check-is-nepal-banning-500-and-1000-notes,https://techpana.prixacdn.net/media/albums/False_3dtkDaM073.jpg.760x430_q100_crop.jpg,नेपालले कुनै पनि नोटमा प्रतिबन्ध लगाएको छैन । दाबी गलत छ।,0,Pristine,Nepal Rastra Bank,Politics,20/09/2025,ne,https://techpana.com/2025/153081/fact-check-is-nepal-banning-500-and-1000-notes,फ्याक्टचेक: नपत्याउनुस् ! नेपालमा एक हजार र पाँच सय रुपैयाँको नोट बन्द गर्ने निर्णय भएको छैन
TC_factcheck-mahesh-basnet-claim-balen-shah-house-demolition-false,https://techpana.prixacdn.net/media/albums/balen-shah-mahesh-basnet-techpana_V7TSHjCzio.jpg.760x430_q100_crop.jpg,महेश बस्नेतले झुटो दाबी गरेर बलेन शाहको पुर्खाको घर भत्काइदिए,1,Fabricated,"Mahesh Basnet, Balendra Shah, CPN-UML",Politics,18/09/2025,ne,https://techpana.com/2025/153153/factcheck-mahesh-basnet-claim-balen-shah-house-demolition-false,"टेकपाना फ्याक्टचेक: महेश बस्नेतले भनेजस्तो तोडफोड भएको छैन बालेन शाहको घर, के हो वास्तविकता?"
TC_factcheck-mahesh-basnet-claim-balen-shah-house-demolition-false,https://techpana.prixacdn.net/media/albums/balen-shah-mahesh-basnet-techpana_V7TSHjCzio.jpg.760x430_q100_crop.jpg,नेकपा एमालेका नेता महेश बस्नेतले बलेनको पैतृक घर तोडफोड भएको दाबी गलत हो ।,0,Pristine,"Mahesh Basnet, Balendra Shah, CPN-UML",Politics,18/09/2025,ne,https://techpana.com/2025/153153/factcheck-mahesh-basnet-claim-balen-shah-house-demolition-false,"टेकपाना फ्याक्टचेक: महेश बस्नेतले भनेजस्तो तोडफोड भएको छैन बालेन शाहको घर, के हो वास्तविकता?"
TC_factcheck-nepal-genz-protest-finance-minister-bishnu-paudel-river-chased,https://techpana.prixacdn.net/media/albums/bishnu-poudel-factcheck-techpana-news_4GJyObLl5P.jpg.760x430_q100_crop.jpg,जनरल जेडका प्रदर्शनकारीले अर्थमन्त्री विष्णु पौडेललाई भ्रामक नदीमा खेदे,1,Miscaptioned,"Bishnu Paudel, Gen-Z, Nepal",Politics,22/09/2025,ne,https://techpana.com/2025/153175/factcheck-nepal-genz-protest-finance-minister-bishnu-paudel-river-chased,"फ्याक्टचेकः अर्थमन्त्री पौडेल भन्दै खोलामा लखेट्दै मरणासन्न पारिएका व्यक्ति को थिए, के भयो ?"
TC_factcheck-nepal-genz-protest-finance-minister-bishnu-paudel-river-chased,https://techpana.prixacdn.net/media/albums/bishnu-poudel-factcheck-techpana-news_4GJyObLl5P.jpg.760x430_q100_crop.jpg,जनरल जेडले अर्थमन्त्रीलाई नदीमा खेदेको दाबी भ्रामक छ।,0,Pristine,"Bishnu Paudel, Gen-Z, Nepal",Politics,22/09/2025,ne,https://techpana.com/2025/153175/factcheck-nepal-genz-protest-finance-minister-bishnu-paudel-river-chased,"फ्याक्टचेकः अर्थमन्त्री पौडेल भन्दै खोलामा लखेट्दै मरणासन्न पारिएका व्यक्ति को थिए, के भयो ?"
TC_techpana-factcheck-claim-of-burnt-notes-at-deuba-residence-video-reality,https://techpana.prixacdn.net/media/albums/sher-bahadur-deuba-techpana-news_cLOG6z897M.jpg.760x430_q100_crop.jpg,देउवा निवासमा जलाइएका नोटको भिडियो भ्रामक,1,Miscaptioned,"Sher Bahadur Deuba, Nepali Congress",Politics,25/09/2025,ne,https://techpana.com/2025/153194/techpana-factcheck-claim-of-burnt-notes-at-deuba-residence-video-reality,टेकपाना फ्याक्टचेक: देउवा निवासमा जलेका नोटहरू भेटिएको दाबीसहितका भिडिओको वास्तविकता के हो ?
TC_techpana-factcheck-claim-of-burnt-notes-at-deuba-residence-video-reality,https://techpana.prixacdn.net/media/albums/sher-bahadur-deuba-techpana-news_cLOG6z897M.jpg.760x430_q100_crop.jpg,देउवा निवासमा नोट जलाएको दाबी गरिएको भिडियो भ्रामक थियो।,0,Pristine,"Sher Bahadur Deuba, Nepali Congress",Politics,25/09/2025,ne,https://techpana.com/2025/153194/techpana-factcheck-claim-of-burnt-notes-at-deuba-residence-video-reality,टेकपाना फ्याक्टचेक: देउवा निवासमा जलेका नोटहरू भेटिएको दाबीसहितका भिडिओको वास्तविकता के हो ?
TC_factcheck-uml-worker-falsely-claimed-man-shooting-rooftop-photo,https://techpana.prixacdn.net/media/albums/False_3_dbrkqpGi0N.jpg.760x430_q100_crop.jpg,एमाले कार्यकर्ताले घरको छतबाट गोली हानेको व्यक्ति भनेर झुटो पहिचान,1,Identity_Mismatch,"CPN-UML, Nepal",Politics,28/09/2025,ne,https://techpana.com/2025/153213/factcheck-uml-worker-falsely-claimed-man-shooting-rooftop-photo,फ्याक्टचेकः छतबाट फोटो खिच्नेलाई पेस्तोल हान्ने मान्छे भन्दै झुटो प्रचारमा एमाले कार्यकर्ता
TC_factcheck-uml-worker-falsely-claimed-man-shooting-rooftop-photo,https://techpana.prixacdn.net/media/albums/False_3_dbrkqpGi0N.jpg.760x430_q100_crop.jpg,एमाले कार्यकर्तालाई छतबाट गोली हानेको व्यक्ति भएको दाबी गरिएको थियो ।,0,Pristine,"CPN-UML, Nepal",Politics,28/09/2025,ne,https://techpana.com/2025/153213/factcheck-uml-worker-falsely-claimed-man-shooting-rooftop-photo,फ्याक्टचेकः छतबाट फोटो खिच्नेलाई पेस्तोल हान्ने मान्छे भन्दै झुटो प्रचारमा एमाले कार्यकर्ता
TC_techpana-factcheck-no-lp-gas-price-not-reduced-for-dashain,https://techpana.prixacdn.net/media/albums/sushila-karki-false-infromation-techpana-news_XjhixNGXeq.jpg.760x430_q100_crop.jpg,दशैंका लागि एलपी ग्यासको मूल्य घटाइएको छैन,1,Fabricated,Nepal Oil Corporation,Politics,01/10/2025,ne,https://techpana.com/2025/153239/techpana-factcheck-no-lp-gas-price-not-reduced-for-dashain,फ्याक्टचेक: नझुक्किनुहोस् ! सरकारले दशैंका लागि एलपी ग्यासको मूल्य घटाएको छैन
TC_techpana-factcheck-no-lp-gas-price-not-reduced-for-dashain,https://techpana.prixacdn.net/media/albums/sushila-karki-false-infromation-techpana-news_XjhixNGXeq.jpg.760x430_q100_crop.jpg,दशैंमा एलपी ग्यासको मूल्य घटाइएको छैन । दाबी गलत छ।,0,Pristine,Nepal Oil Corporation,Politics,01/10/2025,ne,https://techpana.com/2025/153239/techpana-factcheck-no-lp-gas-price-not-reduced-for-dashain,फ्याक्टचेक: नझुक्किनुहोस् ! सरकारले दशैंका लागि एलपी ग्यासको मूल्य घटाएको छैन
TC_techpana-factcheck-chobhar-flood-video-two-years-old,https://techpana.prixacdn.net/media/albums/chobhar-flood-techpana-news-Misleading-post_MiRJJNfBjE.png.760x430_q100_crop.jpg,चोभार बाढीको भिडियो दुई वर्ष पुरानो हो अहिलेको रूपमा साझा गरिएको छ,1,Temporal_Mismatch,"Chobhar, Kathmandu",Politics,05/10/2025,ne,https://techpana.com/2025/153367/techpana-factcheck-chobhar-flood-video-two-years-old,फ्याक्टचेकः ‘चोभारको अवस्था’ भन्दै भाइरल भिडिओ दुई वर्ष पुरानो
TC_techpana-factcheck-chobhar-flood-video-two-years-old,https://techpana.prixacdn.net/media/albums/chobhar-flood-techpana-news-Misleading-post_MiRJJNfBjE.png.760x430_q100_crop.jpg,चोभार बाढीको भिडियो दुई वर्ष पुरानो हो अहिलेको घटनाको रूपमा साझा गरिएको छ।,0,Pristine,"Chobhar, Kathmandu",Politics,05/10/2025,ne,https://techpana.com/2025/153367/techpana-factcheck-chobhar-flood-video-two-years-old,फ्याक्टचेकः ‘चोभारको अवस्था’ भन्दै भाइरल भिडिओ दुई वर्ष पुरानो
TC_factcheck-who-are-masked-men-viral-video,https://techpana.prixacdn.net/media/albums/misleading-genz-mask-men-balen-meeting-final_mDyHUXnKRO.png.760x430_q100_crop.jpg,भ्रामक भाइरल भिडियोमा मास्क लगाएका पुरुषहरूको पहिचान दाबी,1,Identity_Mismatch,,Politics,08/10/2025,ne,https://techpana.com/2025/153280/factcheck-who-are-masked-men-viral-video,फ्याक्टचेक: जेनजी आन्दोलनमा नकाबधारीहरूको बैठक भन्दै भाइरल भएको भिडिओको वास्तविकता के हो ?
TC_factcheck-who-are-masked-men-viral-video,https://techpana.prixacdn.net/media/albums/misleading-genz-mask-men-balen-meeting-final_mDyHUXnKRO.png.760x430_q100_crop.jpg,भाइरल भिडियोमा मास्क लगाएका पुरुषहरूको पहिचान दावी भ्रामक भएको पाइयो।,0,Pristine,,Politics,08/10/2025,ne,https://techpana.com/2025/153280/factcheck-who-are-masked-men-viral-video,फ्याक्टचेक: जेनजी आन्दोलनमा नकाबधारीहरूको बैठक भन्दै भाइरल भएको भिडिओको वास्तविकता के हो ?
TC_factcheck-rabi-lamichhane-not-arguing-with-home-minister-om-prakash-aryal,https://techpana.prixacdn.net/media/albums/rabi-lamichhane-Misleading-news_VGz7WOPV6p.jpg.760x430_q100_crop.jpg,गृहमन्त्री ओमप्रकाश अर्यालसँग रवि लामिछानेको विवाद छैन,1,Miscaptioned,"Rabi Lamichhane, Om Prakash Aryal, RSP",Politics,12/10/2025,ne,https://techpana.com/2025/153401/factcheck-rabi-lamichhane-not-arguing-with-home-minister-om-prakash-aryal,फ्याक्टचेकः रवि लामिछानेले गृहमन्त्री ओम प्रकाश अर्याललाई थर्काएको भन्दै भ्रामक भिडिओ भाइरल
TC_factcheck-rabi-lamichhane-not-arguing-with-home-minister-om-prakash-aryal,https://techpana.prixacdn.net/media/albums/rabi-lamichhane-Misleading-news_VGz7WOPV6p.jpg.760x430_q100_crop.jpg,रवि लामिछानेले गृहमन्त्री ओमप्रकाश अर्यालसँग विवाद गरेनन् ।,0,Pristine,"Rabi Lamichhane, Om Prakash Aryal, RSP",Politics,12/10/2025,ne,https://techpana.com/2025/153401/factcheck-rabi-lamichhane-not-arguing-with-home-minister-om-prakash-aryal,फ्याक्टचेकः रवि लामिछानेले गृहमन्त्री ओम प्रकाश अर्याललाई थर्काएको भन्दै भ्रामक भिडिओ भाइरल
TC_fact-check-pak-captain-fatima-sana-bows-to-smriti-mandhana,https://techpana.prixacdn.net/media/albums/False-pakistan-indian-women-cricket_ip5ZoWLxZO.png.760x430_q100_crop.jpg,पाकिस्तानी कप्तान फातिमा सानाले स्मृति मन्धानालाई नझुक्ने सन्दर्भलाई गलत रूपमा प्रस्तुत गरेकी छिन्,1,Miscaptioned,"Fatima Sana, Smriti Mandhana, Pakistan, India",Politics,15/10/2025,ne,https://techpana.com/2025/153424/fact-check-pak-captain-fatima-sana-bows-to-smriti-mandhana,पाकिस्तानी महिला क्रिकेट कप्तानले भारतीय क्रिकेटरलाई ढोगेको भन्दै एआई निर्मित तस्बिर भाइरल
TC_fact-check-pak-captain-fatima-sana-bows-to-smriti-mandhana,https://techpana.prixacdn.net/media/albums/False-pakistan-indian-women-cricket_ip5ZoWLxZO.png.760x430_q100_crop.jpg,फातिमा सानाले मन्धानालाई झुकेको सन्दर्भलाई गलत रूपमा प्रस्तुत गरिएको थियो।,0,Pristine,"Fatima Sana, Smriti Mandhana, Pakistan, India",Politics,15/10/2025,ne,https://techpana.com/2025/153424/fact-check-pak-captain-fatima-sana-bows-to-smriti-mandhana,पाकिस्तानी महिला क्रिकेट कप्तानले भारतीय क्रिकेटरलाई ढोगेको भन्दै एआई निर्मित तस्बिर भाइरल
TC_factcheck-balen-gyanendra-edited-photo-viral,https://techpana.prixacdn.net/media/albums/balen-gyanendra-fake-photo_XtRggXZbPq.png.760x430_q100_crop.jpg,बलेन र पूर्वराजा ज्ञानेन्द्रको सम्पादित तस्बिर मनगढन्ते,1,Fabricated,"Balendra Shah, Gyanendra Shah",Politics,18/10/2025,ne,https://techpana.com/2025/153437/factcheck-balen-gyanendra-edited-photo-viral,फ्याक्टचेकः बालेन-पूर्व राजाको भेट भन्दै एडिटेड तस्बिरबाट भ्रम फैलाउँदै ईशा गुरुङ लगायत
TC_factcheck-balen-gyanendra-edited-photo-viral,https://techpana.prixacdn.net/media/albums/balen-gyanendra-fake-photo_XtRggXZbPq.png.760x430_q100_crop.jpg,बलेन र ज्ञानेन्द्रको सँगैको तस्बिर सम्पादन र निर्माण गरिएको हो ।,0,Pristine,"Balendra Shah, Gyanendra Shah",Politics,18/10/2025,ne,https://techpana.com/2025/153437/factcheck-balen-gyanendra-edited-photo-viral,फ्याक्टचेकः बालेन-पूर्व राजाको भेट भन्दै एडिटेड तस्बिरबाट भ्रम फैलाउँदै ईशा गुरुङ लगायत
TC_fact-check-what-is-the-truth-behind-viral-video-and-photo-showing-man-hiding-gun-at-waist,https://techpana.prixacdn.net/media/albums/dawa-sherpa-techpana-news_w4xr2vDdZA.jpg.760x430_q100_crop.jpg,मानिसले बन्दुक लुकाएको भाइरल भिडियोको दाबी भ्रामक थियो,1,Miscaptioned,Nepal,Politics,20/10/2025,ne,https://techpana.com/2025/153486/fact-check-what-is-the-truth-behind-viral-video-and-photo-showing-man-hiding-gun-at-waist,फ्याक्टचेकः कम्मरमा पेस्तोल लुकाइरहेको देखिने भाइरल भिडिओ तथा फोटोको वास्तविकता के हो ?
TC_fact-check-what-is-the-truth-behind-viral-video-and-photo-showing-man-hiding-gun-at-waist,https://techpana.prixacdn.net/media/albums/dawa-sherpa-techpana-news_w4xr2vDdZA.jpg.760x430_q100_crop.jpg,मानिसले बन्दुक लुकाएको भाइरल भिडियोको बारेमा दाबी भ्रामक थियो।,0,Pristine,Nepal,Politics,20/10/2025,ne,https://techpana.com/2025/153486/fact-check-what-is-the-truth-behind-viral-video-and-photo-showing-man-hiding-gun-at-waist,फ्याक्टचेकः कम्मरमा पेस्तोल लुकाइरहेको देखिने भाइरल भिडिओ तथा फोटोको वास्तविकता के हो ?
TC_fact-check-viral-photo-claiming-mahabir-pun-received-tika-from-king-birendra,https://techpana.prixacdn.net/media/albums/Misleading-mahabir-pun-taking-tika-from-king-birendra-finale_0yDWGlC3C3.png.760x430_q100_crop.jpg,महावीर पुनले राजा वीरेन्द्रबाट टीका ग्रहण गरेको भाइरल फोटोमा भ्रामक सन्दर्भ छ,1,Identity_Mismatch,"Mahabir Pun, King Birendra",Politics,22/10/2025,ne,https://techpana.com/2025/153467/fact-check-viral-photo-claiming-mahabir-pun-received-tika-from-king-birendra,फ्याक्टचेकः राजा वीरेन्द्रसँग महावीर पुनले टीका थापेको दाबी गरिएको भाइरल फोटोको वास्तविकता
TC_fact-check-viral-photo-claiming-mahabir-pun-received-tika-from-king-birendra,https://techpana.prixacdn.net/media/albums/Misleading-mahabir-pun-taking-tika-from-king-birendra-finale_0yDWGlC3C3.png.760x430_q100_crop.jpg,महावीर पुनले राजा वीरेन्द्रबाट टीका ग्रहण गरेको भाइरल फोटोमा भ्रामक सन्दर्भ छ ।,0,Pristine,"Mahabir Pun, King Birendra",Politics,22/10/2025,ne,https://techpana.com/2025/153467/fact-check-viral-photo-claiming-mahabir-pun-received-tika-from-king-birendra,फ्याक्टचेकः राजा वीरेन्द्रसँग महावीर पुनले टीका थापेको दाबी गरिएको भाइरल फोटोको वास्तविकता
TC_techpana-factcheck-minister-jagadish-kharel-watch-controversy-rolex-claim-debunked,https://techpana.prixacdn.net/media/albums/minister-kharel-rolex-watch-techpana-news_k9plNw7Zj4.jpg.760x430_q100_crop.jpg,मन्त्री जगदीश खरेलको रोलेक्स घडीबारेको दाबी खण्डन,1,Miscaptioned,"Jagadish Kharel, Nepal Government",Politics,25/10/2025,ne,https://techpana.com/2025/153589/techpana-factcheck-minister-jagadish-kharel-watch-controversy-rolex-claim-debunked,फ्याक्टचेकः सञ्चारमन्त्री खरेलले १ करोड मूल्यको रोलेक्स घडी लगाए भन्दै फैलिएको दाबी भ्रामक
TC_techpana-factcheck-minister-jagadish-kharel-watch-controversy-rolex-claim-debunked,https://techpana.prixacdn.net/media/albums/minister-kharel-rolex-watch-techpana-news_k9plNw7Zj4.jpg.760x430_q100_crop.jpg,मन्त्री खरेलले रोलेक्स लगाएको दाबी खण्डन,0,Pristine,"Jagadish Kharel, Nepal Government",Politics,25/10/2025,ne,https://techpana.com/2025/153589/techpana-factcheck-minister-jagadish-kharel-watch-controversy-rolex-claim-debunked,फ्याक्टचेकः सञ्चारमन्त्री खरेलले १ करोड मूल्यको रोलेक्स घडी लगाए भन्दै फैलिएको दाबी भ्रामक
TC_false-claim-nepal-innovation-center-created-flying-drone,https://techpana.prixacdn.net/media/albums/Misleading-aabiskar-kendra-flying-car_M3ZWWRB0qZ.png.760x430_q100_crop.jpg,नेपाल इनोभेसन सेन्टरले ड्रोन उडाएको दाबी गलत,1,Fabricated,Nepal Innovation Center,Politics,28/10/2025,ne,https://techpana.com/2025/153579/false-claim-nepal-innovation-center-created-flying-drone,फ्याक्टचेक: महावीर पुनको राष्ट्रिय आविष्कार केन्द्रले उड्ने कार बनायो भन्दै भ्रम फैलाइँदै
TC_false-claim-nepal-innovation-center-created-flying-drone,https://techpana.prixacdn.net/media/albums/Misleading-aabiskar-kendra-flying-car_M3ZWWRB0qZ.png.760x430_q100_crop.jpg,नेपाल इनोभेसन सेन्टरले उड्ने ड्रोन बनाएको दाबी गलत हो ।,0,Pristine,Nepal Innovation Center,Politics,28/10/2025,ne,https://techpana.com/2025/153579/false-claim-nepal-innovation-center-created-flying-drone,फ्याक्टचेक: महावीर पुनको राष्ट्रिय आविष्कार केन्द्रले उड्ने कार बनायो भन्दै भ्रम फैलाइँदै
TC_factcheck-viral-video-of-balen-sanduk-secret-talk-is-misleading-old-clips-edited-together,https://techpana.prixacdn.net/media/albums/Misleading-balen-sanduk-secret-meeting_AUUvnvyLAc.png.760x430_q100_crop.jpg,बलेन सन्दुक रुइतको गोप्य भेटघाटको भिडियो तीनवटा छुट्टाछुट्टै पुराना क्लिप सँगै सम्पादन गरिएको हो,1,Temporal_Mismatch,"Balendra Shah, Sanduk Ruit, Sudan Gurung",Politics,28/10/2025,ne,https://techpana.com/2025/153695/factcheck-viral-video-of-balen-sanduk-secret-talk-is-misleading-old-clips-edited-together,फ्याक्टचेकः छुट्टाछुट्टै पुराना क्लिप जोडेर बालेन-सन्दुकको गोप्य वार्ता भन्दै भाइरल भिडिओ भ्रामक
TC_factcheck-viral-video-of-balen-sanduk-secret-talk-is-misleading-old-clips-edited-together,https://techpana.prixacdn.net/media/albums/Misleading-balen-sanduk-secret-meeting_AUUvnvyLAc.png.760x430_q100_crop.jpg,क्लिप अलग-अलग सन्दर्भबाट तीन फरक भिडियोहरू संयोजन गरेर बनाइएको थियो। Balen-Sanduk क्लिप जनवरी 2023 को थियो।,0,Pristine,"Balendra Shah, Sanduk Ruit, Sudan Gurung",Politics,28/10/2025,ne,https://techpana.com/2025/153695/factcheck-viral-video-of-balen-sanduk-secret-talk-is-misleading-old-clips-edited-together,फ्याक्टचेकः छुट्टाछुट्टै पुराना क्लिप जोडेर बालेन-सन्दुकको गोप्य वार्ता भन्दै भाइरल भिडिओ भ्रामक
TC_fact-check-ai-generated-hailstorm-video-not-real,https://techpana.prixacdn.net/media/albums/fact-check-ai-generated-hailstorm-video-not-real_oYjDPp1oup.jpg.760x430_q100_crop.jpg,AI द्वारा बनाईएको भाइरल असिनाको भिडियो वास्तविक होइन,1,Fabricated,,Politics,31/10/2025,ne,https://techpana.com/2025/153755/fact-check-ai-generated-hailstorm-video-not-real,"फ्याक्टचेकः नतर्सिनुस्, आकाशबाट भयानक ठुल्ठुला असिना खसेको होइन, भाइरल भिडिओ एआई सिर्जित हो"
TC_fact-check-ai-generated-hailstorm-video-not-real,https://techpana.prixacdn.net/media/albums/fact-check-ai-generated-hailstorm-video-not-real_oYjDPp1oup.jpg.760x430_q100_crop.jpg,AI प्रयोग गरेर बनाइएको भाइरल असिनाको भिडियोले वास्तविक असिना देखाउँदैन।,0,Pristine,,Politics,31/10/2025,ne,https://techpana.com/2025/153755/fact-check-ai-generated-hailstorm-video-not-real,"फ्याक्टचेकः नतर्सिनुस्, आकाशबाट भयानक ठुल्ठुला असिना खसेको होइन, भाइरल भिडिओ एआई सिर्जित हो"
TC_techpana-factcheck-fake-screenshot-claiming-chat-with-balen-before-post-deletion,https://techpana.prixacdn.net/media/albums/balen-shah-misleading-news-techpana-news_lPAlzZYmPA.png.760x430_q100_crop.jpg,नक्कली स्क्रिनसट पोस्ट मेटाउनु अघि बालेनसँग च्याट दाबी गर्दै,1,Fabricated,Balendra Shah,Politics,02/11/2025,ne,https://techpana.com/2025/153792/techpana-factcheck-fake-screenshot-claiming-chat-with-balen-before-post-deletion,फ्याक्टचेकः ‘पोस्ट डिलिट गर्नुअघि बालेनसँगको च्याट’ भन्दै भाइरल स्क्रिनशट नक्कली
TC_techpana-factcheck-fake-screenshot-claiming-chat-with-balen-before-post-deletion,https://techpana.prixacdn.net/media/albums/balen-shah-misleading-news-techpana-news_lPAlzZYmPA.png.760x430_q100_crop.jpg,पोस्ट मेटाउनु अघि बालेनसँग च्याट देखाउने दाबी गर्ने स्क्रिनसट नक्कली हो।,0,Pristine,Balendra Shah,Politics,02/11/2025,ne,https://techpana.com/2025/153792/techpana-factcheck-fake-screenshot-claiming-chat-with-balen-before-post-deletion,फ्याक्टचेकः ‘पोस्ट डिलिट गर्नुअघि बालेनसँगको च्याट’ भन्दै भाइरल स्क्रिनशट नक्कली
TC_techpana-factcheck-rabi-support-video-false-royalist-rally,https://techpana.prixacdn.net/media/albums/Misleading-rabi-lamichhane-crowd_0dH2MJn76D.png.760x430_q100_crop.jpg,रवि लामिछानेको समर्थनमा शाही र्‍यालीको भिडियो झूटो जोडिएको छ,1,Miscaptioned,"Rabi Lamichhane, RSP",Politics,05/11/2025,ne,https://techpana.com/2025/153884/techpana-factcheck-rabi-support-video-false-royalist-rally,फ्याक्टचेक: रविको समर्थनमा सिंहदरबारतर्फ जनसागर उर्लियो भन्दै राजावादी प्रदर्शनको पुरानो भिडिओ भाइरल
TC_techpana-factcheck-rabi-support-video-false-royalist-rally,https://techpana.prixacdn.net/media/albums/Misleading-rabi-lamichhane-crowd_0dH2MJn76D.png.760x430_q100_crop.jpg,रवि लामिछानेको समर्थनमा शाही र्‍यालीको भिडियो झूटो जोडिएको थियो ।,0,Pristine,"Rabi Lamichhane, RSP",Politics,05/11/2025,ne,https://techpana.com/2025/153884/techpana-factcheck-rabi-support-video-false-royalist-rally,फ्याक्टचेक: रविको समर्थनमा सिंहदरबारतर्फ जनसागर उर्लियो भन्दै राजावादी प्रदर्शनको पुरानो भिडिओ भाइरल
TC_techpana-factcheck-viral-goat-video-of-gagan-thapa-is-ai-generated,https://techpana.prixacdn.net/media/albums/Techpana-fact-check-gagan-thapa-ai-video-viral-false-news_LnIuvIlnVD.png.760x430_q100_crop.jpg,गगन थापाको भाइरल बाख्राको भिडियो एआई जेनेरेट गरिएको छ,1,Fabricated,"Gagan Thapa, Nepali Congress",Politics,10/11/2025,ne,https://techpana.com/2025/154099/techpana-factcheck-viral-goat-video-of-gagan-thapa-is-ai-generated,टेकपाना तथ्यजाँच: के साँच्चिकै गगन थापा काठमाडौँमा बाख्रा खेदिरहेको अवस्थामा देखिएका हुन् ?
TC_techpana-factcheck-viral-goat-video-of-gagan-thapa-is-ai-generated,https://techpana.prixacdn.net/media/albums/Techpana-fact-check-gagan-thapa-ai-video-viral-false-news_LnIuvIlnVD.png.760x430_q100_crop.jpg,गगन थापाको भाइरल बाख्राको भिडियो एआई द्वारा उत्पन्न भएको छ।,0,Pristine,"Gagan Thapa, Nepali Congress",Politics,10/11/2025,ne,https://techpana.com/2025/154099/techpana-factcheck-viral-goat-video-of-gagan-thapa-is-ai-generated,टेकपाना तथ्यजाँच: के साँच्चिकै गगन थापा काठमाडौँमा बाख्रा खेदिरहेको अवस्थामा देखिएका हुन् ?
TC_factcheck-old-photo-used-in-king-support-protest-misinformation,https://techpana.prixacdn.net/media/albums/rajabadi-Misleading-techpana-news_lFDm2S8XUQ.png.760x430_q100_crop.jpg,पुरानो तस्बिर राजतन्त्र समर्थक विरोध गलत सूचनामा भर्खरको फोटोको रूपमा प्रयोग गरियो,1,Temporal_Mismatch,Nepal,Politics,15/11/2025,ne,https://techpana.com/2025/154191/factcheck-old-photo-used-in-king-support-protest-misinformation,फ्याक्टचेकः राजाको समर्थनमा विशाल प्रदर्शन भन्दै पुरानो फोटो राखेर राजावादीले फैलाए भ्रम
TC_factcheck-old-photo-used-in-king-support-protest-misinformation,https://techpana.prixacdn.net/media/albums/rajabadi-Misleading-techpana-news_lFDm2S8XUQ.png.760x430_q100_crop.jpg,पुरानो तस्बिर राजतन्त्र समर्थक विरोधको भर्खरको प्रमाणको रूपमा प्रयोग भइरहेको छ।,0,Pristine,Nepal,Politics,15/11/2025,ne,https://techpana.com/2025/154191/factcheck-old-photo-used-in-king-support-protest-misinformation,फ्याक्टचेकः राजाको समर्थनमा विशाल प्रदर्शन भन्दै पुरानो फोटो राखेर राजावादीले फैलाए भ्रम
TC_pradeep-gyawali-crying-viral-photos-videos-ai-fact-check,https://techpana.prixacdn.net/media/albums/pradeep-gyawali-techpana-news_VrIca4xXbn.jpg.760x430_q100_crop.jpg,प्रदीप ज्ञवाली रोएको तस्बिर र भिडियोहरू वास्तविक होइन एआईले हेरफेर गरिएको हो,1,Fabricated,"Pradeep Gyawali, CPN-UML, KP Sharma Oli",Politics,17/12/2025,ne,https://techpana.com/2025/154499/pradeep-gyawali-crying-viral-photos-videos-ai-fact-check,टेकपाना फ्याक्टचेकः एमाले नेता प्रदीप ज्ञवाली रोएको भन्दै भाइरल फोटो-भिडिओ एआई सिर्जित
TC_pradeep-gyawali-crying-viral-photos-videos-ai-fact-check,https://techpana.prixacdn.net/media/albums/pradeep-gyawali-techpana-news_VrIca4xXbn.jpg.760x430_q100_crop.jpg,ज्ञवाली रोएको तस्बिरलाई एआईले हेरफेर गरेको थियो । ओरिजिनल नेपाल प्रेस फोटोमा उनी रोइरहेका थिएनन् ।,0,Pristine,"Pradeep Gyawali, CPN-UML, KP Sharma Oli",Politics,17/12/2025,ne,https://techpana.com/2025/154499/pradeep-gyawali-crying-viral-photos-videos-ai-fact-check,टेकपाना फ्याक्टचेकः एमाले नेता प्रदीप ज्ञवाली रोएको भन्दै भाइरल फोटो-भिडिओ एआई सिर्जित
TC_techpana-factcheck-fake-claim-sheep-costume-spain-migration,https://techpana.prixacdn.net/media/albums/Misleading-news-men-pretending-sheep-arrest_GSQRjuFZur.png.760x430_q100_crop.jpg,भेडाको पोशाकमा स्पेन जाने व्यक्तिको दाबी गलत छ,1,Fabricated,Spain,Politics,18/12/2025,ne,https://techpana.com/2025/154219/techpana-factcheck-fake-claim-sheep-costume-spain-migration,फ्याक्टचेक: भेडाको भेषमा स्पेन जाँदा अल्जेरियाली नागरिक पक्राउ परे भन्दै फैलिएको दाबी भ्रामक
TC_techpana-factcheck-fake-claim-sheep-costume-spain-migration,https://techpana.prixacdn.net/media/albums/Misleading-news-men-pretending-sheep-arrest_GSQRjuFZur.png.760x430_q100_crop.jpg,भेडाको पोशाकमा स्पेन जाने व्यक्तिको दाबी गलत छ।,0,Pristine,Spain,Politics,18/12/2025,ne,https://techpana.com/2025/154219/techpana-factcheck-fake-claim-sheep-costume-spain-migration,फ्याक्टचेक: भेडाको भेषमा स्पेन जाँदा अल्जेरियाली नागरिक पक्राउ परे भन्दै फैलिएको दाबी भ्रामक
TC_techpana-fact-check-dhurmus-suntali-passport-tearing-video-ai-generated,https://techpana.prixacdn.net/media/albums/Misleading-Dhurmus-Suntali-passport-tearing-video_z8qnOu389E.png.760x430_q100_crop.jpg,धुर्मुस-सुन्तलीले आफ्नो राहदानी च्यातेको भिडियो एआई जेनेरेट गरिएको छ,1,Fabricated,"Sitaram Kattel Dhurmus, Kunjana Ghimire Suntali",Politics,20/12/2025,ne,https://techpana.com/2025/154506/techpana-fact-check-dhurmus-suntali-passport-tearing-video-ai-generated,फ्याक्टचेक: के धुर्मुस-सुन्तलीले पासपोर्ट च्यातेका हुन् ? यस्तो छ भाइरल भिडिओको वास्तविकता
TC_techpana-fact-check-dhurmus-suntali-passport-tearing-video-ai-generated,https://techpana.prixacdn.net/media/albums/Misleading-Dhurmus-Suntali-passport-tearing-video_z8qnOu389E.png.760x430_q100_crop.jpg,धुर्मुस–सुन्तलीले राहदानी च्यातेको भिडियो एआईले बनाएको हो ।,0,Pristine,"Sitaram Kattel Dhurmus, Kunjana Ghimire Suntali",Politics,20/12/2025,ne,https://techpana.com/2025/154506/techpana-fact-check-dhurmus-suntali-passport-tearing-video-ai-generated,फ्याक्टचेक: के धुर्मुस-सुन्तलीले पासपोर्ट च्यातेका हुन् ? यस्तो छ भाइरल भिडिओको वास्तविकता
TC_techpana-factcheck-old-photo-former-king-falsely-linked-to-pm-modi,https://techpana.prixacdn.net/media/albums/Misleading_o1ewd62zUw.png.760x430_q100_crop.jpg,पूर्वराजा ज्ञानेन्द्रको पुरानो तस्बिर भारतीय प्रधानमन्त्री मोदीसँगको भेटमा झुटो,1,Identity_Mismatch,"Gyanendra Shah, Narendra Modi, India, Nepal",Politics,23/12/2025,ne,https://techpana.com/2025/154600/techpana-factcheck-old-photo-former-king-falsely-linked-to-pm-modi,फ्याक्टचेक: के पूर्वराजाले भारतीय प्रधानमन्त्रीलाई भेटेका हुन् ? यस्तो छ भाइरल फोटोको यथार्थ
TC_techpana-factcheck-old-photo-former-king-falsely-linked-to-pm-modi,https://techpana.prixacdn.net/media/albums/Misleading_o1ewd62zUw.png.760x430_q100_crop.jpg,पूर्वराजा ज्ञानेन्द्रको पुरानो तस्बिर भारतीय प्रधानमन्त्री मोदीसँगको भेटघाटसँग जोडिएको छ ।,0,Pristine,"Gyanendra Shah, Narendra Modi, India, Nepal",Politics,23/12/2025,ne,https://techpana.com/2025/154600/techpana-factcheck-old-photo-former-king-falsely-linked-to-pm-modi,फ्याक्टचेक: के पूर्वराजाले भारतीय प्रधानमन्त्रीलाई भेटेका हुन् ? यस्तो छ भाइरल फोटोको यथार्थ
TC_fact-check-labim-mall-land-cruiser-giveaway-scam,https://techpana.prixacdn.net/media/albums/labim-mALL-SCAM-TECHPANA-NEWS_fiHcdyUOfJ.jpg.760x430_q100_crop.jpg,Labim Mall Land Cruiser giveaway on Facebook एक घोटाला हो,1,Fabricated,"Labim Mall, Kathmandu",Politics,24/12/2025,ne,https://techpana.com/2025/154613/fact-check-labim-mall-land-cruiser-giveaway-scam,फ्याक्टचेकः क्रिसमसमा ल्यान्ड क्रुजर दिने भनेपछि लबिम मलको नक्कली पेजमा झुम्मिए नेपाली
TC_fact-check-labim-mall-land-cruiser-giveaway-scam,https://techpana.prixacdn.net/media/albums/labim-mALL-SCAM-TECHPANA-NEWS_fiHcdyUOfJ.jpg.760x430_q100_crop.jpg,लाबिम मलले त्यस्तो कुनै उपहार नदिने पुष्टि गरेको छ। पोस्ट एक घोटाला हो।,0,Pristine,"Labim Mall, Kathmandu",Politics,24/12/2025,ne,https://techpana.com/2025/154613/fact-check-labim-mall-land-cruiser-giveaway-scam,फ्याक्टचेकः क्रिसमसमा ल्यान्ड क्रुजर दिने भनेपछि लबिम मलको नक्कली पेजमा झुम्मिए नेपाली
TC_techpana-factcheck-did-kp-oli-blame-congress-for-madan-bhandari-murder,https://techpana.prixacdn.net/media/albums/kp-oli-misleading-techpana-news_AFneMp1twA.jpg.760x430_q100_crop.jpg,केपी ओलीको भाइरल भिडियो क्लिपले कांग्रेस नेता उमेश गिरीलाई मदन भण्डारीको हत्याबारे आफ्नो दाबी नगरेको भनाइ उद्धृत गरेको प्रसंग हट्यो,1,Miscaptioned,"KP Sharma Oli, Madan Bhandari, Nepali Congress, Umesh Giri",Politics,02/01/2026,ne,https://techpana.com/2025/154677/techpana-factcheck-did-kp-oli-blame-congress-for-madan-bhandari-murder,फ्याक्टचेक: के ओलीले काङ्ग्रेसले मदन भण्डारी मार्ने जिम्मा आफूलाई दिएको दाबी गरेका हुन् ?
TC_techpana-factcheck-did-kp-oli-blame-congress-for-madan-bhandari-murder,https://techpana.prixacdn.net/media/albums/kp-oli-misleading-techpana-news_AFneMp1twA.jpg.760x430_q100_crop.jpg,भाइरल क्लिपले सन्दर्भ हटाउँछ। ओलीले कांग्रेस नेता उमेश गिरीले आफ्नो दाबी नगरेको बताए । पूरा २०२२ ऋषि धमला अन्तर्वार्ताले यो देखाउँछ।,0,Pristine,"KP Sharma Oli, Madan Bhandari, Nepali Congress, Umesh Giri",Politics,02/01/2026,ne,https://techpana.com/2025/154677/techpana-factcheck-did-kp-oli-blame-congress-for-madan-bhandari-murder,फ्याक्टचेक: के ओलीले काङ्ग्रेसले मदन भण्डारी मार्ने जिम्मा आफूलाई दिएको दाबी गरेका हुन् ?
TC_gagan-thapa-blacklist-election-ban-in-depth-story-annapurnapost-fake-news,https://techpana.prixacdn.net/media/albums/gagan-thapa-misleading-information-techpana-news_4XBYIi8vVH.jpg.760x430_q100_crop.jpg,निर्वाचन आयोगले अन्नपूर्ण पोस्टमा गगन थापालाई चुनावमा कालोसूची वा प्रतिबन्ध लगाएको छैन,1,Fabricated,"Gagan Thapa, Nepali Congress, Election Commission Nepal",Politics,02/01/2026,ne,https://techpana.com/2025/154735/gagan-thapa-blacklist-election-ban-in-depth-story-annapurnapost-fake-news,गगन थापा लगायत कालोसूचीमा परेको र चुनाव लड्न नपाउने भन्दै इन-डेफ्थ स्टोरी-अन्नपूर्णपोस्टले फैलाएको सूचना झुटो
TC_gagan-thapa-blacklist-election-ban-in-depth-story-annapurnapost-fake-news,https://techpana.prixacdn.net/media/albums/gagan-thapa-misleading-information-techpana-news_4XBYIi8vVH.jpg.760x430_q100_crop.jpg,गगन थापालाई कालोसूचीमा राखेर निर्वाचनबाट वञ्चित गरिएको दाबी गलत हो ।,0,Pristine,"Gagan Thapa, Nepali Congress, Election Commission Nepal",Politics,02/01/2026,ne,https://techpana.com/2025/154735/gagan-thapa-blacklist-election-ban-in-depth-story-annapurnapost-fake-news,गगन थापा लगायत कालोसूचीमा परेको र चुनाव लड्न नपाउने भन्दै इन-डेफ्थ स्टोरी-अन्नपूर्णपोस्टले फैलाएको सूचना झुटो
TC_balen-fake-post-about-removing-jhapa-from-nepal-map-fact-check,https://techpana.prixacdn.net/media/albums/techpana-fact-check-shobha-gyawali-ujwal-thapa-tiktoker_d5fMA5TCYs.jpg.760x430_q100_crop.jpg,बलेनले नेपालको नक्साबाट झापा हटाउने पोस्ट गरेनन्,1,Fabricated,"Balendra Shah, Jhapa, Nepal",Politics,08/01/2026,ne,https://techpana.com/2026/154756/balen-fake-post-about-removing-jhapa-from-nepal-map-fact-check,टेकपाना फ्याक्टचेकः बालेनले गरेका छैनन् केपीले जिते झापालाई नेपालको नक्साबाट हटाउने पोस्ट
TC_balen-fake-post-about-removing-jhapa-from-nepal-map-fact-check,https://techpana.prixacdn.net/media/albums/techpana-fact-check-shobha-gyawali-ujwal-thapa-tiktoker_d5fMA5TCYs.jpg.760x430_q100_crop.jpg,बालेनले त्यस्तो कुनै पोस्ट गरेका छैनन् । पोस्ट नक्कली हो।,0,Pristine,"Balendra Shah, Jhapa, Nepal",Politics,08/01/2026,ne,https://techpana.com/2026/154756/balen-fake-post-about-removing-jhapa-from-nepal-map-fact-check,टेकपाना फ्याक्टचेकः बालेनले गरेका छैनन् केपीले जिते झापालाई नेपालको नक्साबाट हटाउने पोस्ट
TC_harka-sampang-fake-x-account-viral-post-truth,https://techpana.prixacdn.net/media/albums/False-hark-sampang-tweet-about-putting-fire-in-sinhadarbar_PQPk4QqnHJ.jpg.760x430_q100_crop.jpg,भाइरल पोष्ट नक्कली हार्क साम्पाङ एक्स खाताबाट आएको थियो,1,Fabricated,Harka Sampang,Politics,28/01/2026,ne,https://techpana.com/2026/155384/harka-sampang-fake-x-account-viral-post-truth,फ्याक्टचेक: हर्क साम्पाङले तीन वर्ष पहिले सिंहदरबार जलाउने भन्दै पोस्ट गरेको दाबी मिथ्या
TC_harka-sampang-fake-x-account-viral-post-truth,https://techpana.prixacdn.net/media/albums/False-hark-sampang-tweet-about-putting-fire-in-sinhadarbar_PQPk4QqnHJ.jpg.760x430_q100_crop.jpg,भाइरल पोष्ट हर्क साम्पाङको नक्कल गर्ने नक्कली X खाताबाट आएको थियो।,0,Pristine,Harka Sampang,Politics,28/01/2026,ne,https://techpana.com/2026/155384/harka-sampang-fake-x-account-viral-post-truth,फ्याक्टचेक: हर्क साम्पाङले तीन वर्ष पहिले सिंहदरबार जलाउने भन्दै पोस्ट गरेको दाबी मिथ्या
TC_factcheck-viral-photo-harka-sampang-supporters-malaysia-ai-fake,https://techpana.prixacdn.net/media/albums/Misleading-hark-sampang-fake-techpana-factcheck_YM3kGy2H5A.jpg.760x430_q100_crop.jpg,मलेसियामा हार्का साम्पाङ समर्थकहरूको फोटो AI-उत्पन्न गरिएको छ,1,Fabricated,"Harka Sampang, Malaysia",Politics,28/01/2026,ne,https://techpana.com/2026/155398/factcheck-viral-photo-harka-sampang-supporters-malaysia-ai-fake,फ्याक्टचेक: हर्क साम्पाङलाई समर्थन गर्दै ‘माटो’मा भोट हाल्न मलेसियाबाट युवाहरू फर्किएको दाबीसहित भाइरल फोटो एआई निर्मित
TC_factcheck-viral-photo-harka-sampang-supporters-malaysia-ai-fake,https://techpana.prixacdn.net/media/albums/Misleading-hark-sampang-fake-techpana-factcheck_YM3kGy2H5A.jpg.760x430_q100_crop.jpg,मलेसियामा हार्का साम्पाङ समर्थकहरूको भाइरल फोटो एआई द्वारा उत्पन्न गरिएको हो।,0,Pristine,"Harka Sampang, Malaysia",Politics,28/01/2026,ne,https://techpana.com/2026/155398/factcheck-viral-photo-harka-sampang-supporters-malaysia-ai-fake,फ्याक्टचेक: हर्क साम्पाङलाई समर्थन गर्दै ‘माटो’मा भोट हाल्न मलेसियाबाट युवाहरू फर्किएको दाबीसहित भाइरल फोटो एआई निर्मित
TC_techpana-factcheck-ai-generated-photo-of-ashika-tamang-joining-rsp-goes-viral,https://techpana.prixacdn.net/media/albums/aashika-tamang-Misleading-post-techpana-news_yOSSvW3rh4.jpg.760x430_q100_crop.jpg,रवि र बलेनसँग आशिका तामाङ RSP मा प्रवेश गरेको तस्बिर AI द्वारा निर्मित हो,1,Fabricated,"Ashika Tamang, Rabi Lamichhane, Balendra Shah, RSP",Politics,04/01/2026,ne,https://techpana.com/2026/154788/techpana-factcheck-ai-generated-photo-of-ashika-tamang-joining-rsp-goes-viral,टेकपाना फ्याक्टचेकः आशिका तामाङ रास्वपा प्रवेश गरेको भन्दै एआई सिर्जित फोटो भाइरल
TC_techpana-factcheck-ai-generated-photo-of-ashika-tamang-joining-rsp-goes-viral,https://techpana.prixacdn.net/media/albums/aashika-tamang-Misleading-post-techpana-news_yOSSvW3rh4.jpg.760x430_q100_crop.jpg,फोटो AI-उत्पन्न भएको पुष्टि भयो। आशिका तामाङ कुनै पनि राजनीतिक दलमा प्रवेश गरेकी छैनन् ।,0,Pristine,"Ashika Tamang, Rabi Lamichhane, Balendra Shah, RSP",Politics,04/01/2026,ne,https://techpana.com/2026/154788/techpana-factcheck-ai-generated-photo-of-ashika-tamang-joining-rsp-goes-viral,टेकपाना फ्याक्टचेकः आशिका तामाङ रास्वपा प्रवेश गरेको भन्दै एआई सिर्जित फोटो भाइरल
TC_fact-check-false-claim-kp-oli-chased-out-from-jhapa-ai-generated-photo,https://techpana.prixacdn.net/media/albums/kp-oli-factcheck-techpana_HXDKys1Fp2.jpg.760x430_q100_crop.jpg,एआईले बनाएको तस्बिरले केपी ओलीलाई झापाबाट बाहिर निकालेको दाबी गरेको छ,1,Fabricated,"KP Sharma Oli, Jhapa, CPN-UML",Politics,29/01/2026,ne,https://techpana.com/2026/155399/fact-check-false-claim-kp-oli-chased-out-from-jhapa-ai-generated-photo,"फ्याक्टचेक: केपी ओलीलाई झापाबाट लखेटेको दाबी मिथ्या, फोटो एआई निर्मित"
TC_fact-check-false-claim-kp-oli-chased-out-from-jhapa-ai-generated-photo,https://techpana.prixacdn.net/media/albums/kp-oli-factcheck-techpana_HXDKys1Fp2.jpg.760x430_q100_crop.jpg,केपी ओलीलाई झापाबाट लखेटेको एआईले बनाएको फोटोमा झुटो दाबी गरिएको छ ।,0,Pristine,"KP Sharma Oli, Jhapa, CPN-UML",Politics,29/01/2026,ne,https://techpana.com/2026/155399/fact-check-false-claim-kp-oli-chased-out-from-jhapa-ai-generated-photo,"फ्याक्टचेक: केपी ओलीलाई झापाबाट लखेटेको दाबी मिथ्या, फोटो एआई निर्मित"
TC_fact-check-allied-forces-military-band-misrepresented-as-foreign-army-entering-nepal-on-social-media,https://techpana.prixacdn.net/media/albums/us-army-in-nepal-fact-check-techpana_FwmcRmp4U8.jpg.760x430_q100_crop.jpg,विदेशी सेना नेपाल प्रवेश गरेको भन्दै गठबन्धन सेनाको मिलिटरी ब्याण्डको भिडियो गलत प्रस्तुत गरिएको छ,1,Miscaptioned,"Nepal Army, Nepal",Politics,27/01/2026,ne,https://techpana.com/2026/155373/fact-check-allied-forces-military-band-misrepresented-as-foreign-army-entering-nepal-on-social-media,फ्याक्टचेकः मित्र राष्ट्रका सैनिकको नियमित ब्यान्डलाई ‘विदेशी सेना नेपाल छिरेको’ भन्दै सामाजिक सञ्जालमा आतङ्क
TC_fact-check-allied-forces-military-band-misrepresented-as-foreign-army-entering-nepal-on-social-media,https://techpana.prixacdn.net/media/albums/us-army-in-nepal-fact-check-techpana_FwmcRmp4U8.jpg.760x430_q100_crop.jpg,भिडियो नेपाल प्रवेश गरेको विदेशी सेनाको नभई सहयोगी सेनाको सैन्य ब्यान्डको हो ।,0,Pristine,"Nepal Army, Nepal",Politics,27/01/2026,ne,https://techpana.com/2026/155373/fact-check-allied-forces-military-band-misrepresented-as-foreign-army-entering-nepal-on-social-media,फ्याक्टचेकः मित्र राष्ट्रका सैनिकको नियमित ब्यान्डलाई ‘विदेशी सेना नेपाल छिरेको’ भन्दै सामाजिक सञ्जालमा आतङ्क
TC_factcheck-uml-candidate-money-for-votes-viral-video-misleading,https://techpana.prixacdn.net/media/albums/uml-distributing-money-misleading-techpana_factcheck_7k4SAipQjK.jpg.760x430_q100_crop.jpg,एमाले उम्मेदवारले भोटका लागि पैसा बाँडेको भिडियो भाइरल भएको पाइएको छ,1,Miscaptioned,CPN-UML,Politics,30/01/2026,ne,https://techpana.com/2026/155305/factcheck-uml-candidate-money-for-votes-viral-video-misleading,फ्याक्टचेक: एमाले उम्मेदवारले पैसा बाँड्दै भोट मागेको दाबीसहित भाइरल भिडिओ भ्रामक
TC_factcheck-uml-candidate-money-for-votes-viral-video-misleading,https://techpana.prixacdn.net/media/albums/uml-distributing-money-misleading-techpana_factcheck_7k4SAipQjK.jpg.760x430_q100_crop.jpg,एमाले उम्मेदवारको पैसा बाँडफाँडको भाइरल भिडियो भ्रामक,0,Pristine,CPN-UML,Politics,30/01/2026,ne,https://techpana.com/2026/155305/factcheck-uml-candidate-money-for-votes-viral-video-misleading,फ्याक्टचेक: एमाले उम्मेदवारले पैसा बाँड्दै भोट मागेको दाबीसहित भाइरल भिडिओ भ्रामक
TC_fact-check-is-the-viral-video-of-balen-shah-pushing-supporters-created-by-ai,https://techpana.prixacdn.net/media/albums/balen-Misleading-ai-techpana-news_WVuMYygmsg.jpg.760x430_q100_crop.jpg,बलेन शाहले समर्थकलाई धकेल्दै गरेको भाइरल भिडियो एआईले बनाएको हो,1,Fabricated,Balendra Shah,Politics,25/01/2026,ne,https://techpana.com/2026/155071/fact-check-is-the-viral-video-of-balen-shah-pushing-supporters-created-by-ai,फ्याक्टचेकः बालेनले कार्यकर्तालाई धकेलेको भिडिओ एआई सिर्जित भन्दै फैलाइएको दाबी भ्रामक
TC_fact-check-is-the-viral-video-of-balen-shah-pushing-supporters-created-by-ai,https://techpana.prixacdn.net/media/albums/balen-Misleading-ai-techpana-news_WVuMYygmsg.jpg.760x430_q100_crop.jpg,बलेन शाहले आफ्ना समर्थकहरूलाई धकेल्दै गरेको भाइरल भिडियो एआई-जेनेरेट गरिएको हो।,0,Pristine,Balendra Shah,Politics,25/01/2026,ne,https://techpana.com/2026/155071/fact-check-is-the-viral-video-of-balen-shah-pushing-supporters-created-by-ai,फ्याक्टचेकः बालेनले कार्यकर्तालाई धकेलेको भिडिओ एआई सिर्जित भन्दै फैलाइएको दाबी भ्रामक
TC_factcheck-kp-oli-chased-by-voters-viral-genz-protest-video-from-kathmandu-falsely-linked-to-jhapa,https://techpana.prixacdn.net/media/albums/kp-sharma-oli-jhapa-misleading-techpana-news.jpg,झापामा मतदाताले केपी ओलीलाई खेदेको दाबीसँग जोडिएको जेन-जेडको विरोधको भिडियो झूटो,1,Geographic_Mismatch,"KP Sharma Oli, Jhapa, Kathmandu, Gen-Z",Politics,30/01/2026,ne,https://techpana.com/2026/155300/factcheck-kp-oli-chased-by-voters-viral-genz-protest-video-from-kathmandu-falsely-linked-to-jhapa,फ्याक्टचेकः झापामा केपी ओलीलाई मतदाताले लेखेटे भन्दै जेनजी विद्रोहको काठमाडौँको भिडिओ भाइरल
TC_factcheck-kp-oli-chased-by-voters-viral-genz-protest-video-from-kathmandu-falsely-linked-to-jhapa,https://techpana.prixacdn.net/media/albums/kp-sharma-oli-jhapa-misleading-techpana-news.jpg,झापामा मतदाताले केपी ओलीलाई लखेटेको दाबी गर्नका लागि काठमाडौंको जेन-जेडको विरोधको भिडियो झूटो जोडिएको थियो।,0,Pristine,"KP Sharma Oli, Jhapa, Kathmandu, Gen-Z",Politics,30/01/2026,ne,https://techpana.com/2026/155300/factcheck-kp-oli-chased-by-voters-viral-genz-protest-video-from-kathmandu-falsely-linked-to-jhapa,फ्याक्टचेकः झापामा केपी ओलीलाई मतदाताले लेखेटे भन्दै जेनजी विद्रोहको काठमाडौँको भिडिओ भाइरल
TC_fake-facebook-post-linked-to-balen-shah-goes-viral-fact-check,https://techpana.prixacdn.net/media/albums/balen-shah-edited-post-techpana-news_wr17uFQcLL.jpg.760x430_q100_crop.jpg,बलेन शाहले नगरेको फेक फेसबुक पोस्ट भाइरल,1,Fabricated,Balendra Shah,Politics,10/01/2026,ne,https://techpana.com/2026/154937/fake-facebook-post-linked-to-balen-shah-goes-viral-fact-check,फ्याक्टचेक: बालेनले कुलमान र दलित समुदायबारे आपत्तिजनक टिप्पणी गरेको भन्दै नक्कली पोस्ट भाइरल
TC_fake-facebook-post-linked-to-balen-shah-goes-viral-fact-check,https://techpana.prixacdn.net/media/albums/balen-shah-edited-post-techpana-news_wr17uFQcLL.jpg.760x430_q100_crop.jpg,भाइरल भइरहेको फेसबुक पोस्ट बलेन शाहले गरेको होइन । यो नक्कली छ।,0,Pristine,Balendra Shah,Politics,10/01/2026,ne,https://techpana.com/2026/154937/fake-facebook-post-linked-to-balen-shah-goes-viral-fact-check,फ्याक्टचेक: बालेनले कुलमान र दलित समुदायबारे आपत्तिजनक टिप्पणी गरेको भन्दै नक्कली पोस्ट भाइरल
TC_fact-check-did-gagan-thapa-promise-free-mobiles-allowance-and-petrol,https://techpana.prixacdn.net/media/albums/Misleading-gagan-thapa-pm-agenda-finale_AKPUSUzzdL.jpg.760x430_q100_crop.jpg,गगन थापाले नि:शुल्क मोबाइल भत्ता दिने वाचा गरेनन् र पेट्रोलको दाबी झुटो हो,1,Fabricated,"Gagan Thapa, Nepali Congress",Politics,02/02/2026,ne,https://techpana.com/2026/155171/fact-check-did-gagan-thapa-promise-free-mobiles-allowance-and-petrol,"फ्याक्टचेक: गगन थापाले प्रधानमन्त्री बनेमा मोबाइल, भत्ता, पेट्रोल बाँड्ने घोषणा गरेका हुन् ?"
TC_fact-check-did-gagan-thapa-promise-free-mobiles-allowance-and-petrol,https://techpana.prixacdn.net/media/albums/Misleading-gagan-thapa-pm-agenda-finale_AKPUSUzzdL.jpg.760x430_q100_crop.jpg,गगन थापाले त्यस्तो वाचा गरेका छैनन् । दाबी गलत छ।,0,Pristine,"Gagan Thapa, Nepali Congress",Politics,02/02/2026,ne,https://techpana.com/2026/155171/fact-check-did-gagan-thapa-promise-free-mobiles-allowance-and-petrol,"फ्याक्टचेक: गगन थापाले प्रधानमन्त्री बनेमा मोबाइल, भत्ता, पेट्रोल बाँड्ने घोषणा गरेका हुन् ?"
TC_fact-check-balen-facebook-hidden-fake-reactions-claim-misleading,https://techpana.prixacdn.net/media/albums/techpana-factcheck_LR3AQEtAJ8.png.760x430_q100_crop.jpg,बालेन फेसबुकले नक्कली प्रतिक्रियाहरू लुकाएको दाबी भ्रामक छ,1,Miscaptioned,"Balendra Shah, Facebook",Politics,05/02/2026,ne,https://techpana.com/2026/155212/fact-check-balen-facebook-hidden-fake-reactions-claim-misleading,फ्याक्टचेकः बालेनले आफ्नो फेसबुक पेजमा फेक रियाक्ट हेर्न नमिल्ने गरी लुकाएको भन्ने दाबी भ्रामक
TC_fact-check-balen-facebook-hidden-fake-reactions-claim-misleading,https://techpana.prixacdn.net/media/albums/techpana-factcheck_LR3AQEtAJ8.png.760x430_q100_crop.jpg,बालेन फेसबुक लुकाउने प्रतिक्रियाहरूको बारेमा दावी भ्रामक छन्।,0,Pristine,"Balendra Shah, Facebook",Politics,05/02/2026,ne,https://techpana.com/2026/155212/fact-check-balen-facebook-hidden-fake-reactions-claim-misleading,फ्याक्टचेकः बालेनले आफ्नो फेसबुक पेजमा फेक रियाक्ट हेर्न नमिल्ने गरी लुकाएको भन्ने दाबी भ्रामक
TC_fact-check-claim-that-gen-z-uml-youth-smeared-black-soot-on-mahesh-basnet-is-false,https://techpana.prixacdn.net/media/albums/mahesh-basnet-lkalo-moso-techpana-factcheck-news_BgoWxYYPyP.jpg.760x430_q100_crop.jpg,महेश बस्नेतलाई जेनजेड र एमालेका युवाले कालो कालो हानेको दाबी गलत हो,1,Fabricated,"Mahesh Basnet, CPN-UML, Gen-Z",Politics,07/02/2026,ne,https://techpana.com/2026/155359/fact-check-claim-that-gen-z-uml-youth-smeared-black-soot-on-mahesh-basnet-is-false,"फ्याक्टचेकः जेनजी पुस्ताका एमालेकै युवाले महेश बस्नेतलाई कालो मोसो दलेको दाबी झुटो, एडिटेड फोटो भाइरल"
TC_fact-check-claim-that-gen-z-uml-youth-smeared-black-soot-on-mahesh-basnet-is-false,https://techpana.prixacdn.net/media/albums/mahesh-basnet-lkalo-moso-techpana-factcheck-news_BgoWxYYPyP.jpg.760x430_q100_crop.jpg,जनरल जेड र एमालेका युवाले महेश बस्नेतलाई कालो कालो हानेको दाबी गलत हो ।,0,Pristine,"Mahesh Basnet, CPN-UML, Gen-Z",Politics,07/02/2026,ne,https://techpana.com/2026/155359/fact-check-claim-that-gen-z-uml-youth-smeared-black-soot-on-mahesh-basnet-is-false,"फ्याक्टचेकः जेनजी पुस्ताका एमालेकै युवाले महेश बस्नेतलाई कालो मोसो दलेको दाबी झुटो, एडिटेड फोटो भाइरल"
TC_rajesh-hamal-deepak-raj-giri-fake-ai-photos-fact-check,https://techpana.prixacdn.net/media/albums/prachanda-Misleading-techpana-news_tERaDyJZwY.jpg.760x430_q100_crop.jpg,एआईले सेलिब्रेटी राजेश हमाल र दीपकराज गिरीको नक्कली तस्बिर सामाजिक सञ्जालमा भाइरल,1,Fabricated,"Rajesh Hamal, Deepak Raj Giri",Politics,08/02/2026,ne,https://techpana.com/2026/155258/rajesh-hamal-deepak-raj-giri-fake-ai-photos-fact-check,"फ्याक्टचेकः राजेश हमाल र दीपकराज गिरीले प्रचण्डलाई समर्थन गरेको दा告 भ्रामक, भाइरल फोटो नक्कली"
TC_rajesh-hamal-deepak-raj-giri-fake-ai-photos-fact-check,https://techpana.prixacdn.net/media/albums/prachanda-Misleading-techpana-news_tERaDyJZwY.jpg.760x430_q100_crop.jpg,राजेश हमाल र दीपकराज गिरीको नक्कली एआईले बनाएको तस्बिर चलिरहेको थियो ।,0,Pristine,"Rajesh Hamal, Deepak Raj Giri",Politics,08/02/2026,ne,https://techpana.com/2026/155258/rajesh-hamal-deepak-raj-giri-fake-ai-photos-fact-check,"फ्याक्टचेकः राजेश हमाल र दीपकराज गिरीले प्रचण्डलाई समर्थन गरेको दा告 भ्रामक, भाइरल फोटो नक्कली"
TC_fact-check-bardiya-teen-birendra-bk-aircraft-claim-false,https://techpana.prixacdn.net/media/albums/Misleading-aircraft-made-by-bardia-teenager_0xNXUiIiiR.png.760x430_q100_crop.jpg,बर्दियाका किशोर वीरेन्द्र विकले काम गर्ने विमान बनाएको दाबी गलत हो,1,Fabricated,"Birendra BK, Bardiya",Politics,03/02/2026,ne,https://techpana.com/2026/155134/fact-check-bardiya-teen-birendra-bk-aircraft-claim-false,"फ्याक्टचेक: बर्दियाका वीरेन्द्र विकले विमान बनाएको दाबी झुटो, भाइरल भिडिओ बङ्गलादेशको हो"
TC_fact-check-bardiya-teen-birendra-bk-aircraft-claim-false,https://techpana.prixacdn.net/media/albums/Misleading-aircraft-made-by-bardia-teenager_0xNXUiIiiR.png.760x430_q100_crop.jpg,बर्दियाका किशोरले काम गर्ने विमान बनाएको दाबी झुटो हो ।,0,Pristine,"Birendra BK, Bardiya",Politics,03/02/2026,ne,https://techpana.com/2026/155134/fact-check-bardiya-teen-birendra-bk-aircraft-claim-false,"फ्याक्टचेक: बर्दियाका वीरेन्द्र विकले विमान बनाएको दाबी झुटो, भाइरल भिडिओ बङ्गलादेशको हो"
TC_dailekh-methane-gas-112-billion-cubic-meters-oli-claim-factcheck,https://techpana.prixacdn.net/media/albums/kp-sharma-oli-misleading-techpana-news.jpg,दैलेखमा ११२ अर्ब घनमिटर मिथेन ग्यास रहेको केपी ओलीको दाबी भ्रामक र अप्रमाणित,1,Fabricated,"KP Sharma Oli, Dailekh, CPN-UML",Politics,04/02/2026,ne,https://techpana.com/2026/155331/dailekh-methane-gas-112-billion-cubic-meters-oli-claim-factcheck,फ्याक्टचेकः दैलेखमा १ खर्ब १२ अर्ब घनमिटर मिथेन ग्यास रहेको पुष्टि भएको केपी ओलीको दाबी भ्रामक
TC_dailekh-methane-gas-112-billion-cubic-meters-oli-claim-factcheck,https://techpana.prixacdn.net/media/albums/kp-sharma-oli-misleading-techpana-news.jpg,दैलेखमा ११२ अर्ब घनमिटर मिथेन रहेको दाबी भ्रामक छ । प्रमाणित गरिएको छैन।,0,Pristine,"KP Sharma Oli, Dailekh, CPN-UML",Politics,04/02/2026,ne,https://techpana.com/2026/155331/dailekh-methane-gas-112-billion-cubic-meters-oli-claim-factcheck,फ्याक्टचेकः दैलेखमा १ खर्ब १२ अर्ब घनमिटर मिथेन ग्यास रहेको पुष्टि भएको केपी ओलीको दाबी भ्रामक
TC_fact-check-viral-claim-rsp-demanded-2-crore-from-diwakar-sah-is-misleading,https://techpana.prixacdn.net/media/albums/diwaakar-shah-Misleading-claim-techpana-news_TEqwgxUdXB.jpg.760x430_q100_crop.jpg,दिवाकर साहसँग आरएसपीले २ करोड मागेको भाइरल दाबी भ्रामक छ,1,Miscaptioned,"RSP, Diwakar Sah",Politics,06/02/2026,ne,https://techpana.com/2026/155109/fact-check-viral-claim-rsp-demanded-2-crore-from-diwakar-sah-is-misleading,फ्याक्टचेक: दिवाकर साहबाट रास्वपाले टिकटका लागि २ करोड मागेको भन्दै भाइरल भएको पोस्ट भ्रामक
TC_fact-check-viral-claim-rsp-demanded-2-crore-from-diwakar-sah-is-misleading,https://techpana.prixacdn.net/media/albums/diwaakar-shah-Misleading-claim-techpana-news_TEqwgxUdXB.jpg.760x430_q100_crop.jpg,दिवाकर साहसँग आरएसपीले २ करोड मागेको भाइरल दाबी भ्रामक छ ।,0,Pristine,"RSP, Diwakar Sah",Politics,06/02/2026,ne,https://techpana.com/2026/155109/fact-check-viral-claim-rsp-demanded-2-crore-from-diwakar-sah-is-misleading,फ्याक्टचेक: दिवाकर साहबाट रास्वपाले टिकटका लागि २ करोड मागेको भन्दै भाइरल भएको पोस्ट भ्रामक
TC_fact-check-bhaktapur-2-incident-claim-involving-mahesh-basnet-debunked-as-ai-fabrication,https://techpana.prixacdn.net/media/albums/False-mahesh-basnet-cased-away-by-locals-in-bhaktapur_ygBF0Focqa.jpg.760x430_q100_crop.jpg,महेश बस्नेत भक्तपुर–२ घटनाबारे दाबी एआई मनगढन्ते हो,1,Fabricated,"Mahesh Basnet, CPN-UML, Bhaktapur",Politics,06/02/2026,ne,https://techpana.com/2026/155143/fact-check-bhaktapur-2-incident-claim-involving-mahesh-basnet-debunked-as-ai-fabrication,"फ्याक्टचेक: भक्तपुर-२ का स्थानीयले महेश बस्नेतलाई लखेटेको दाबी गलत, भाइरल तस्बिर एआई निर्मित"
TC_fact-check-bhaktapur-2-incident-claim-involving-mahesh-basnet-debunked-as-ai-fabrication,https://techpana.prixacdn.net/media/albums/False-mahesh-basnet-cased-away-by-locals-in-bhaktapur_ygBF0Focqa.jpg.760x430_q100_crop.jpg,महेश बस्नेत भक्तपुर–२ घटनाबारे दाबी एआई मनगठन हो ।,0,Pristine,"Mahesh Basnet, CPN-UML, Bhaktapur",Politics,06/02/2026,ne,https://techpana.com/2026/155143/fact-check-bhaktapur-2-incident-claim-involving-mahesh-basnet-debunked-as-ai-fabrication,"फ्याक्टचेक: भक्तपुर-२ का स्थानीयले महेश बस्नेतलाई लखेटेको दाबी गलत, भाइरल तस्बिर एआई निर्मित"
TC_factcheck-ai-poster-falsely-claims-oli-won-survey-in-jhapa-5,https://techpana.prixacdn.net/media/albums/balen-kp-sharma-oli-Misleading-factcheck-techpana-news_DOBXpFyOcN.jpg.760x430_q100_crop.jpg,झापा–५ मा केपी ओली विजयी भएको दाबी गर्ने एआई पोस्टर झुटो हो,1,Fabricated,"KP Sharma Oli, Jhapa-5, CPN-UML",Politics,28/01/2026,ne,https://techpana.com/2026/155052/factcheck-ai-poster-falsely-claims-oli-won-survey-in-jhapa-5,"फ्याक्टचेकः झापा-५ मा सर्वेक्षण गर्दा बालेनलाई ओलीले जिते भन्दै एआई पोस्टर भाइरल, डेटा पनि फेक"
TC_factcheck-ai-poster-falsely-claims-oli-won-survey-in-jhapa-5,https://techpana.prixacdn.net/media/albums/balen-kp-sharma-oli-Misleading-factcheck-techpana-news_DOBXpFyOcN.jpg.760x430_q100_crop.jpg,झापा–५ को सर्वेक्षणमा ओलीले जितेको दाबी गर्ने एआईले बनाएको पोस्टर झुटो हो ।,0,Pristine,"KP Sharma Oli, Jhapa-5, CPN-UML",Politics,28/01/2026,ne,https://techpana.com/2026/155052/factcheck-ai-poster-falsely-claims-oli-won-survey-in-jhapa-5,"फ्याक्टचेकः झापा-५ मा सर्वेक्षण गर्दा बालेनलाई ओलीले जिते भन्दै एआई पोस्टर भाइरल, डेटा पनि फेक"
TC_false-claim-kulman-ghising-blocked-jobs-for-gen-z-martyrs-families,https://techpana.prixacdn.net/media/albums/Misleading-kulman-ghishing-hitendra_ljpgbGshAD.jpg.760x430_q100_crop.jpg,कुलमान घिसिङले जनरल जेड शहीद परिवारलाई जागिर रोकेको दाबी गलत हो,1,Fabricated,"Kulman Ghising, Gen-Z, Nepal Electricity Authority",Politics,27/01/2026,ne,https://techpana.com/2026/155042/false-claim-kulman-ghising-blocked-jobs-for-gen-z-martyrs-families,फ्याक्टचेक: हितेन्द्रले जेनजी सहिद परिवारलाई रोजगारी दिनलाग्दा कुलमानले अवरोध गरेको दाबी झुटो
TC_false-claim-kulman-ghising-blocked-jobs-for-gen-z-martyrs-families,https://techpana.prixacdn.net/media/albums/Misleading-kulman-ghishing-hitendra_ljpgbGshAD.jpg.760x430_q100_crop.jpg,कुलमान घिसिङले जनरल जेड सहिद परिवारलाई रोजगारीमा रोक लगाएको दाबी गलत हो ।,0,Pristine,"Kulman Ghising, Gen-Z, Nepal Electricity Authority",Politics,27/01/2026,ne,https://techpana.com/2026/155042/false-claim-kulman-ghising-blocked-jobs-for-gen-z-martyrs-families,फ्याक्टचेक: हितेन्द्रले जेनजी सहिद परिवारलाई रोजगारी दिनलाग्दा कुलमानले अवरोध गरेको दाबी झुटो
TC_fact-check-false-claims-president-paudel-rsp-leaders-monarchy-restoration,https://techpana.prixacdn.net/media/albums/False_8sqaK98oHY.png.760x430_q100_crop.jpg,सभापति पौडेल र राप्रपाका नेताहरु राजतन्त्र पुनर्स्थापनामा सहमत भएको दाबी गलत हो,1,Fabricated,"Ram Chandra Paudel, RSP, Nepal",Politics,22/01/2026,ne,https://techpana.com/2026/154858/fact-check-false-claims-president-paudel-rsp-leaders-monarchy-restoration,फ्याक्टचेक: राष्ट्रपति र रास्वपा नेताहरूले राजसंस्था फर्काउने कुरा गरेको दाबी झुटो
TC_fact-check-false-claims-president-paudel-rsp-leaders-monarchy-restoration,https://techpana.prixacdn.net/media/albums/False_8sqaK98oHY.png.760x430_q100_crop.jpg,सभापति पौडेल र राप्रपा राजतन्त्र पुनर्स्थापनामा सहमत भएको दाबी गलत हो ।,0,Pristine,"Ram Chandra Paudel, RSP, Nepal",Politics,22/01/2026,ne,https://techpana.com/2026/154858/fact-check-false-claims-president-paudel-rsp-leaders-monarchy-restoration,फ्याक्टचेक: राष्ट्रपति र रास्वपा नेताहरूले राजसंस्था फर्काउने कुरा गरेको दाबी झुटो
TC_fact-check-viral-photo-of-massive-congress-crowd-in-nuwakot-is-ai-edited,https://techpana.prixacdn.net/media/albums/prakash-sharan-mahat-techpana-factcheck_JIVdKvgDeI.jpg.760x430_q100_crop.jpg,नुवाकोटमा कांग्रेसको ठुलो भीडको तस्बिरलाई बढाइचढाइ गर्न AI-edit गरिएको छ,1,Fabricated,"Nepali Congress, Nuwakot",Politics,10/02/2026,ne,https://techpana.com/2026/155352/fact-check-viral-photo-of-massive-congress-crowd-in-nuwakot-is-ai-edited,फ्याक्टचेक: नुवाकोटमा ‘काँग्रेसको विशाल माहोल’ भन्दै एआईबाट सम्पादित फोटो भाइरल
TC_fact-check-viral-photo-of-massive-congress-crowd-in-nuwakot-is-ai-edited,https://techpana.prixacdn.net/media/albums/prakash-sharan-mahat-techpana-factcheck_JIVdKvgDeI.jpg.760x430_q100_crop.jpg,तस्बिर कांग्रेसको र्‍यालीमा भीडको आकार बढाइचढाइ गर्न एआई-सम्पादन गरिएको हो।,0,Pristine,"Nepali Congress, Nuwakot",Politics,10/02/2026,ne,https://techpana.com/2026/155352/fact-check-viral-photo-of-massive-congress-crowd-in-nuwakot-is-ai-edited,फ्याक्टचेक: नुवाकोटमा ‘काँग्रेसको विशाल माहोल’ भन्दै एआईबाट सम्पादित फोटो भाइरल
TC_factcheck-viral-video-child-domestic-worker-found-inside-box-bed-india-not-nepal,https://techpana.prixacdn.net/media/albums/domestic-child-abuse-factcheck-techpana_bI4yKr61Xr.jpg.760x430_q100_crop.jpg,घरेलु कामदारलाई बक्समा थुनेको भिडियो नेपालको नभई भारतको हो,1,Geographic_Mismatch,"India, Nepal",Politics,12/02/2026,ne,https://techpana.com/2026/155313/factcheck-viral-video-child-domestic-worker-found-inside-box-bed-india-not-nepal,फ्याक्टचेक: घरेलु कामदार बालिका बक्स बेडभित्र फेला परेको भाइरल भिडि‌ओ नेपालको नभइ भारतको
TC_factcheck-viral-video-child-domestic-worker-found-inside-box-bed-india-not-nepal,https://techpana.prixacdn.net/media/albums/domestic-child-abuse-factcheck-techpana_bI4yKr61Xr.jpg.760x430_q100_crop.jpg,भिडियो नेपालको नभई भारतको हो ।,0,Pristine,"India, Nepal",Politics,12/02/2026,ne,https://techpana.com/2026/155313/factcheck-viral-video-child-domestic-worker-found-inside-box-bed-india-not-nepal,फ्याक्टचेक: घरेलु कामदार बालिका बक्स बेडभित्र फेला परेको भाइरल भिडि‌ओ नेपालको नभइ भारतको
TC_fact-check-balen-shah-35-lakh-alcohol-debt-claim-misleading,https://techpana.prixacdn.net/media/albums/Misleading-balen-udaro-misleading_7pvcvRmfeF.jpg.760x430_q100_crop.jpg,बलेन शाहको ३५ लाखको मदिरा ऋण रहेको दाबी भ्रामक छ,1,Fabricated,Balendra Shah,Politics,13/02/2026,ne,https://techpana.com/2026/155181/fact-check-balen-shah-35-lakh-alcohol-debt-claim-misleading,फ्याक्टचेकः बालेनले होटलमा बिहान-बेलुका रक्सी खाएर ३५ लाख उधारो राखी फरार भएको दाबी भ्रामक
TC_fact-check-balen-shah-35-lakh-alcohol-debt-claim-misleading,https://techpana.prixacdn.net/media/albums/Misleading-balen-udaro-misleading_7pvcvRmfeF.jpg.760x430_q100_crop.jpg,बलेन शाहको ३५ लाखको मदिरा ऋणको दाबी भ्रामक छ ।,0,Pristine,Balendra Shah,Politics,13/02/2026,ne,https://techpana.com/2026/155181/fact-check-balen-shah-35-lakh-alcohol-debt-claim-misleading,फ्याक्टचेकः बालेनले होटलमा बिहान-बेलुका रक्सी खाएर ३५ लाख उधारो राखी फरार भएको दाबी भ्रामक
TC_viral-claim-of-rohit-sharma-gifting-a-bike-to-dipendra-airee-is-false,https://techpana.prixacdn.net/media/albums/dipendra-singh-airee-car-gift-fake-techpana-news_QHe1fdFK8p.jpg.760x430_q100_crop.jpg,रोहित शर्माले दिपेन्द्र ऐरीलाई बाइक उपहार दिएको दाबी गलत हो,1,Fabricated,"Rohit Sharma, Dipendra Airee, India, Nepal",Politics,31/01/2026,ne,https://techpana.com/2026/155407/viral-claim-of-rohit-sharma-gifting-a-bike-to-dipendra-airee-is-false,"रोहित शर्माले दिपेन्द्रसिंह ऐरीलाई बाइक उपहार दिएको दाबी मिथ्या, एआई सिर्जित तस्बिर भाइरल"
TC_viral-claim-of-rohit-sharma-gifting-a-bike-to-dipendra-airee-is-false,https://techpana.prixacdn.net/media/albums/dipendra-singh-airee-car-gift-fake-techpana-news_QHe1fdFK8p.jpg.760x430_q100_crop.jpg,भारतीय क्रिकेट कप्तान रोहित शर्माले नेपाली क्रिकेटर दीपेन्द्र ऐरीलाई बाइक उपहार दिएनन् ।,0,Pristine,"Rohit Sharma, Dipendra Airee, India, Nepal",Politics,31/01/2026,ne,https://techpana.com/2026/155407/viral-claim-of-rohit-sharma-gifting-a-bike-to-dipendra-airee-is-false,"रोहित शर्माले दिपेन्द्रसिंह ऐरीलाई बाइक उपहार दिएको दाबी मिथ्या, एआई सिर्जित तस्बिर भाइरल"
TC_fact-check-bhojraj-thapa-illness-viral-fake-ai-photos-exposed,https://techpana.prixacdn.net/media/albums/bhojraj-thapa-misleading-ai-generated-news-viral_nXh9EI0lYm.png.760x430_q100_crop.jpg,भोजराज थापा बिरामी छन् तर उनलाई भेट्न आएका रवि र बलेनका तस्बिरहरू एआई-जेनेरेट हुन्,1,Fabricated,"Bhojraj Thapa, Rabi Lamichhane, Balendra Shah",Politics,13/01/2026,ne,https://techpana.com/2026/154927/fact-check-bhojraj-thapa-illness-viral-fake-ai-photos-exposed,फ्याक्टचेकः युट्युबर भोजराज थापा बिरामी भएको मौका छोपी लाइक भ्युजका लागि टिठलाग्दो देखिने एआई फोटोको खेती
TC_fact-check-bhojraj-thapa-illness-viral-fake-ai-photos-exposed,https://techpana.prixacdn.net/media/albums/bhojraj-thapa-misleading-ai-generated-news-viral_nXh9EI0lYm.png.760x430_q100_crop.jpg,भोजराज थापा बिरामी छन् तर उनलाई भेट्न आएका रवि र बलेनका तस्बिरहरू एआई-जेनेरेट हुन्।,0,Pristine,"Bhojraj Thapa, Rabi Lamichhane, Balendra Shah",Politics,13/01/2026,ne,https://techpana.com/2026/154927/fact-check-bhojraj-thapa-illness-viral-fake-ai-photos-exposed,फ्याक्टचेकः युट्युबर भोजराज थापा बिरामी भएको मौका छोपी लाइक भ्युजका लागि टिठलाग्दो देखिने एआई फोटोको खेती
TC_fact-check-misleading-two-month-old-video-viral-claiming-mahesh-basnet-beaten-in-dhangadhi,https://techpana.prixacdn.net/media/albums/mahesh-basnet-dhangadhi-fact-check_oWEQ3e8ZJo.jpg.760x430_q100_crop.jpg,महेश बस्नेतले धनगढीमा कुटपिट गरेको भन्दै भ्रामक रुपमा दुई महिना पुरानो भिडियो सेयर गरिएको छ,1,Temporal_Mismatch,"Mahesh Basnet, CPN-UML, Dhangadhi",Politics,15/02/2026,ne,https://techpana.com/2026/155277/fact-check-misleading-two-month-old-video-viral-claiming-mahesh-basnet-beaten-in-dhangadhi,फ्याक्टचेक: धनगढीमा महेश बस्नेतले कुटाई खाएको भन्दै दुई महिना पुरानो भ्रामक भिडिओ भाइरल
TC_fact-check-misleading-two-month-old-video-viral-claiming-mahesh-basnet-beaten-in-dhangadhi,https://techpana.prixacdn.net/media/albums/mahesh-basnet-dhangadhi-fact-check_oWEQ3e8ZJo.jpg.760x430_q100_crop.jpg,भिडियो दुई महिना पुरानो हो र हालैको घटनाको रूपमा भ्रामक रूपमा साझा गरिएको थियो।,0,Pristine,"Mahesh Basnet, CPN-UML, Dhangadhi",Politics,15/02/2026,ne,https://techpana.com/2026/155277/fact-check-misleading-two-month-old-video-viral-claiming-mahesh-basnet-beaten-in-dhangadhi,फ्याक्टचेक: धनगढीमा महेश बस्नेतले कुटाई खाएको भन्दै दुई महिना पुरानो भ्रामक भिडिओ भाइरल
TC_kp-oli-smoking-photo-fact-check-edited-image,https://techpana.prixacdn.net/media/albums/Misleading-kp-oli-smoking_ehR2UJoHGM.jpg.760x430_q100_crop.jpg,केपी शर्मा ओली चुरोट पिउदै गरेको तस्बिर सम्पादन गरिएको छ,1,Fabricated,"KP Sharma Oli, CPN-UML",Politics,18/01/2026,ne,https://techpana.com/2026/155148/kp-oli-smoking-photo-fact-check-edited-image,फ्याक्टचेक: केपी ओलीले चुरोट तानेको भन्दै भाइरल भइरहेको फोटो ‘एडिटेड’
TC_kp-oli-smoking-photo-fact-check-edited-image,https://techpana.prixacdn.net/media/albums/Misleading-kp-oli-smoking_ehR2UJoHGM.jpg.760x430_q100_crop.jpg,केपी ओलीको धुम्रपानको तस्बिर सम्पादन र मनगढन्ते ।,0,Pristine,"KP Sharma Oli, CPN-UML",Politics,18/01/2026,ne,https://techpana.com/2026/155148/kp-oli-smoking-photo-fact-check-edited-image,फ्याक्टचेक: केपी ओलीले चुरोट तानेको भन्दै भाइरल भइरहेको फोटो ‘एडिटेड’
TC_rabi-lamichhane-and-jwala-sangraula-edited-photo-viral,https://techpana.prixacdn.net/media/albums/Misleading-rabi-jwala-sangraula_wlq9cByNIK.png.760x430_q100_crop.jpg,ज्वाला संग्रौलासँग रवि लामिछानेको तस्बिर भाइरल,1,Fabricated,"Rabi Lamichhane, Jwala Sangraula, RSP",Politics,15/01/2026,ne,https://techpana.com/2026/154874/rabi-lamichhane-and-jwala-sangraula-edited-photo-viral,रवि लामिछाने र ज्वाला सङ्ग्रौलाको फोटो भन्दै जोडी जस्तै देखिने गरी एडिट गरिएको फोटो भाइरल
TC_rabi-lamichhane-and-jwala-sangraula-edited-photo-viral,https://techpana.prixacdn.net/media/albums/Misleading-rabi-jwala-sangraula_wlq9cByNIK.png.760x430_q100_crop.jpg,ज्वाला संग्रौलासँग रवि लामिछानेको तस्बिर भाइरल,0,Pristine,"Rabi Lamichhane, Jwala Sangraula, RSP",Politics,15/01/2026,ne,https://techpana.com/2026/154874/rabi-lamichhane-and-jwala-sangraula-edited-photo-viral,रवि लामिछाने र ज्वाला सङ्ग्रौलाको फोटो भन्दै जोडी जस्तै देखिने गरी एडिट गरिएको फोटो भाइरल
TC_fact-check-did-ex-annfsu-president-sujan-kadariya-send-tesla-to-pick-up-balen,https://techpana.prixacdn.net/media/albums/Misleading-balen-tesla-sujan-kadariya_l98jyUrXsU.jpg.760x430_q100_crop.jpg,अनेरास्ववियुका पूर्वअध्यक्ष सुजन कडारियाले टेस्लाले बलेनलाई लिन पठाएको दाबी गलत हो,1,Fabricated,"Sujan Kadariya, Balendra Shah, ANNFSU",Politics,09/02/2026,ne,https://techpana.com/2026/155122/fact-check-did-ex-annfsu-president-sujan-kadariya-send-tesla-to-pick-up-balen,फ्याक्टचेकः के अनेरास्वियुका पूर्व अध्यक्ष सुजन कडरियाले आफ्नो टेस्ला बालेन लिन पठाएका हुन् ?
TC_fact-check-did-ex-annfsu-president-sujan-kadariya-send-tesla-to-pick-up-balen,https://techpana.prixacdn.net/media/albums/Misleading-balen-tesla-sujan-kadariya_l98jyUrXsU.jpg.760x430_q100_crop.jpg,अनेरास्ववियुका पूर्वअध्यक्ष सुजन कडारियाले टेस्लाले बलेनलाई लिन पठाएको दाबी गलत हो ।,0,Pristine,"Sujan Kadariya, Balendra Shah, ANNFSU",Politics,09/02/2026,ne,https://techpana.com/2026/155122/fact-check-did-ex-annfsu-president-sujan-kadariya-send-tesla-to-pick-up-balen,फ्याक्टचेकः के अनेरास्वियुका पूर्व अध्यक्ष सुजन कडरियाले आफ्नो टेस्ला बालेन लिन पठाएका हुन् ?
TC_fact-check-ai-video-viral-claim-rsp-supporters-rally-rukum,https://techpana.prixacdn.net/media/albums/rsp-techpana-factcheck-rukum-techpana-news_yriwARVG9S.png.760x430_q100_crop.jpg,रुकुममा आरएसपी समर्थकहरुको विशाल जुलुस झुटो भएको दाबी गर्दै एआईले भिडियो बनाएको छ,1,Fabricated,"RSP, Rukum",Politics,17/02/2026,ne,https://techpana.com/2026/155285/fact-check-ai-video-viral-claim-rsp-supporters-rally-rukum,फ्याक्टचेकः रुकुममा रास्वपाका समर्थकको र्‍याली भन्दै एआई भिडिओ भाइरल
TC_fact-check-ai-video-viral-claim-rsp-supporters-rally-rukum,https://techpana.prixacdn.net/media/albums/rsp-techpana-factcheck-rukum-techpana-news_yriwARVG9S.png.760x430_q100_crop.jpg,रुकुममा आरएसपी समर्थकहरूको विशाल जुलुसको दाबी गर्ने भिडियो एआई द्वारा निर्मित हो।,0,Pristine,"RSP, Rukum",Politics,17/02/2026,ne,https://techpana.com/2026/155285/fact-check-ai-video-viral-claim-rsp-supporters-rally-rukum,फ्याक्टचेकः रुकुममा रास्वपाका समर्थकको र्‍याली भन्दै एआई भिडिओ भाइरल
TC_fact-check-jyoti-magar-chandrauta-festival-video-misleading,https://techpana.prixacdn.net/media/albums/Misleading-jyoti-magar-mahotsav_ID40qSS03M.png.760x430_q100_crop.jpg,ज्योति मगर चन्द्रौता चाड पर्वको भिडियो साझा भ्रामक दाबी सहित,1,Miscaptioned,"Jyoti Magar, Chandrauta",Politics,25/01/2026,ne,https://techpana.com/2026/154968/fact-check-jyoti-magar-chandrauta-festival-video-misleading,फ्याक्टचेक: चन्द्रौटा महोत्सवमा ज्योति मगरलाई लखेटिएको दाबीसहितका भिडिओ भ्रामक
TC_fact-check-jyoti-magar-chandrauta-festival-video-misleading,https://techpana.prixacdn.net/media/albums/Misleading-jyoti-magar-mahotsav_ID40qSS03M.png.760x430_q100_crop.jpg,ज्योति मगर चन्द्रौता चाड पर्वको भिडियो साझा भ्रामक दाबी सहित।,0,Pristine,"Jyoti Magar, Chandrauta",Politics,25/01/2026,ne,https://techpana.com/2026/154968/fact-check-jyoti-magar-chandrauta-festival-video-misleading,फ्याक्टचेक: चन्द्रौटा महोत्सवमा ज्योति मगरलाई लखेटिएको दाबीसहितका भिडिओ भ्रामक
TC_fact-check-no-chief-justice-did-not-blame-balen-for-court-arson,https://techpana.prixacdn.net/media/albums/mahesh-basnet-misleading-techpana-news-gactcheck_HWUXllM8AK.jpg.760x430_q100_crop.jpg,प्रधानन्यायाधीशले बालेनलाई अदालतमा आगजनी गरेको दाबी गलत भएको आरोप लगाएनन्,1,Fabricated,"Chief Justice, Balendra Shah, Nepal",Politics,08/02/2026,ne,https://techpana.com/2026/155161/fact-check-no-chief-justice-did-not-blame-balen-for-court-arson,फ्याक्टचेकः नझुक्किनुस् ! महेश बस्नेतले दाबी गरे जस्तो प्रधानन्याधीशले ‘अदालत जलाउनमा १००% बालेनको हात छ’ भनेका छैनन्
TC_fact-check-no-chief-justice-did-not-blame-balen-for-court-arson,https://techpana.prixacdn.net/media/albums/mahesh-basnet-misleading-techpana-news-gactcheck_HWUXllM8AK.jpg.760x430_q100_crop.jpg,प्रधानन्यायाधीशले अदालतमा आगजनी गरेकोमा बालेनलाई दोष दिएनन्। दाबी गलत छ।,0,Pristine,"Chief Justice, Balendra Shah, Nepal",Politics,08/02/2026,ne,https://techpana.com/2026/155161/fact-check-no-chief-justice-did-not-blame-balen-for-court-arson,फ्याक्टचेकः नझुक्किनुस् ! महेश बस्नेतले दाबी गरे जस्तो प्रधानन्याधीशले ‘अदालत जलाउनमा १००% बालेनको हात छ’ भनेका छैनन्
TC_fact-check-no-arrest-made-in-balen-shooting-threat-case-viral-photos-ai-generated,https://techpana.prixacdn.net/media/albums/Misleading-balen-murder-planner-arrested_u3t4kjmNkY.jpg.760x430_q100_crop.jpg,बलेन गोली हानेको धम्की प्रकरणमा कुनै पनि पक्राउ परेन भाइरल गिरफ्तारी तस्बिरहरू एआई-जेनरेट हुन्,1,Fabricated,Balendra Shah,Politics,10/02/2026,ne,https://techpana.com/2026/155084/fact-check-no-arrest-made-in-balen-shooting-threat-case-viral-photos-ai-generated,"फ्याक्टचेकः बालेनलाई गोली हान्नुपर्छ भन्ने व्यक्ति पक्राउ परेका छैनन्, भाइरल फोटो एआई सिर्जित"
TC_fact-check-no-arrest-made-in-balen-shooting-threat-case-viral-photos-ai-generated,https://techpana.prixacdn.net/media/albums/Misleading-balen-murder-planner-arrested_u3t4kjmNkY.jpg.760x430_q100_crop.jpg,बलेनलाई गोली हानेको धम्की प्रकरणमा पक्राउ परेका छैनन् । भाइरल गिरफ्तारी तस्बिरहरू AI-उत्पन्न हुन्।,0,Pristine,Balendra Shah,Politics,10/02/2026,ne,https://techpana.com/2026/155084/fact-check-no-arrest-made-in-balen-shooting-threat-case-viral-photos-ai-generated,"फ्याक्टचेकः बालेनलाई गोली हान्नुपर्छ भन्ने व्यक्ति पक्राउ परेका छैनन्, भाइरल फोटो एआई सिर्जित"
TC_viral-video-rajesh-hamal-speech-misleading-claim,https://techpana.prixacdn.net/media/albums/Misleading-rajesh-hamal-kp-oli_LBkTaUBGQI.jpg.760x430_q100_crop.jpg,राजेश हमालको भनाइलाई भ्रामक दाबीसहित सन्दर्भ बाहिर निकालिएको थियो,1,Miscaptioned,Rajesh Hamal,Politics,16/02/2026,ne,https://techpana.com/2026/155237/viral-video-rajesh-hamal-speech-misleading-claim,फ्याक्टचेक: राजेश हमालले केपी ओलीकै अघि ‘देश कहाँ पुग्यो ?’ भनेर कटाक्ष गरेको दाबी भ्रामक
TC_viral-video-rajesh-hamal-speech-misleading-claim,https://techpana.prixacdn.net/media/albums/Misleading-rajesh-hamal-kp-oli_LBkTaUBGQI.jpg.760x430_q100_crop.jpg,राजेश हमालको भनाइलाई भ्रामक दाबीसहित सन्दर्भ बाहिर निकालिएको थियो ।,0,Pristine,Rajesh Hamal,Politics,16/02/2026,ne,https://techpana.com/2026/155237/viral-video-rajesh-hamal-speech-misleading-claim,फ्याक्टचेक: राजेश हमालले केपी ओलीकै अघि ‘देश कहाँ पुग्यो ?’ भनेर कटाक्ष गरेको दाबी भ्रामक
TC_gagan-thapa-congress-not-party-of-poor-fact-check,https://techpana.prixacdn.net/media/albums/Misleading-gagan-thapa-speech-false-claim_u8L8EmleC9.jpg.760x430_q100_crop.jpg,गगन थापाले काङ्ग्रेस पार्टीबारे बोलेका शब्दलाई प्रसंगभन्दा बाहिर निकालियो,1,Miscaptioned,"Gagan Thapa, Nepali Congress",Politics,18/02/2026,ne,https://techpana.com/2026/155251/gagan-thapa-congress-not-party-of-poor-fact-check,फ्याक्टचेक: के गगन थापाले ‘काँग्रेस गरिब र सुकुम्वासीको पार्टी होइन’ भनेका हुन् ?
TC_gagan-thapa-congress-not-party-of-poor-fact-check,https://techpana.prixacdn.net/media/albums/Misleading-gagan-thapa-speech-false-claim_u8L8EmleC9.jpg.760x430_q100_crop.jpg,गगन थापाले कांग्रेसबारे बोलेका शब्दलाई प्रसंग बाहिर निकालियो ।,0,Pristine,"Gagan Thapa, Nepali Congress",Politics,18/02/2026,ne,https://techpana.com/2026/155251/gagan-thapa-congress-not-party-of-poor-fact-check,फ्याक्टचेक: के गगन थापाले ‘काँग्रेस गरिब र सुकुम्वासीको पार्टी होइन’ भनेका हुन् ?
TC_techpana-factcheck-sushila-karki-balen-election-support-video-15-months-old-misleading,https://techpana.prixacdn.net/media/albums/Misleading-pm-karki-supported-balen_69Oe9i746h.jpg.760x430_q100_crop.jpg,बलेनलाई सुशीला कार्कीको स्पष्ट समर्थनको भिडियो अहिलेको चुनावी समर्थन होइन 15 महिना पुरानो हो,1,Temporal_Mismatch,"Sushila Karki, Balendra Shah",Politics,20/02/2026,ne,https://techpana.com/2026/155230/techpana-factcheck-sushila-karki-balen-election-support-video-15-months-old-misleading,फ्याक्टचेकः प्रधानमन्त्री सुशीला कार्कीले चुनावमा बालेनलाई समर्थन गरेको जस्तो देखाउने भाइरल भिडिओ १५ महिना पुरानो
TC_techpana-factcheck-sushila-karki-balen-election-support-video-15-months-old-misleading,https://techpana.prixacdn.net/media/albums/Misleading-pm-karki-supported-balen_69Oe9i746h.jpg.760x430_q100_crop.jpg,भिडियो 15 महिना पुरानो हो जुन वर्तमान चुनाव समर्थनको रूपमा साझा गरिएको छ।,0,Pristine,"Sushila Karki, Balendra Shah",Politics,20/02/2026,ne,https://techpana.com/2026/155230/techpana-factcheck-sushila-karki-balen-election-support-video-15-months-old-misleading,फ्याक्टचेकः प्रधानमन्त्री सुशीला कार्कीले चुनावमा बालेनलाई समर्थन गरेको जस्तो देखाउने भाइरल भिडिओ १५ महिना पुरानो
TC_fact-check-alleged-audio-leak-between-swarnim-wagle-and-indian-pm-modi-is-fake,https://techpana.prixacdn.net/media/albums/swarnim-wagle-audio-fake-techpana-news_C6j1iTR0tZ.jpg.760x430_q100_crop.jpg,स्वर्णिम वाग्ले र भारतीय प्रधानमन्त्री मोदी बीचको कथित अडियो लीक नक्कली एआई उत्पन्न भएको छ,1,Fabricated,"Swarnim Wagle, Narendra Modi, RSP, India, Nepal",Politics,22/02/2026,ne,https://techpana.com/2026/155395/fact-check-alleged-audio-leak-between-swarnim-wagle-and-indian-pm-modi-is-fake,फ्याक्टचेकः स्वर्णिम वाग्ले र भारतीय प्रधानमन्त्री मोदीबिचको भनिएको ‘अडियो लिक’ नक्कली
TC_fact-check-alleged-audio-leak-between-swarnim-wagle-and-indian-pm-modi-is-fake,https://techpana.prixacdn.net/media/albums/swarnim-wagle-audio-fake-techpana-news_C6j1iTR0tZ.jpg.760x430_q100_crop.jpg,स्वर्णिम वाग्ले र भारतीय प्रधानमन्त्री मोदीबीचको अडियो लीक भएको आरोप झुटो हो ।,0,Pristine,"Swarnim Wagle, Narendra Modi, RSP, India, Nepal",Politics,22/02/2026,ne,https://techpana.com/2026/155395/fact-check-alleged-audio-leak-between-swarnim-wagle-and-indian-pm-modi-is-fake,फ्याक्टचेकः स्वर्णिम वाग्ले र भारतीय प्रधानमन्त्री मोदीबिचको भनिएको ‘अडियो लिक’ नक्कली
TC_factcheck-edited-post-falsely-attributed-to-balen-shah-goes-viral-on-social-media,https://techpana.prixacdn.net/media/albums/kulman-ghising-techpana-news_2T5rn2mioo.jpg.760x430_q100_crop.jpg,बलेन शाहलाई झुटो एडिट गरिएको पोस्ट भाइरल,1,Fabricated,Balendra Shah,Politics,19/01/2026,ne,https://techpana.com/2026/154907/factcheck-edited-post-falsely-attributed-to-balen-shah-goes-viral-on-social-media,"फ्याक्टचेकः नझुक्किनुस् ! बालेनले कुलमानलाई अवसरवादी भनेका छैनन्, भाइरल पोस्ट एडिटेड हो"
TC_factcheck-edited-post-falsely-attributed-to-balen-shah-goes-viral-on-social-media,https://techpana.prixacdn.net/media/albums/kulman-ghising-techpana-news_2T5rn2mioo.jpg.760x430_q100_crop.jpg,सम्पादित पोस्टलाई बलेन शाहलाई झुटो एट्रिब्यूट गरिएको थियो।,0,Pristine,Balendra Shah,Politics,19/01/2026,ne,https://techpana.com/2026/154907/factcheck-edited-post-falsely-attributed-to-balen-shah-goes-viral-on-social-media,"फ्याक्टचेकः नझुक्किनुस् ! बालेनले कुलमानलाई अवसरवादी भनेका छैनन्, भाइरल पोस्ट एडिटेड हो"
TC_fact-check-balen-shah-sabina-kaphle-jhapa-5-misleading-claims,https://techpana.prixacdn.net/media/albums/Misleading_3_smmI62JxUj.png.760x430_q100_crop.jpg,झापा–५ निर्वाचन क्षेत्रका बलेन शाह र सबिना काफ्लेबारे भ्रामक दाबी,1,Miscaptioned,"Balendra Shah, Sabina Kaphle, Jhapa-5",Politics,23/02/2026,ne,https://techpana.com/2026/155250/fact-check-balen-shah-sabina-kaphle-jhapa-5-misleading-claims,फ्याक्टचेक: झापा-५ मा सादा पोसाकका प्रहरीले बालेनका लागि भोट मागेको र निर्वाचन आयोगले स्पष्टीकरण सोधेको दाबी भ्रामक
TC_fact-check-balen-shah-sabina-kaphle-jhapa-5-misleading-claims,https://techpana.prixacdn.net/media/albums/Misleading_3_smmI62JxUj.png.760x430_q100_crop.jpg,झापा–५ मा बलेन शाह र सबिना काफ्लेबारे भ्रामक दाबी फैलियो ।,0,Pristine,"Balendra Shah, Sabina Kaphle, Jhapa-5",Politics,23/02/2026,ne,https://techpana.com/2026/155250/fact-check-balen-shah-sabina-kaphle-jhapa-5-misleading-claims,फ्याक्टचेक: झापा-५ मा सादा पोसाकका प्रहरीले बालेनका लागि भोट मागेको र निर्वाचन आयोगले स्पष्टीकरण सोधेको दाबी भ्रामक
TC_fact-check-man-who-said-come-to-ward-for-map-in-kp-oli-election-campaign-is-ward-member,https://techpana.prixacdn.net/media/albums/lalpurja-factcheck-kp-oli-techpana_qabIoBPZvX.jpg.760x430_q100_crop.jpg,केपी ओली चुनावी अभियानमा नक्साका लागि वडामा आउनु भनेको नियमित व्यक्ति मात्र नभई वडा सदस्य भएको बताउनु भयो,1,Fabricated,"KP Sharma Oli, CPN-UML, Jhapa",Politics,24/02/2026,ne,https://techpana.com/2026/155316/fact-check-man-who-said-come-to-ward-for-map-in-kp-oli-election-campaign-is-ward-member,फ्याक्टचेकः केपी ओलीको चुनाव प्रचारमा 'नक्सा लिन वडामा आइज' भन्ने व्यक्ति वडा सदस्य नेम्वाङ
TC_fact-check-man-who-said-come-to-ward-for-map-in-kp-oli-election-campaign-is-ward-member,https://techpana.prixacdn.net/media/albums/lalpurja-factcheck-kp-oli-techpana_qabIoBPZvX.jpg.760x430_q100_crop.jpg,केपी ओलीको चुनावी अभियानमा रहेका व्यक्ति वडा सदस्य भएको पुष्टि भएको छ ।,0,Pristine,"KP Sharma Oli, CPN-UML, Jhapa",Politics,24/02/2026,ne,https://techpana.com/2026/155316/fact-check-man-who-said-come-to-ward-for-map-in-kp-oli-election-campaign-is-ward-member,फ्याक्टचेकः केपी ओलीको चुनाव प्रचारमा 'नक्सा लिन वडामा आइज' भन्ने व्यक्ति वडा सदस्य नेम्वाङ
TC_factcheck-uml-money-distribution-shooting-claim-proven-wrong,https://techpana.prixacdn.net/media/albums/jhapa-false-techpana-factcheck_9Rx3TmBpKX.jpg.760x430_q100_crop.jpg,एमालेको पैसा बाँडफाँडका क्रममा गोली हानाहान भएको दाबी गलत साबित भयो,1,Fabricated,CPN-UML,Politics,25/02/2026,ne,https://techpana.com/2026/155334/factcheck-uml-money-distribution-shooting-claim-proven-wrong,"फ्याक्टचेक: झापामा एमालेले पैसा बाँड्दा गोली चलेको दाबी मिथ्या, भिडिओ ग्रीसको भएको पुष्टि"
TC_factcheck-uml-money-distribution-shooting-claim-proven-wrong,https://techpana.prixacdn.net/media/albums/jhapa-false-techpana-factcheck_9Rx3TmBpKX.jpg.760x430_q100_crop.jpg,एमालेको पैसा बाँडफाँडका क्रममा गोली हानाहान भएको दाबी गलत साबित भयो ।,0,Pristine,CPN-UML,Politics,25/02/2026,ne,https://techpana.com/2026/155334/factcheck-uml-money-distribution-shooting-claim-proven-wrong,"फ्याक्टचेक: झापामा एमालेले पैसा बाँड्दा गोली चलेको दाबी मिथ्या, भिडिओ ग्रीसको भएको पुष्टि"
TC_fact-check-rsp-jhapa-president-joining-uml-fake-claim,https://techpana.prixacdn.net/media/albums/rsp-jhapa-president-misleading-post-techpana-news.jpg,रासपा झापा अध्यक्ष एमाले प्रवेश गरेको दाबी झुटो हो,1,Fabricated,"RSP, CPN-UML, Jhapa",Politics,26/02/2026,ne,https://techpana.com/2026/155262/fact-check-rsp-jhapa-president-joining-uml-fake-claim,फ्याक्टचेकः झापाका रास्वपा सभापति एमाले प्रवेश गरेको भन्दै फैलिएको दाबी भ्रामक
TC_fact-check-rsp-jhapa-president-joining-uml-fake-claim,https://techpana.prixacdn.net/media/albums/rsp-jhapa-president-misleading-post-techpana-news.jpg,रासपा झापा अध्यक्ष एमाले प्रवेश गरेको दाबी झुटो हो ।,0,Pristine,"RSP, CPN-UML, Jhapa",Politics,26/02/2026,ne,https://techpana.com/2026/155262/fact-check-rsp-jhapa-president-joining-uml-fake-claim,फ्याक्टचेकः झापाका रास्वपा सभापति एमाले प्रवेश गरेको भन्दै फैलिएको दाबी भ्रामक
TC_fact-check-photo-of-rsp-candidate-with-pamphlet-saying-we-will-burn-singha-durbar-is-misleading,https://techpana.prixacdn.net/media/albums/techpana-fact-check-ganesh-karki-rsp_gr4GGgCmix.jpg.760x430_q100_crop.jpg,सिंहदरबार जलाएको पर्चासहितको RSP उम्मेदवारको फोटो सन्दर्भमा भ्रामक छ,1,Miscaptioned,"RSP, Singha Durbar, Nepal",Politics,27/02/2026,ne,https://techpana.com/2026/155371/fact-check-photo-of-rsp-candidate-with-pamphlet-saying-we-will-burn-singha-durbar-is-misleading,फ्याक्टचेकः ‘सिंहदरवार जलाएरै छाड्यौं’ लेखेको पम्प्लेटसाथ रास्वपा उम्मेदवार देखिने तस्विर भ्रामक
TC_fact-check-photo-of-rsp-candidate-with-pamphlet-saying-we-will-burn-singha-durbar-is-misleading,https://techpana.prixacdn.net/media/albums/techpana-fact-check-ganesh-karki-rsp_gr4GGgCmix.jpg.760x430_q100_crop.jpg,पर्चासहितको RSP उम्मेदवारको तस्बिरले सन्दर्भलाई भ्रमित गरेको छ।,0,Pristine,"RSP, Singha Durbar, Nepal",Politics,27/02/2026,ne,https://techpana.com/2026/155371/fact-check-photo-of-rsp-candidate-with-pamphlet-saying-we-will-burn-singha-durbar-is-misleading,फ्याक्टचेकः ‘सिंहदरवार जलाएरै छाड्यौं’ लेखेको पम्प्लेटसाथ रास्वपा उम्मेदवार देखिने तस्विर भ्रामक
TC_fact-check-rpp-candidate-pushparaj-purush-spread-misinformation-while-blaming-balen-team,https://techpana.prixacdn.net/media/albums/Misleading_vvraUdxWyg.jpg.760x430_q100_crop.jpg,राप्रपाका उम्मेदवार पुष्पराज पुरुषले बलेनको टोलीलाई आरोप लगाउँदै गलत सूचना फैलाए,1,Fabricated,"Pushparaj Purush, RPP, Balendra Shah",Politics,28/02/2026,ne,https://techpana.com/2026/155160/fact-check-rpp-candidate-pushparaj-purush-spread-misinformation-while-blaming-balen-team,फ्याक्टचेक: बालेन टिमलाई दोष दिएका राप्रपाका उम्मेदवार पुष्पराज पुरुष आफैँले फैलाए भ्रम
TC_fact-check-rpp-candidate-pushparaj-purush-spread-misinformation-while-blaming-balen-team,https://techpana.prixacdn.net/media/albums/Misleading_vvraUdxWyg.jpg.760x430_q100_crop.jpg,राप्रपाका उम्मेदवार पुष्पराज पुरुषले बलेनको टोलीलाई आरोप लगाउँदै गलत सूचना फैलाए ।,0,Pristine,"Pushparaj Purush, RPP, Balendra Shah",Politics,28/02/2026,ne,https://techpana.com/2026/155160/fact-check-rpp-candidate-pushparaj-purush-spread-misinformation-while-blaming-balen-team,फ्याक्टचेक: बालेन टिमलाई दोष दिएका राप्रपाका उम्मेदवार पुष्पराज पुरुष आफैँले फैलाए भ्रम
TC_viral-scam-post-claims-trump-targeting-oli-after-venezuela-techpana-factcheck,https://techpana.prixacdn.net/media/albums/kp-sharma-oli-trump-false_pJQDMan8lK.png.760x430_q100_crop.jpg,भेनेजुएला घोटाला भाइरल भइसकेपछि ट्रम्पले केपी ओलीलाई निशाना बनाएको दाबी,1,Fabricated,"Donald Trump, KP Sharma Oli, Venezuela, Nepal",Politics,21/01/2026,ne,https://techpana.com/2026/154876/viral-scam-post-claims-trump-targeting-oli-after-venezuela-techpana-factcheck,टेकपाना फ्याक्टचेकः भेनेजुएलाका राष्ट्रपतिपछि ट्रम्पले ओलीलाई उठाउन लागेको भन्दै स्क्याम पोस्ट भाइरल
TC_viral-scam-post-claims-trump-targeting-oli-after-venezuela-techpana-factcheck,https://techpana.prixacdn.net/media/albums/kp-sharma-oli-trump-false_pJQDMan8lK.png.760x430_q100_crop.jpg,भेनेजुएला काण्ड भाइरल भएपछि ट्रम्पले केपी ओलीलाई निशाना बनाएको दाबी ।,0,Pristine,"Donald Trump, KP Sharma Oli, Venezuela, Nepal",Politics,21/01/2026,ne,https://techpana.com/2026/154876/viral-scam-post-claims-trump-targeting-oli-after-venezuela-techpana-factcheck,टेकपाना फ्याक्टचेकः भेनेजुएलाका राष्ट्रपतिपछि ट्रम्पले ओलीलाई उठाउन लागेको भन्दै स्क्याम पोस्ट भाइरल
TC_factcheck-ai-generated-image-falsely-claims-rsp-baitadi-candidate-drunk,https://techpana.prixacdn.net/media/albums/False-baitadi-rsp-candidate-found-drunk-on-road_QQbbWLT8WH.jpg.760x430_q100_crop.jpg,एआईले रासपी बैतडीका उम्मेदवारले मातेको दाबी गरेको छ,1,Fabricated,"RSP, Baitadi",Politics,01/03/2026,ne,https://techpana.com/2026/155089/factcheck-ai-generated-image-falsely-claims-rsp-baitadi-candidate-drunk,फ्याक्टचेक: रास्वपाका बैतडी उम्मेदवार रक्सी खाएर नालीमा लडेको भनिएको तस्बिर नक्कली
TC_factcheck-ai-generated-image-falsely-claims-rsp-baitadi-candidate-drunk,https://techpana.prixacdn.net/media/albums/False-baitadi-rsp-candidate-found-drunk-on-road_QQbbWLT8WH.jpg.760x430_q100_crop.jpg,आरएसपी बैतडीका उम्मेदवारले मदिरा सेवन गरेको दाबी गर्ने तस्विर एआई-जेनरेट गरिएको हो।,0,Pristine,"RSP, Baitadi",Politics,01/03/2026,ne,https://techpana.com/2026/155089/factcheck-ai-generated-image-falsely-claims-rsp-baitadi-candidate-drunk,फ्याक्टचेक: रास्वपाका बैतडी उम्मेदवार रक्सी खाएर नालीमा लडेको भनिएको तस्बिर नक्कली
TC_fact-check-sankhuwasabha-uml-activist-attack-fake-news,https://techpana.prixacdn.net/media/albums/uml-karyakarta-misleading-techpana-factcheck_c6n28LwtnV.jpg.760x430_q100_crop.jpg,संखुवासभामा एमाले कार्यकर्ता हमलाको दाबी झुटो समाचार हो,1,Fabricated,"CPN-UML, Sankhuwasabha",Politics,02/03/2026,ne,https://techpana.com/2026/155259/fact-check-sankhuwasabha-uml-activist-attack-fake-news,फ्याक्टचेक: संखुवासभामा भोट माग्न गएका एमाले कार्यकर्तामाथि खुकुरी प्रहार भएको दाबी भ्रामक
TC_fact-check-sankhuwasabha-uml-activist-attack-fake-news,https://techpana.prixacdn.net/media/albums/uml-karyakarta-misleading-techpana-factcheck_c6n28LwtnV.jpg.760x430_q100_crop.jpg,संखुवासभामा एमाले कार्यकर्ता हमलाको दाबी झुटो समाचार हो ।,0,Pristine,"CPN-UML, Sankhuwasabha",Politics,02/03/2026,ne,https://techpana.com/2026/155259/fact-check-sankhuwasabha-uml-activist-attack-fake-news,फ्याक्टचेक: संखुवासभामा भोट माग्न गएका एमाले कार्यकर्तामाथि खुकुरी प्रहार भएको दाबी भ्रामक
TC_techpana-factcheck-did-prachanda-cry-remembaring-martyr-or-is-it-fake,https://techpana.prixacdn.net/media/albums/Misleading-prachanda-crying-in-rukum-purba_3RH11sBtSl.jpg.760x430_q100_crop.jpg,प्रचण्डको रोएको भिडियो साँचो हो कि एआई हेरफेर गरिएको हो भन्ने अनुसन्धान,1,Miscaptioned,"Pushpa Kamal Dahal Prachanda, CPN Maoist",Politics,21/02/2026,ne,https://techpana.com/2026/155138/techpana-factcheck-did-prachanda-cry-remembaring-martyr-or-is-it-fake,टेकपाना फ्याक्टचेक: के प्रचण्ड भाइरल फोटोमा जस्तै सहिदहरूको स्मृतिमा भक्कानिएर रोएकै हुन् ?
TC_techpana-factcheck-did-prachanda-cry-remembaring-martyr-or-is-it-fake,https://techpana.prixacdn.net/media/albums/Misleading-prachanda-crying-in-rukum-purba_3RH11sBtSl.jpg.760x430_q100_crop.jpg,प्रचण्ड रोएको भिडियोको सन्दर्भ र सत्यता छानबिन भयो ।,0,Pristine,"Pushpa Kamal Dahal Prachanda, CPN Maoist",Politics,21/02/2026,ne,https://techpana.com/2026/155138/techpana-factcheck-did-prachanda-cry-remembaring-martyr-or-is-it-fake,टेकपाना फ्याक्टचेक: के प्रचण्ड भाइरल फोटोमा जस्तै सहिदहरूको स्मृतिमा भक्कानिएर रोएकै हुन् ?
TC_fact-check-viral-claim-of-rsp-12-crore-seizure-is-misleading,https://techpana.prixacdn.net/media/albums/factcheck_4ktJ43k4EW.png.760x430_q100_crop.jpg,RSP बाट 12 करोड बरामद भाइरल दाबी भ्रामक छ,1,Miscaptioned,"RSP, Nepal",Politics,04/03/2026,ne,https://techpana.com/2026/155498/fact-check-viral-claim-of-rsp-12-crore-seizure-is-misleading,फ्याक्टचेकः रास्वपा कार्यकर्ताबाट १२ करोड बरामद भन्दै श्रम संस्कृति पार्टी समर्थकले भाइरल बनाएको भिडिओ भ्रामक
TC_fact-check-viral-claim-of-rsp-12-crore-seizure-is-misleading,https://techpana.prixacdn.net/media/albums/factcheck_4ktJ43k4EW.png.760x430_q100_crop.jpg,RSP बाट 12 करोड बरामद भाइरल दाबी भ्रामक छ।,0,Pristine,"RSP, Nepal",Politics,04/03/2026,ne,https://techpana.com/2026/155498/fact-check-viral-claim-of-rsp-12-crore-seizure-is-misleading,फ्याक्टचेकः रास्वपा कार्यकर्ताबाट १२ करोड बरामद भन्दै श्रम संस्कृति पार्टी समर्थकले भाइरल बनाएको भिडिओ भ्रामक
TC_fact-check-claim-that-sobita-gautam-gave-cash-to-voters-is-misleading,https://techpana.prixacdn.net/media/albums/sovita-gautam-money-distributing-Misleading-techpana-news_1_7NmhX70x8t.jpg.760x430_q100_crop.jpg,सोविता गौतमले मतदातालाई नगद दिएको दाबी भ्रामक छ,1,Miscaptioned,Sobita Gautam,Politics,05/03/2026,ne,https://techpana.com/2026/155482/fact-check-claim-that-sobita-gautam-gave-cash-to-voters-is-misleading,फ्याक्टचेकः रास्वपा नेतृ सोविता गौतमले मतदातालाई रकम दिएको दाबी भ्रामक
TC_fact-check-claim-that-sobita-gautam-gave-cash-to-voters-is-misleading,https://techpana.prixacdn.net/media/albums/sovita-gautam-money-distributing-Misleading-techpana-news_1_7NmhX70x8t.jpg.760x430_q100_crop.jpg,सोविता गौतमले मतदातालाई नगद दिएको दाबी भ्रामक छ ।,0,Pristine,Sobita Gautam,Politics,05/03/2026,ne,https://techpana.com/2026/155482/fact-check-claim-that-sobita-gautam-gave-cash-to-voters-is-misleading,फ्याक्टचेकः रास्वपा नेतृ सोविता गौतमले मतदातालाई रकम दिएको दाबी भ्रामक
TC_fact-check-uml-cadres-assault-students-gokarneshwor-bell-taunt-video,https://techpana.prixacdn.net/media/albums/Verified_D1ilr30fx6.png.760x430_q100_crop.jpg,गोकर्णेश्वरमा एमाले कार्यकर्ताले विद्यार्थीमाथि कुटपिट गरेको भिडियो भ्रामक थियो,1,Miscaptioned,"CPN-UML, Gokarneshwor",Politics,05/03/2026,ne,https://techpana.com/2026/155461/fact-check-uml-cadres-assault-students-gokarneshwor-bell-taunt-video,फ्याक्टचेकः ‘घण्टी-घण्टी’ भन्दै जिस्काउने विद्यार्थीलाई एमाले कार्यकर्ताले कुटेको घटना गोकर्णेश्वरको
TC_fact-check-uml-cadres-assault-students-gokarneshwor-bell-taunt-video,https://techpana.prixacdn.net/media/albums/Verified_D1ilr30fx6.png.760x430_q100_crop.jpg,गोकर्णेश्वरमा एमाले कार्यकर्ताले विद्यार्थीमाथि कुटपिट गरेको भिडियो भ्रामक भएको छ ।,0,Pristine,"CPN-UML, Gokarneshwor",Politics,05/03/2026,ne,https://techpana.com/2026/155461/fact-check-uml-cadres-assault-students-gokarneshwor-bell-taunt-video,फ्याक्टचेकः ‘घण्टी-घण्टी’ भन्दै जिस्काउने विद्यार्थीलाई एमाले कार्यकर्ताले कुटेको घटना गोकर्णेश्वरको
TC_fact-check-uml-leaders-slogan-first-parliament-burned-then-bullets-fired-video-real,https://techpana.prixacdn.net/media/albums/techpana-factcheck-uml_vSNgDSZPDT.png.760x430_q100_crop.jpg,एमाले नेताले संसद जलाउने र गोली चलाएको नारा लगाएको भिडियो वास्तविक र पुष्टि भएको छ,1,Fabricated,"CPN-UML, Nepal Parliament",Politics,05/03/2026,ne,https://techpana.com/2026/155467/fact-check-uml-leaders-slogan-first-parliament-burned-then-bullets-fired-video-real,"फ्याक्टचेकः ‘पहिले संसद जल्यो, त्यसपछि गोली चल्यो’ भन्ने नारा घोकाएको भन्दै भाइरल भिडिओ वास्तविक"
TC_fact-check-uml-leaders-slogan-first-parliament-burned-then-bullets-fired-video-real,https://techpana.prixacdn.net/media/albums/techpana-factcheck-uml_vSNgDSZPDT.png.760x430_q100_crop.jpg,"एमाले नेताको विवादास्पद नाराको भिडियो वास्तविक हो, मनगढन्ते होइन ।",0,Pristine,"CPN-UML, Nepal Parliament",Politics,05/03/2026,ne,https://techpana.com/2026/155467/fact-check-uml-leaders-slogan-first-parliament-burned-then-bullets-fired-video-real,"फ्याक्टचेकः ‘पहिले संसद जल्यो, त्यसपछि गोली चल्यो’ भन्ने नारा घोकाएको भन्दै भाइरल भिडिओ वास्तविक"
TC_viral-image-of-jeetnarayan-shrestha-carrying-a-tree-is-ai-generated,https://techpana.prixacdn.net/media/albums/nepali-congress-jitnarayan-shrestha-factcheck_rgTRBYJXhZ.jpg.760x430_q100_crop.jpg,रुख बोकेको जीतनारायण श्रेष्ठको भाइरल तस्बिर एआई-जेनरेट गरिएको हो,1,Fabricated,Jeetnarayan Shrestha,Politics,06/03/2026,ne,https://techpana.com/2026/155485/viral-image-of-jeetnarayan-shrestha-carrying-a-tree-is-ai-generated,फ्याक्टचेकः जीतनारायण श्रेष्ठले प्रचारमा जरासहितको रुख बोकेको भाइरल तस्बिर वास्तविक नभई एआई सिर्जित
TC_viral-image-of-jeetnarayan-shrestha-carrying-a-tree-is-ai-generated,https://techpana.prixacdn.net/media/albums/nepali-congress-jitnarayan-shrestha-factcheck_rgTRBYJXhZ.jpg.760x430_q100_crop.jpg,जितनारायण श्रेष्ठको रुख बोकेको भाइरल तस्बिर एआई जेनेरेट गरिएको हो ।,0,Pristine,Jeetnarayan Shrestha,Politics,06/03/2026,ne,https://techpana.com/2026/155485/viral-image-of-jeetnarayan-shrestha-carrying-a-tree-is-ai-generated,फ्याक्टचेकः जीतनारायण श्रेष्ठले प्रचारमा जरासहितको रुख बोकेको भाइरल तस्बिर वास्तविक नभई एआई सिर्जित
TC_fact-check-viral-photo-of-hark-sampang-and-bishwo-limbu-drinking-alcohol-and-eating-sekuwa-is-ai-manipulated,https://techpana.prixacdn.net/media/albums/Misleading-bishwo-harka-drinking_QWrmnvAjKC.jpg.760x430_q100_crop.jpg,हर्क साम्पाङ र विश्व लिम्बुको रक्सी पिएर सेकुवा खाएको भाइरल फोटो एआईले चलाएको छ ।,1,Fabricated,"Harka Sampang, Bishwo Limbu",Politics,06/03/2026,ne,https://techpana.com/2026/155452/fact-check-viral-photo-of-hark-sampang-and-bishwo-limbu-drinking-alcohol-and-eating-sekuwa-is-ai-manipulated,फ्याक्टचेक: हर्क साम्पाङ र विश्व लिम्बुले रक्सी-सेकुवा खाए भन्दै भाइरल फोटो एआई म्यानिपुलेसन
TC_fact-check-viral-photo-of-hark-sampang-and-bishwo-limbu-drinking-alcohol-and-eating-sekuwa-is-ai-manipulated,https://techpana.prixacdn.net/media/albums/Misleading-bishwo-harka-drinking_QWrmnvAjKC.jpg.760x430_q100_crop.jpg,भाइरल तस्बिर एआईले हेरफेर गरिएको छ। मूल तस्बिरले उनीहरूलाई रक्सी पिउँदै गरेको देखाउँदैन।,0,Pristine,"Harka Sampang, Bishwo Limbu",Politics,06/03/2026,ne,https://techpana.com/2026/155452/fact-check-viral-photo-of-hark-sampang-and-bishwo-limbu-drinking-alcohol-and-eating-sekuwa-is-ai-manipulated,फ्याक्टचेक: हर्क साम्पाङ र विश्व लिम्बुले रक्सी-सेकुवा खाए भन्दै भाइरल फोटो एआई म्यानिपुलेसन
TC_fact-check-claim-that-balen-shah-gave-rs-300000-to-samba-is-false,https://techpana.prixacdn.net/media/albums/balen-shah-helping-samba-techpana-news_TXLccmaHaO.jpg.760x430_q100_crop.jpg,बलेन शाहले साम्बालाई ३ लाख रुपैयाँ दिएको दाबी गलत हो,1,Fabricated,Balendra Shah,Politics,06/03/2026,ne,https://techpana.com/2026/155484/fact-check-claim-that-balen-shah-gave-rs-300000-to-samba-is-false,"फ्याक्टचेक: बालेनले साम्बालाई ३ लाख सहयोग गरेको दाबी झुटो, भाइरल फोटो एआई सिर्जित"
TC_fact-check-claim-that-balen-shah-gave-rs-300000-to-samba-is-false,https://techpana.prixacdn.net/media/albums/balen-shah-helping-samba-techpana-news_TXLccmaHaO.jpg.760x430_q100_crop.jpg,बलेन शाहले साम्बालाई ३ लाख रुपैयाँ दिएको दाबी गलत हो ।,0,Pristine,Balendra Shah,Politics,06/03/2026,ne,https://techpana.com/2026/155484/fact-check-claim-that-balen-shah-gave-rs-300000-to-samba-is-false,"फ्याक्टचेक: बालेनले साम्बालाई ३ लाख सहयोग गरेको दाबी झुटो, भाइरल फोटो एआई सिर्जित"
TC_fact-check-seized-cash-in-jhapa-linked-to-scam-not-kp-oli,https://techpana.prixacdn.net/media/albums/kp-oli-spending-money-on-jhapa-5-misleading_nUW6nyGw7Q.jpg.760x430_q100_crop.jpg,झापामा बरामद भएको नगद केपी ओलीसँग नभई घोटालासँग जोडिएको छ,1,Miscaptioned,"KP Sharma Oli, Jhapa, CPN-UML",Politics,07/03/2026,ne,https://techpana.com/2026/155523/fact-check-seized-cash-in-jhapa-linked-to-scam-not-kp-oli,फ्याक्टचेक: केपी ओलीले झापामा मतदातालाई बाँड्न पैसा ल्याएको दाबीसहितको भिडिओ भ्रामक
TC_fact-check-seized-cash-in-jhapa-linked-to-scam-not-kp-oli,https://techpana.prixacdn.net/media/albums/kp-oli-spending-money-on-jhapa-5-misleading_nUW6nyGw7Q.jpg.760x430_q100_crop.jpg,झापामा बरामद भएको नगद केपी ओलीसँग नभई घोटालासँग जोडिएको छ ।,0,Pristine,"KP Sharma Oli, Jhapa, CPN-UML",Politics,07/03/2026,ne,https://techpana.com/2026/155523/fact-check-seized-cash-in-jhapa-linked-to-scam-not-kp-oli,फ्याक्टचेक: केपी ओलीले झापामा मतदातालाई बाँड्न पैसा ल्याएको दाबीसहितको भिडिओ भ्रामक
TC_fact-check-okhaldhunga-ncp-joining-viral-photo-fake,https://techpana.prixacdn.net/media/albums/Misleading_FIRgxS7o9q.png.760x430_q100_crop.jpg,ओखलढुंगामा नेकपा प्रवेश गरेको भाइरल फोटो नक्कली,1,Fabricated,"NCP, Okhaldhunga",Politics,07/03/2026,ne,https://techpana.com/2026/155501/fact-check-okhaldhunga-ncp-joining-viral-photo-fake,"फ्याक्टचेक: ओखलढुङ्गामा एमाले, काङ्ग्रेस र रास्वपाका १२ सय कार्यकर्ता नेकपा प्रवेश गरेको दाबीसहित भाइरल तस्बिर भ्रामक"
TC_fact-check-okhaldhunga-ncp-joining-viral-photo-fake,https://techpana.prixacdn.net/media/albums/Misleading_FIRgxS7o9q.png.760x430_q100_crop.jpg,ओखलढुंगामा नेकपा प्रवेश गरेको भाइरल फोटो नक्कली,0,Pristine,"NCP, Okhaldhunga",Politics,07/03/2026,ne,https://techpana.com/2026/155501/fact-check-okhaldhunga-ncp-joining-viral-photo-fake,"फ्याक्टचेक: ओखलढुङ्गामा एमाले, काङ्ग्रेस र रास्वपाका १२ सय कार्यकर्ता नेकपा प्रवेश गरेको दाबीसहित भाइरल तस्बिर भ्रामक"
TC_fact-check-edited-photo-falsely-claims-balen-ate-beef-and-alcohol-viral-kheer-image,https://techpana.prixacdn.net/media/albums/balen-shah-drinking-Misleading-techpana-news_WZKaP8KBep.jpg.760x430_q100_crop.jpg,खीरको तस्बिर प्रयोग गरेर सम्पादन गरिएको तस्बिरमा बलेनले गाईको मासु खाएको र रक्सी पिएको झुटो दाबी गरेको छ,1,Fabricated,Balendra Shah,Politics,08/03/2026,ne,https://techpana.com/2026/155450/fact-check-edited-photo-falsely-claims-balen-ate-beef-and-alcohol-viral-kheer-image,फ्याक्टचेकः बालेनले गोरुको मासुसँगै रक्सी खाए भन्दै खीर खाएको फोटो तोडमोड गरी भाइरल
TC_fact-check-edited-photo-falsely-claims-balen-ate-beef-and-alcohol-viral-kheer-image,https://techpana.prixacdn.net/media/albums/balen-shah-drinking-Misleading-techpana-news_WZKaP8KBep.jpg.760x430_q100_crop.jpg,खीरको तस्बिर प्रयोग गरेर सम्पादन गरिएको तस्बिरले बालेनले गाईको मासु र रक्सी खाएको झुटो दाबी गरेको छ। डिजिटल हेरफेर।,0,Pristine,Balendra Shah,Politics,08/03/2026,ne,https://techpana.com/2026/155450/fact-check-edited-photo-falsely-claims-balen-ate-beef-and-alcohol-viral-kheer-image,फ्याक्टचेकः बालेनले गोरुको मासुसँगै रक्सी खाए भन्दै खीर खाएको फोटो तोडमोड गरी भाइरल
TC_fact-check-misleading-propaganda-claiming-kp-khanal-clashed-in-his-constituency-using-dhangadhi-rally-video,https://techpana.prixacdn.net/media/albums/Misleading-kp-khanal-jhadap-in_kailali2_aILFW3OAVB.jpg.760x430_q100_crop.jpg,धनगढी र्‍यालीको भिडियोलाई केपी खनालले आफ्नो निर्वाचन क्षेत्रमा भिड्ने भ्रामक प्रचारका रूपमा प्रयोग,1,Geographic_Mismatch,"KP Khanal, CPN-UML, Dhangadhi",Politics,08/03/2026,ne,https://techpana.com/2026/155464/fact-check-misleading-propaganda-claiming-kp-khanal-clashed-in-his-constituency-using-dhangadhi-rally-video,फ्याक्टचेक: धनगढी उद्घोष सभाको भिडिओ राखेर केपी खनाल आफ्नै कार्यकर्ताबाट कुटिएको भन्दै भ्रामक प्रचार
TC_fact-check-misleading-propaganda-claiming-kp-khanal-clashed-in-his-constituency-using-dhangadhi-rally-video,https://techpana.prixacdn.net/media/albums/Misleading-kp-khanal-jhadap-in_kailali2_aILFW3OAVB.jpg.760x430_q100_crop.jpg,केपी खनाल निर्वाचन क्षेत्रको भिडन्तलाई लिएर धनगढी र्‍यालीको भिडियोलाई भ्रामक प्रचारका रूपमा प्रयोग गरिएको छ ।,0,Pristine,"KP Khanal, CPN-UML, Dhangadhi",Politics,08/03/2026,ne,https://techpana.com/2026/155464/fact-check-misleading-propaganda-claiming-kp-khanal-clashed-in-his-constituency-using-dhangadhi-rally-video,फ्याक्टचेक: धनगढी उद्घोष सभाको भिडिओ राखेर केपी खनाल आफ्नै कार्यकर्ताबाट कुटिएको भन्दै भ्रामक प्रचार
TC_fact-check-gagan-thapa-viral-video-tribal-insult-claim-misleading,https://techpana.prixacdn.net/media/albums/gagan-thapa-factcheck_KulWe1Zdwf.png.760x430_q100_crop.jpg,गगन थापाले आदिवासी समुदायको अपमान गरेको भाइरल भिडियो भ्रामक छ,1,Miscaptioned,"Gagan Thapa, Nepali Congress",Politics,09/03/2026,ne,https://techpana.com/2026/155473/fact-check-gagan-thapa-viral-video-tribal-insult-claim-misleading,फ्याक्टचेकः गगन थापाले ‘जनजातिको अपमान’ गरेको गलत अर्थ लाग्ने गरी भाइरल बनाइएको भिडिओ क्लिप भ्रामक
TC_fact-check-gagan-thapa-viral-video-tribal-insult-claim-misleading,https://techpana.prixacdn.net/media/albums/gagan-thapa-factcheck_KulWe1Zdwf.png.760x430_q100_crop.jpg,आदिवासी समुदायको बारेमा गगन थापाका शब्दहरू सन्दर्भबाट हटाइएको थियो।,0,Pristine,"Gagan Thapa, Nepali Congress",Politics,09/03/2026,ne,https://techpana.com/2026/155473/fact-check-gagan-thapa-viral-video-tribal-insult-claim-misleading,फ्याक्टचेकः गगन थापाले ‘जनजातिको अपमान’ गरेको गलत अर्थ लाग्ने गरी भाइरल बनाइएको भिडिओ क्लिप भ्रामक
TC_fact-check-viral-video-of-kp-oli-crying-after-election-is-9-years-old,https://techpana.prixacdn.net/media/albums/fact-check-viral-video-of-kp-oli-crying-after-election-is-9-years-old_b8qIUMFJEn.jpg.760x430_q100_crop.jpg,चुनावपछि रोएको केपी ओलीको भाइरल भिडियो २०१७ देखि ९ वर्ष पुरानो हो,1,Temporal_Mismatch,"KP Sharma Oli, CPN-UML",Politics,10/03/2026,ne,https://techpana.com/2026/155639/fact-check-viral-video-of-kp-oli-crying-after-election-is-9-years-old,"फ्याक्टचेकः चुनाव हारेपछि केपी ओली आँखाभरी आँशु पार्दै मिडियामा आए भन्ने दाबी भ्रामक, भाइरल भिडिओ ९ वर्ष पुरानो"
TC_fact-check-viral-video-of-kp-oli-crying-after-election-is-9-years-old,https://techpana.prixacdn.net/media/albums/fact-check-viral-video-of-kp-oli-crying-after-election-is-9-years-old_b8qIUMFJEn.jpg.760x430_q100_crop.jpg,चुनावपछि रोएको केपी ओलीको भिडियो अहिलेको निर्वाचनको होइन ९ वर्ष पुरानो हो ।,0,Pristine,"KP Sharma Oli, CPN-UML",Politics,10/03/2026,ne,https://techpana.com/2026/155639/fact-check-viral-video-of-kp-oli-crying-after-election-is-9-years-old,"फ्याक्टचेकः चुनाव हारेपछि केपी ओली आँखाभरी आँशु पार्दै मिडियामा आए भन्ने दाबी भ्रामक, भाइरल भिडिओ ९ वर्ष पुरानो"
TC_viral-video-claiming-kp-oli-predicted-7-seats-for-rsp-misleading,https://techpana.prixacdn.net/media/albums/kp-oli-rsp-seat-prediction-Misleading-claims-and-video-techpana-factcheck-finale_IJ8jUmzqlE.jpg.760x430_q100_crop.jpg,केपी ओलीले राप्रपालाई ७ सिटको भविष्यवाणी गरेको भाइरल भिडियो भ्रामक भएको छ,1,Miscaptioned,"KP Sharma Oli, CPN-UML, RSP",Politics,10/03/2026,ne,https://techpana.com/2026/155643/viral-video-claiming-kp-oli-predicted-7-seats-for-rsp-misleading,"फ्याक्टचेक: रास्वपाले ७ सिट मात्र जित्ने ओलीको ‘भविष्यवाणी’ भनिएको भिडिओ भ्रामक, तीन वर्षअघि माओवादीबारे गरेका थिए टिप्पणी"
TC_viral-video-claiming-kp-oli-predicted-7-seats-for-rsp-misleading,https://techpana.prixacdn.net/media/albums/kp-oli-rsp-seat-prediction-Misleading-claims-and-video-techpana-factcheck-finale_IJ8jUmzqlE.jpg.760x430_q100_crop.jpg,केपी ओलीले राप्रपालाई ७ सिटको भविष्यवाणी गरेको भाइरल भिडियो भ्रामक भएको छ ।,0,Pristine,"KP Sharma Oli, CPN-UML, RSP",Politics,10/03/2026,ne,https://techpana.com/2026/155643/viral-video-claiming-kp-oli-predicted-7-seats-for-rsp-misleading,"फ्याक्टचेक: रास्वपाले ७ सिट मात्र जित्ने ओलीको ‘भविष्यवाणी’ भनिएको भिडिओ भ्रामक, तीन वर्षअघि माओवादीबारे गरेका थिए टिप्पणी"
TC_fact-check-misleading-viral-video-claims-modi-congratulated-balen-uses-ai-generated-audio,https://techpana.prixacdn.net/media/albums/balen-modi-factcheck-techpana_6fQXGNjzVl.jpg.760x430_q100_crop.jpg,भाइरल भिडियो दाबी गर्दै मोदीले बलेनलाई एआई-उत्पन्न अडियो प्रयोग गरेको र नक्कली हो,1,Fabricated,"Narendra Modi, Balendra Shah, India, Nepal",Politics,11/03/2026,ne,https://techpana.com/2026/155561/fact-check-misleading-viral-video-claims-modi-congratulated-balen-uses-ai-generated-audio,फ्याक्टचेकः मोदीले बालेनलाई बधाई शुभकामना दिएको भन्दै एआई अडियो राखेको भ्रामक भिडिओ भाइरल
TC_fact-check-misleading-viral-video-claims-modi-congratulated-balen-uses-ai-generated-audio,https://techpana.prixacdn.net/media/albums/balen-modi-factcheck-techpana_6fQXGNjzVl.jpg.760x430_q100_crop.jpg,भाइरल भिडियो दाबी गर्दै मोदीले बलेनलाई एआई-उत्पन्न अडियो प्रयोग गरेको र नक्कली हो।,0,Pristine,"Narendra Modi, Balendra Shah, India, Nepal",Politics,11/03/2026,ne,https://techpana.com/2026/155561/fact-check-misleading-viral-video-claims-modi-congratulated-balen-uses-ai-generated-audio,फ्याक्टचेकः मोदीले बालेनलाई बधाई शुभकामना दिएको भन्दै एआई अडियो राखेको भ्रामक भिडिओ भाइरल
TC_fact-check-ai-photo-viral-claiming-ballot-box-damage-udayapur,https://techpana.prixacdn.net/media/albums/voting-poll-misleading-techpana-news_UOGSwxfB97.jpg.760x430_q100_crop.jpg,उदयपुरमा मतपेटिका बिग्रिएको दाबी गर्दै एआई फोटो भाइरल,1,Fabricated,"Udayapur, Nepal Election Commission",Politics,12/03/2026,ne,https://techpana.com/2026/155605/fact-check-ai-photo-viral-claiming-ballot-box-damage-udayapur,फ्याक्टचेकः उदयपुरमा प्रहरीको हतियार पड्केर मतपेटिकामा क्षति पुगेको भन्दै एआई फोटो भाइरल
TC_fact-check-ai-photo-viral-claiming-ballot-box-damage-udayapur,https://techpana.prixacdn.net/media/albums/voting-poll-misleading-techpana-news_UOGSwxfB97.jpg.760x430_q100_crop.jpg,उदयपुरमा मतपेटिका क्षतिग्रस्त भएको दाबी गर्ने तस्बिर एआईबाट उत्पन्न भएको भाइरल भएको छ ।,0,Pristine,"Udayapur, Nepal Election Commission",Politics,12/03/2026,ne,https://techpana.com/2026/155605/fact-check-ai-photo-viral-claiming-ballot-box-damage-udayapur,फ्याक्टचेकः उदयपुरमा प्रहरीको हतियार पड्केर मतपेटिकामा क्षति पुगेको भन्दै एआई फोटो भाइरल
TC_factcheck-rabi-balen-joint-letter-to-modi-before-election-fake,https://techpana.prixacdn.net/media/albums/techpana-factcheck-rabi-balen-india-modi-nepal-press_5ZlcCMkTwp.jpg.760x430_q100_crop.jpg,चुनावअघि रवि र बलेनले मोदीलाई दिएको संयुक्त पत्र नक्कली,1,Fabricated,"Rabi Lamichhane, Balendra Shah, Narendra Modi, India",Politics,07/03/2026,ne,https://techpana.com/2026/155527/factcheck-rabi-balen-joint-letter-to-modi-before-election-fake,फ्याक्टचेकः चुनावअघि रवि-बालेनको संयुक्त हस्ताक्षरमा मोदीलाई लेखिएको भन्दै सार्वजनिक पत्र फेक
TC_factcheck-rabi-balen-joint-letter-to-modi-before-election-fake,https://techpana.prixacdn.net/media/albums/techpana-factcheck-rabi-balen-india-modi-nepal-press_5ZlcCMkTwp.jpg.760x430_q100_crop.jpg,चुनावअघि रवि र बलेनले मोदीलाई दिएको संयुक्त पत्र नक्कली,0,Pristine,"Rabi Lamichhane, Balendra Shah, Narendra Modi, India",Politics,07/03/2026,ne,https://techpana.com/2026/155527/factcheck-rabi-balen-joint-letter-to-modi-before-election-fake,फ्याक्टचेकः चुनावअघि रवि-बालेनको संयुक्त हस्ताक्षरमा मोदीलाई लेखिएको भन्दै सार्वजनिक पत्र फेक
TC_factcheck-fake-screenshot-used-to-spread-false-news-about-rabi-lamichhane-and-balen,https://techpana.prixacdn.net/media/albums/rabi-lamichhane-balen-shah-misleading-techpana-news_5OvsOvisy9.jpg.760x430_q100_crop.jpg,रवि लामिछाने र बलेनको बारेमा गलत समाचार फैलाउन नक्कली स्क्रिनसट प्रयोग गरियो,1,Fabricated,"Rabi Lamichhane, Balendra Shah, RSP",Politics,12/03/2026,ne,https://techpana.com/2026/155657/factcheck-fake-screenshot-used-to-spread-false-news-about-rabi-lamichhane-and-balen,फ्याक्टचेकः नक्कली स्क्रिनशटलाई आधार बनाएर नागरिक न्युज र देशसञ्चारले फैलाए रवि-बालेनबारे झुटो समाचार
TC_factcheck-fake-screenshot-used-to-spread-false-news-about-rabi-lamichhane-and-balen,https://techpana.prixacdn.net/media/albums/rabi-lamichhane-balen-shah-misleading-techpana-news_5OvsOvisy9.jpg.760x430_q100_crop.jpg,रवि र बलेनको बारेमा गलत समाचार फैलाउन नक्कली स्क्रिनसट प्रयोग गरिएको थियो ।,0,Pristine,"Rabi Lamichhane, Balendra Shah, RSP",Politics,12/03/2026,ne,https://techpana.com/2026/155657/factcheck-fake-screenshot-used-to-spread-false-news-about-rabi-lamichhane-and-balen,फ्याक्टचेकः नक्कली स्क्रिनशटलाई आधार बनाएर नागरिक न्युज र देशसञ्चारले फैलाए रवि-बालेनबारे झुटो समाचार
TC_hari-dhakal-balen-prime-minister-viral-video-fact-check,https://techpana.prixacdn.net/media/albums/Misleading-hari-dhaka-rejecting-balen-claim-techpana-factcheck_6TnURkNvjZ.jpg.760x430_q100_crop.jpg,हरि ढकालले बलेनलाई प्रधानमन्त्री बनाउने भनी भाइरल गरेको भिडियो भ्रामक छ,1,Miscaptioned,"Hari Dhakal, Balendra Shah",Politics,13/03/2026,ne,https://techpana.com/2026/155673/hari-dhakal-balen-prime-minister-viral-video-fact-check,फ्याक्टचेक: बालेनलाई प्रम स्वीकार्न हरि ढकालले आनाकानी गरे भन्दै रास्वपा र बालेनको एकता हुनुअघिको भिडिओ भाइरल
TC_hari-dhakal-balen-prime-minister-viral-video-fact-check,https://techpana.prixacdn.net/media/albums/Misleading-hari-dhaka-rejecting-balen-claim-techpana-factcheck_6TnURkNvjZ.jpg.760x430_q100_crop.jpg,हरि ढकालले बलेन प्रधानमन्त्री हुने भनी भाइरल गरेको भिडियो भ्रामक छ ।,0,Pristine,"Hari Dhakal, Balendra Shah",Politics,13/03/2026,ne,https://techpana.com/2026/155673/hari-dhakal-balen-prime-minister-viral-video-fact-check,फ्याक्टचेक: बालेनलाई प्रम स्वीकार्न हरि ढकालले आनाकानी गरे भन्दै रास्वपा र बालेनको एकता हुनुअघिको भिडिओ भाइरल
TC_misleading-video-binita-kathayat-jumla-election,https://techpana.prixacdn.net/media/albums/binita-kathayat-cried-after-loosing-election-Misleading-claim-techpana-factcheck_r1YKy4mmKI.jpg.760x430_q100_crop.jpg,जुम्ला निर्वाचन सन्दर्भमा बिनिता कठायतको बारेमा भ्रामक भिडियो प्रयोग गरिएको थियो,1,Miscaptioned,"Binita Kathayat, Jumla",Politics,10/03/2026,ne,https://techpana.com/2026/155636/misleading-video-binita-kathayat-jumla-election,"चुनाव हारेर होइन, फिल्म हेरेर रोएकी थिइन् रास्वपा नेतृ विनिता कठायत, जनआस्था लगायतले फैलाए भ्रम"
TC_misleading-video-binita-kathayat-jumla-election,https://techpana.prixacdn.net/media/albums/binita-kathayat-cried-after-loosing-election-Misleading-claim-techpana-factcheck_r1YKy4mmKI.jpg.760x430_q100_crop.jpg,जुम्ला निर्वाचन सन्दर्भमा बिनिता कठायतको बारेमा भ्रामक भिडियो प्रयोग गरिएको थियो।,0,Pristine,"Binita Kathayat, Jumla",Politics,10/03/2026,ne,https://techpana.com/2026/155636/misleading-video-binita-kathayat-jumla-election,"चुनाव हारेर होइन, फिल्म हेरेर रोएकी थिइन् रास्वपा नेतृ विनिता कठायत, जनआस्था लगायतले फैलाए भ्रम"
TC_fact-check-viral-father-son-photo-not-maoist-war-but-vietnam-war,https://techpana.prixacdn.net/media/albums/maoist-civil-war-photo-misleading-techpana-factcheck_BznW3RScL1.jpg.760x430_q100_crop.jpg,भाइरल बाबु छोराको तस्बिर नेपाल माओवादी युद्धको नभई भियतनाम युद्धको हो,1,Geographic_Mismatch,"CPN Maoist, Nepal",Politics,10/03/2026,ne,https://techpana.com/2026/155529/fact-check-viral-father-son-photo-not-maoist-war-but-vietnam-war,फ्याक्टचेक: माओवादी द्वन्द्वको भन्दै फैलाइएको बाबु-छोराको तस्बिर ६० वर्ष पुरानो भियतनाम युद्धको
TC_fact-check-viral-father-son-photo-not-maoist-war-but-vietnam-war,https://techpana.prixacdn.net/media/albums/maoist-civil-war-photo-misleading-techpana-factcheck_BznW3RScL1.jpg.760x430_q100_crop.jpg,भाइरल बाबु छोराको तस्बिर नेपाल माओवादी युद्धको होइन भियतनाम युद्धको हो ।,0,Pristine,"CPN Maoist, Nepal",Politics,10/03/2026,ne,https://techpana.com/2026/155529/fact-check-viral-father-son-photo-not-maoist-war-but-vietnam-war,फ्याक्टचेक: माओवादी द्वन्द्वको भन्दै फैलाइएको बाबु-छोराको तस्बिर ६० वर्ष पुरानो भियतनाम युद्धको
TC_fact-check-devraj-ghimire-decisive-vote-in-favor-of-treaty-within-cpn-uml-not-mahakali-treaty,https://techpana.prixacdn.net/media/albums/devraj-ghimire-mahakali-treaty-techpana_3mDL2Xe1JS.jpg.760x430_q100_crop.jpg,देवराज घिमिरे निर्णायक मत नेकपा एमाले पार्टीभित्रको कुरा महाकाली सन्धि होइन,1,Miscaptioned,"Devraj Ghimire, CPN-UML, Mahakali Treaty",Politics,10/03/2026,ne,https://techpana.com/2026/155545/fact-check-devraj-ghimire-decisive-vote-in-favor-of-treaty-within-cpn-uml-not-mahakali-treaty,फ्याक्टचेकः देवराज घिमिरेले महाकाली सन्धिमा नभई एमालेभित्र सन्धिको पक्षमा गरेका थिए निर्णायक मतदान
TC_fact-check-devraj-ghimire-decisive-vote-in-favor-of-treaty-within-cpn-uml-not-mahakali-treaty,https://techpana.prixacdn.net/media/albums/devraj-ghimire-mahakali-treaty-techpana_3mDL2Xe1JS.jpg.760x430_q100_crop.jpg,"भोट नेकपा-एमाले पार्टीभित्रको कुरा हो, महाकाली सन्धि नभएको दाबी गरिएको छ ।",0,Pristine,"Devraj Ghimire, CPN-UML, Mahakali Treaty",Politics,10/03/2026,ne,https://techpana.com/2026/155545/fact-check-devraj-ghimire-decisive-vote-in-favor-of-treaty-within-cpn-uml-not-mahakali-treaty,फ्याक्टचेकः देवराज घिमिरेले महाकाली सन्धिमा नभई एमालेभित्र सन्धिको पक्षमा गरेका थिए निर्णायक मतदान
TC_factcheck-international-observers-vehicle-misrepresented-as-us-booth-capture,https://techpana.prixacdn.net/media/albums/factcheck-us-booth-capture_cHIypE0Ztw.jpg.760x430_q100_crop.jpg,अन्तर्राष्ट्रिय निर्वाचन पर्यवेक्षकको गाडीलाई अमेरिकाले मतदान केन्द्र क्याप्चर गर्ने भनी गलत चित्रण गरेको छ,1,Identity_Mismatch,"USA, Nepal Election Commission",Politics,12/03/2026,ne,https://techpana.com/2026/155604/factcheck-international-observers-vehicle-misrepresented-as-us-booth-capture,फ्याक्टचेकः अन्तर्राष्ट्रिय पर्यवेक्षकको गाडीलाई अमेरिकन बुथ कब्जा गर्न आएको भन्दै फलाइयो त्रास
TC_factcheck-international-observers-vehicle-misrepresented-as-us-booth-capture,https://techpana.prixacdn.net/media/albums/factcheck-us-booth-capture_cHIypE0Ztw.jpg.760x430_q100_crop.jpg,अन्तर्राष्ट्रिय चुनाव पर्यवेक्षकको गाडीलाई अमेरिकी बुथ क्याप्चरको रूपमा गलत रूपमा प्रस्तुत गरिएको थियो।,0,Pristine,"USA, Nepal Election Commission",Politics,12/03/2026,ne,https://techpana.com/2026/155604/factcheck-international-observers-vehicle-misrepresented-as-us-booth-capture,फ्याक्टचेकः अन्तर्राष्ट्रिय पर्यवेक्षकको गाडीलाई अमेरिकन बुथ कब्जा गर्न आएको भन्दै फलाइयो त्रास
TC_factcheck-misleading-viral-video-claims-sobita-gautam-insulted-indigenous-community,https://techpana.prixacdn.net/media/albums/sobita-misinformation-factcheck-techpana_C1UJLyEAU7.jpg.760x430_q100_crop.jpg,शोविता गौतमले आदिवासी जनजातिबारे बोलेका शब्दहरूलाई सन्दर्भबाट बाहिर निकालेर गलत रूपमा प्रस्तुत गरियो,1,Miscaptioned,Sobita Gautam,Politics,11/03/2026,ne,https://techpana.com/2026/155569/factcheck-misleading-viral-video-claims-sobita-gautam-insulted-indigenous-community,फ्याक्टचेक: सोबिता गौतमले जनजातिको अपमान गरेको भन्दै तोडमोड गरिएको भ्रामक भिडिओ भाइरल
TC_factcheck-misleading-viral-video-claims-sobita-gautam-insulted-indigenous-community,https://techpana.prixacdn.net/media/albums/sobita-misinformation-factcheck-techpana_C1UJLyEAU7.jpg.760x430_q100_crop.jpg,शोविता गौतमले आदिवासी समुदायका शब्दहरूलाई सन्दर्भबाट बाहिर निकालेका थिए।,0,Pristine,Sobita Gautam,Politics,11/03/2026,ne,https://techpana.com/2026/155569/factcheck-misleading-viral-video-claims-sobita-gautam-insulted-indigenous-community,फ्याक्टचेक: सोबिता गौतमले जनजातिको अपमान गरेको भन्दै तोडमोड गरिएको भ्रामक भिडिओ भाइरल
TC_fact-check-edited-misleading-photo-claiming-balen-wore-islamic-cap-at-ramadan-iftar-viral,https://techpana.prixacdn.net/media/albums/Balen-wore-Kufia-Misleading-claim-techpana-factcheck_T6CsuNEgB3.jpg.760x430_q100_crop.jpg,रमजान इफ्तारमा इस्लामिक टोपी लगाएको बालेनको फोटो सम्पादन र भ्रामक छ,1,Fabricated,Balendra Shah,Politics,12/03/2026,ne,https://techpana.com/2026/155544/fact-check-edited-misleading-photo-claiming-balen-wore-islamic-cap-at-ramadan-iftar-viral,फ्याक्टचेक: रमजानको इफ्तारमा बालेनले इस्लामी टोपी लगाएको दाबी सहित एडिट गरिएको भ्रामक फोटो भाइरल
TC_fact-check-edited-misleading-photo-claiming-balen-wore-islamic-cap-at-ramadan-iftar-viral,https://techpana.prixacdn.net/media/albums/Balen-wore-Kufia-Misleading-claim-techpana-factcheck_T6CsuNEgB3.jpg.760x430_q100_crop.jpg,इफ्तारमा इस्लामिक टोपी लगाएको बालेनको फोटो सम्पादन र भ्रामक छ।,0,Pristine,Balendra Shah,Politics,12/03/2026,ne,https://techpana.com/2026/155544/fact-check-edited-misleading-photo-claiming-balen-wore-islamic-cap-at-ramadan-iftar-viral,फ्याक्टचेक: रमजानको इफ्तारमा बालेनले इस्लामी टोपी लगाएको दाबी सहित एडिट गरिएको भ्रामक फोटो भाइरल
TC_fact-check-pm-modi-nepal-akhand-bharat-deepfake-video,https://techpana.prixacdn.net/media/albums/False_HoemJ9AkOe.png.760x430_q100_crop.jpg,नेपाल अखण्ड भारतको हिस्सा भएको दाबी गर्ने प्रधानमन्त्री मोदीको भिडियो डिपफेक हो,1,Fabricated,"Narendra Modi, India, Nepal, Akhand Bharat",Politics,13/03/2026,ne,https://techpana.com/2026/155688/fact-check-pm-modi-nepal-akhand-bharat-deepfake-video,फ्याक्टचेकः मोदीले नेपाललाई गाभेर अखण्ड भारत बनाउन चाहेको भन्दै भाइरल भएको भिडिओ डिपफेक
TC_fact-check-pm-modi-nepal-akhand-bharat-deepfake-video,https://techpana.prixacdn.net/media/albums/False_HoemJ9AkOe.png.760x430_q100_crop.jpg,नेपाल अखण्ड भारतको हिस्सा भएको दाबी गर्ने प्रधानमन्त्री मोदीको भिडियो डिपफेक हो ।,0,Pristine,"Narendra Modi, India, Nepal, Akhand Bharat",Politics,13/03/2026,ne,https://techpana.com/2026/155688/fact-check-pm-modi-nepal-akhand-bharat-deepfake-video,फ्याक्टचेकः मोदीले नेपाललाई गाभेर अखण्ड भारत बनाउन चाहेको भन्दै भाइरल भएको भिडिओ डिपफेक
TC_fact-check-viral-video-claiming-uml-candidate-distributed-cash-is-three-years-old,https://techpana.prixacdn.net/media/albums/techpana-factcheck_2_0gpikksUEZ.png.760x430_q100_crop.jpg,एमाले उम्मेदवारले तीन वर्ष पुरानो नगद वितरण गरेको भिडियो भाइरल भएको छ,1,Temporal_Mismatch,CPN-UML,Politics,07/03/2026,ne,https://techpana.com/2026/155525/fact-check-viral-video-claiming-uml-candidate-distributed-cash-is-three-years-old,फ्याक्टचेकः गत चुनावमा एमाले उम्मेदवारले पैसा बाँडेको भन्दै भाइरल भिडिओ तीन वर्ष पुरानो
TC_fact-check-viral-video-claiming-uml-candidate-distributed-cash-is-three-years-old,https://techpana.prixacdn.net/media/albums/techpana-factcheck_2_0gpikksUEZ.png.760x430_q100_crop.jpg,एमाले उम्मेदवारले तीन वर्ष पुरानो नगद वितरण गरेको दाबी गरेको भिडियो अहिलेको होइन ।,0,Pristine,CPN-UML,Politics,07/03/2026,ne,https://techpana.com/2026/155525/fact-check-viral-video-claiming-uml-candidate-distributed-cash-is-three-years-old,फ्याक्टचेकः गत चुनावमा एमाले उम्मेदवारले पैसा बाँडेको भन्दै भाइरल भिडिओ तीन वर्ष पुरानो
TC_factcheck-narendra-shah-kalwar-blacklist,https://techpana.prixacdn.net/media/albums/Unverified-narayan-shah-blacklist-techpana-factcheck_sXPYNyqFbd.jpg.760x430_q100_crop.jpg,नरेन्द्र शाह कलवार कालोसूचीको दाबी भ्रामक छ,1,Miscaptioned,Narendra Shah Kalwar,Politics,09/03/2026,ne,https://techpana.com/2026/155594/factcheck-narendra-shah-kalwar-blacklist,फ्याक्टचेक: सर्लाही-३ का रास्वपा उम्मेदवार नरेन्द्र साह कलवार कालोसूचीमा परेको दाबी अपुष्ट
TC_factcheck-narendra-shah-kalwar-blacklist,https://techpana.prixacdn.net/media/albums/Unverified-narayan-shah-blacklist-techpana-factcheck_sXPYNyqFbd.jpg.760x430_q100_crop.jpg,नरेन्द्र शाह कलवार कालोसूचीमा रहेको दाबी भ्रामक छ ।,0,Pristine,Narendra Shah Kalwar,Politics,09/03/2026,ne,https://techpana.com/2026/155594/factcheck-narendra-shah-kalwar-blacklist,फ्याक्टचेक: सर्लाही-३ का रास्वपा उम्मेदवार नरेन्द्र साह कलवार कालोसूचीमा परेको दाबी अपुष्ट
TC_fact-check-khagendra-sunar-teacher-remark-video-misleading,https://techpana.prixacdn.net/media/albums/Misleading_12_sstnmKtbSF.png.760x430_q100_crop.jpg,खगेन्द्र सुनारले शिक्षकको भनाइलाई प्रसंग बाहिर निकालेर भ्रामक भिडियो निकालेका छन्,1,Miscaptioned,Khagendra Sunar,Politics,11/03/2026,ne,https://techpana.com/2026/155686/fact-check-khagendra-sunar-teacher-remark-video-misleading,"फ्याक्टचेकः जातीय विभेदको घटनामा ९ महिनाअघि बोलेको क्लिप भाइरल, सांसद बनेपछिको भन्दै फैलियो भ्रम"
TC_fact-check-khagendra-sunar-teacher-remark-video-misleading,https://techpana.prixacdn.net/media/albums/Misleading_12_sstnmKtbSF.png.760x430_q100_crop.jpg,खगेन्द्र सुनारले शिक्षकबारे गरेको टिप्पणीलाई प्रसंगभन्दा बाहिर निकालिएको छ ।,0,Pristine,Khagendra Sunar,Politics,11/03/2026,ne,https://techpana.com/2026/155686/fact-check-khagendra-sunar-teacher-remark-video-misleading,"फ्याक्टचेकः जातीय विभेदको घटनामा ९ महिनाअघि बोलेको क्लिप भाइरल, सांसद बनेपछिको भन्दै फैलियो भ्रम"
TC_misleading-claim-about-temple-bell-covered-in-damak-polling-center,https://techpana.prixacdn.net/media/albums/bell-jhapa-misleading-post-techpana-news_7q6AQ5DfT1.jpg.760x430_q100_crop.jpg,दमक मतदान केन्द्रमा मन्दिरको घण्टी ढाकिएको दाबी भ्रामक,1,Miscaptioned,"Damak, Nepal Election Commission",Politics,12/03/2026,ne,https://techpana.com/2026/155567/misleading-claim-about-temple-bell-covered-in-damak-polling-center,फ्याक्टचेकः आचारसंहिताका कारण झापा क्षेत्र नम्बर ५ मा मन्दिरको घण्टी छोपिएको भन्ने दाबी भ्रामक
TC_misleading-claim-about-temple-bell-covered-in-damak-polling-center,https://techpana.prixacdn.net/media/albums/bell-jhapa-misleading-post-techpana-news_7q6AQ5DfT1.jpg.760x430_q100_crop.jpg,दमक मतदान केन्द्रमा मन्दिरको घण्टी ढाकिएको दाबी भ्रामक,0,Pristine,"Damak, Nepal Election Commission",Politics,12/03/2026,ne,https://techpana.com/2026/155567/misleading-claim-about-temple-bell-covered-in-damak-polling-center,फ्याक्टचेकः आचारसंहिताका कारण झापा क्षेत्र नम्बर ५ मा मन्दिरको घण्टी छोपिएको भन्ने दाबी भ्रामक
TC_fact-check-fake-gorkhapatra-news-about-rsp-candidate-kp-khana-goes-viral,https://techpana.prixacdn.net/media/albums/kp-khanal-misleading-post-techpana-news_H4Wryr3Dmy.jpg.760x430_q100_crop.jpg,गोरखापत्रमा राप्रपाका उम्मेदवार केपी खनाको समाचार झुटो,1,Fabricated,"Gorkhapatra, RSP, KP Khana",Politics,07/03/2026,ne,https://techpana.com/2026/155535/fact-check-fake-gorkhapatra-news-about-rsp-candidate-kp-khana-goes-viral,फ्याक्टचेकः रास्वपा उम्मेदवार केपी खनालबारे गोरखापत्रले रकम हिनामिना गरेको समाचार राखेको भन्दै भ्रामक पोस्ट भाइरल
TC_fact-check-fake-gorkhapatra-news-about-rsp-candidate-kp-khana-goes-viral,https://techpana.prixacdn.net/media/albums/kp-khanal-misleading-post-techpana-news_H4Wryr3Dmy.jpg.760x430_q100_crop.jpg,गोरखापत्रमा राप्रपाका उम्मेदवार केपी खनाको समाचार झुटो,0,Pristine,"Gorkhapatra, RSP, KP Khana",Politics,07/03/2026,ne,https://techpana.com/2026/155535/fact-check-fake-gorkhapatra-news-about-rsp-candidate-kp-khana-goes-viral,फ्याक्टचेकः रास्वपा उम्मेदवार केपी खनालबारे गोरखापत्रले रकम हिनामिना गरेको समाचार राखेको भन्दै भ्रामक पोस्ट भाइरल
TC_kp-sharma-oli-bomb-explosives-comment-if-he-loses-election-fact-check,https://techpana.prixacdn.net/media/albums/kp-oli-factcheck_qgvytVcPUK.jpg.760x430_q100_crop.jpg,बमबारे केपी ओलीको भनाइ वास्तविक धम्की नभई प्रसंग बाहिर निकालिएको हो,1,Miscaptioned,"KP Sharma Oli, CPN-UML",Politics,08/03/2026,ne,https://techpana.com/2026/155609/kp-sharma-oli-bomb-explosives-comment-if-he-loses-election-fact-check,फ्याक्टचेकः केपी ओलीले आफूले चुनाव नजिते विदेशमा जस्तै बम बारुदको अवस्था हुने बताएका हुन् ?
TC_kp-sharma-oli-bomb-explosives-comment-if-he-loses-election-fact-check,https://techpana.prixacdn.net/media/albums/kp-oli-factcheck_qgvytVcPUK.jpg.760x430_q100_crop.jpg,बमबारे केपी ओलीको भनाइलाई प्रसंगभन्दा बाहिर निकालियो ।,0,Pristine,"KP Sharma Oli, CPN-UML",Politics,08/03/2026,ne,https://techpana.com/2026/155609/kp-sharma-oli-bomb-explosives-comment-if-he-loses-election-fact-check,फ्याक्टचेकः केपी ओलीले आफूले चुनाव नजिते विदेशमा जस्तै बम बारुदको अवस्था हुने बताएका हुन् ?
TC_fact-check-viral-images-of-iran-capturing-us-soldiers-are-ai-generated,https://techpana.prixacdn.net/media/albums/Misleading-us-army-arrested-by-irani-armed-fource-techpana-factcheck_VBwCrEVyLP.jpg.760x430_q100_crop.jpg,इरानले अमेरिकी सैनिकलाई कब्जामा लिएको दाबी गर्ने भाइरल तस्बिरहरू एआई द्वारा उत्पन्न भएका हुन्,1,Fabricated,"Iran, USA",Politics,10/03/2026,ne,https://techpana.com/2026/155633/fact-check-viral-images-of-iran-capturing-us-soldiers-are-ai-generated,फ्याक्टचेक: अमेरिकी सेनालाई इरानी सेनाले बन्धक बनाएको भन्दै नेपालसहित अन्तर्राष्ट्रिय स्तरमा भाइरल तस्बिर एआई निर्मित
TC_fact-check-viral-images-of-iran-capturing-us-soldiers-are-ai-generated,https://techpana.prixacdn.net/media/albums/Misleading-us-army-arrested-by-irani-armed-fource-techpana-factcheck_VBwCrEVyLP.jpg.760x430_q100_crop.jpg,इरानले अमेरिकी सैनिकलाई कब्जामा लिएको दाबी गर्ने छविहरू एआई-उत्पन्न हुन्।,0,Pristine,"Iran, USA",Politics,10/03/2026,ne,https://techpana.com/2026/155633/fact-check-viral-images-of-iran-capturing-us-soldiers-are-ai-generated,फ्याक्टचेक: अमेरिकी सेनालाई इरानी सेनाले बन्धक बनाएको भन्दै नेपालसहित अन्तर्राष्ट्रिय स्तरमा भाइरल तस्बिर एआई निर्मित
TC_fact-check-swarnim-wagle-did-not-say-300-percent-vehicle-tax-will-be-removed,https://techpana.prixacdn.net/media/albums/swarnim-wagle-factcheck-claim-tax-_hTY4qEqPgJ_iIZgkHjmM8.jpg.760x430_q100_crop.jpg,स्वर्णिम वाग्लेले ३०० प्रतिशत सवारी कर हटाइने बताएको दाबी झुटो हो,1,Fabricated,"Swarnim Wagle, RSP",Politics,11/03/2026,ne,https://techpana.com/2026/155647/fact-check-swarnim-wagle-did-not-say-300-percent-vehicle-tax-will-be-removed,"फ्याक्टचेकः नझुक्किनुस्, स्वर्णिम वाग्लेले सवारी खरिदमा लाग्ने ३००% कर हटाउने भनेका छैनन्"
TC_fact-check-swarnim-wagle-did-not-say-300-percent-vehicle-tax-will-be-removed,https://techpana.prixacdn.net/media/albums/swarnim-wagle-factcheck-claim-tax-_hTY4qEqPgJ_iIZgkHjmM8.jpg.760x430_q100_crop.jpg,स्वर्णिम वाग्लेले त्यस्तो कुनै अभिव्यक्ति दिएनन् । दाबी गलत छ।,0,Pristine,"Swarnim Wagle, RSP",Politics,11/03/2026,ne,https://techpana.com/2026/155647/fact-check-swarnim-wagle-did-not-say-300-percent-vehicle-tax-will-be-removed,"फ्याक्टचेकः नझुक्किनुस्, स्वर्णिम वाग्लेले सवारी खरिदमा लाग्ने ३००% कर हटाउने भनेका छैनन्"
TC_fact-check-did-prachanda-say-he-should-lead-rsp,https://techpana.prixacdn.net/media/albums/factcheck-prachanda-speech_qZ5EzCUOpe.jpg.760x430_q100_crop.jpg,प्रचण्डले आरएसपी नेतृत्वको बारेमा भ्रामक भनाइलाई सन्दर्भबाट बाहिर निकालेका छन्,1,Miscaptioned,"Pushpa Kamal Dahal Prachanda, CPN Maoist, RSP",Politics,12/03/2026,ne,https://techpana.com/2026/155626/fact-check-did-prachanda-say-he-should-lead-rsp,फ्याक्टचेक: के साच्चिकै प्रचण्डले रास्वपाको नेतृत्व आफूले गर्नुपर्ने महसुस गरेको बताएका हुन् ?
TC_fact-check-did-prachanda-say-he-should-lead-rsp,https://techpana.prixacdn.net/media/albums/factcheck-prachanda-speech_qZ5EzCUOpe.jpg.760x430_q100_crop.jpg,प्रचण्डले आरएसपी नेतृत्वका बारेमा बोलेका शब्दलाई प्रसंगभन्दा बाहिर निकालियो ।,0,Pristine,"Pushpa Kamal Dahal Prachanda, CPN Maoist, RSP",Politics,12/03/2026,ne,https://techpana.com/2026/155626/fact-check-did-prachanda-say-he-should-lead-rsp,फ्याक्टचेक: के साच्चिकै प्रचण्डले रास्वपाको नेतृत्व आफूले गर्नुपर्ने महसुस गरेको बताएका हुन् ?
TC_fake-news-devraj-pathak-rsp-supporting-congress,https://techpana.prixacdn.net/media/albums/rsp-misleading-techpana-news_A9UvijL9um.jpg.760x430_q100_crop.jpg,देवराज पाठक र रासपाले कांग्रेसलाई समर्थन गरेको दाबी झुटो समाचार हो,1,Fabricated,"Devraj Pathak, RSP, Nepali Congress",Politics,10/03/2026,ne,https://techpana.com/2026/155574/fake-news-devraj-pathak-rsp-supporting-congress,फ्याक्टचेक: रास्वपा उम्मेदवारले काङ्ग्रेसलाई समर्थन गरेको देखाउन सेतोपाटीको ‘फेक स्क्रिनशट’ प्रयोग
TC_fake-news-devraj-pathak-rsp-supporting-congress,https://techpana.prixacdn.net/media/albums/rsp-misleading-techpana-news_A9UvijL9um.jpg.760x430_q100_crop.jpg,देवराज पाठक/रासपाले कांग्रेसलाई समर्थन गरेको दाबी झुटो समाचार हो।,0,Pristine,"Devraj Pathak, RSP, Nepali Congress",Politics,10/03/2026,ne,https://techpana.com/2026/155574/fake-news-devraj-pathak-rsp-supporting-congress,फ्याक्टचेक: रास्वपा उम्मेदवारले काङ्ग्रेसलाई समर्थन गरेको देखाउन सेतोपाटीको ‘फेक स्क्रिनशट’ प्रयोग
TC_fact-check-prithvi-subba-gurung-protest-warning-claim-misleading,https://techpana.prixacdn.net/media/albums/ps-gurung-factcheck-uml-techpana-rsp_l8bVjl3xng.jpg.760x430_q100_crop.jpg,पृथ्वीसुब्बा गुरुङले आन्दोलनका बारेमा दिएको चेतावनीलाई भ्रामक रूपमा सन्दर्भबद्ध गरिएको छ,1,Miscaptioned,Prithvi Subba Gurung,Politics,12/03/2026,ne,https://techpana.com/2026/155706/fact-check-prithvi-subba-gurung-protest-warning-claim-misleading,फ्याक्टचेक: पृथ्वीसुब्बा गुरुङले एमालेलाई नसोधी रास्वपा सरकारले कुनैपनि निर्णय लिए आन्दोलनमा जाने भनेका छैनन्
TC_fact-check-prithvi-subba-gurung-protest-warning-claim-misleading,https://techpana.prixacdn.net/media/albums/ps-gurung-factcheck-uml-techpana-rsp_l8bVjl3xng.jpg.760x430_q100_crop.jpg,पृथ्वीसुब्बा गुरुङले आन्दोलनका बारेमा दिएको चेतावनीलाई भ्रामक रूपमा सन्दर्भबद्ध गरिएको छ ।,0,Pristine,Prithvi Subba Gurung,Politics,12/03/2026,ne,https://techpana.com/2026/155706/fact-check-prithvi-subba-gurung-protest-warning-claim-misleading,फ्याक्टचेक: पृथ्वीसुब्बा गुरुङले एमालेलाई नसोधी रास्वपा सरकारले कुनैपनि निर्णय लिए आन्दोलनमा जाने भनेका छैनन्
TC_fact-check-hamro-patro-misleading-vote-count-dolakha-rsp,https://techpana.prixacdn.net/media/albums/dolakha-election-misleading-result-by-hamro-patro-techpana-factcheck_3t6eDNPe2P.jpg.760x430_q100_crop.jpg,दोलखामा राप्रपाका लागि हाम्रो पात्रोको मतगणना भ्रामक थियो,1,Miscaptioned,"Hamro Patro, RSP, Dolakha",Politics,14/03/2026,ne,https://techpana.com/2026/155612/fact-check-hamro-patro-misleading-vote-count-dolakha-rsp,फ्याक्टचेक: दोलखामा सात हजार ६०० बढी मतले रास्वपाले अग्रता लिएको ‘हाम्रो पात्रो’ को दाबी भ्रामक
TC_fact-check-hamro-patro-misleading-vote-count-dolakha-rsp,https://techpana.prixacdn.net/media/albums/dolakha-election-misleading-result-by-hamro-patro-techpana-factcheck_3t6eDNPe2P.jpg.760x430_q100_crop.jpg,दोलखामा राप्रपाका लागि हाम्रो पात्रोको मतगणना भ्रामक थियो ।,0,Pristine,"Hamro Patro, RSP, Dolakha",Politics,14/03/2026,ne,https://techpana.com/2026/155612/fact-check-hamro-patro-misleading-vote-count-dolakha-rsp,फ्याक्टचेक: दोलखामा सात हजार ६०० बढी मतले रास्वपाले अग्रता लिएको ‘हाम्रो पात्रो’ को दाबी भ्रामक
TC_factcheck-himani-shah-did-not-endorse-balen-shah-video-from-fake-facebook-account,https://techpana.prixacdn.net/media/albums/balen-shah-factcheck-techpana_qwWrxaRSW6.jpg.760x430_q100_crop.jpg,हिमानी शाहले समर्थन गरेनन् बलेन शाहको नक्कली फेसबुक अकाउन्टबाट आएको भिडियो,1,Fabricated,"Himani Shah, Balendra Shah",Politics,10/03/2026,ne,https://techpana.com/2026/155548/factcheck-himani-shah-did-not-endorse-balen-shah-video-from-fake-facebook-account,"फ्याक्टचेकः नझुक्किनुस् ! हिमानीले बालेनलाई समर्थन गरेकी छैनन्, भिडिओ हाल्ने अकाउन्ट नक्कली हो"
TC_factcheck-himani-shah-did-not-endorse-balen-shah-video-from-fake-facebook-account,https://techpana.prixacdn.net/media/albums/balen-shah-factcheck-techpana_qwWrxaRSW6.jpg.760x430_q100_crop.jpg,हिमानी शाहले बलेन शाहलाई समर्थन गरेनन् । नक्कली फेसबुक अकाउन्टबाट भिडियो आयो ।,0,Pristine,"Himani Shah, Balendra Shah",Politics,10/03/2026,ne,https://techpana.com/2026/155548/factcheck-himani-shah-did-not-endorse-balen-shah-video-from-fake-facebook-account,"फ्याक्टचेकः नझुक्किनुस् ! हिमानीले बालेनलाई समर्थन गरेकी छैनन्, भिडिओ हाल्ने अकाउन्ट नक्कली हो"
TC_factcheck-okhaldhunga-shooting-video-from-military-drill-a-month-old,https://techpana.prixacdn.net/media/albums/okhaldhunga-goli-fake_5UZNaN8OUJ.jpg.760x430_q100_crop.jpg,ओखलढुंगा सुटिङको भिडियो सैन्य अभ्यासको हो र एक महिना पुरानो हो भर्खरको होइन,1,Temporal_Mismatch,"Okhaldhunga, Nepal Army",Politics,12/03/2026,ne,https://techpana.com/2026/155599/factcheck-okhaldhunga-shooting-video-from-military-drill-a-month-old,"फ्याक्टचेकः नआत्तिनुहोस्, ओखलढुङ्गामा गोली चलेको छैन, भिडिओ एक महिना अघि अभ्यासका क्रममा खिचिएको हो"
TC_factcheck-okhaldhunga-shooting-video-from-military-drill-a-month-old,https://techpana.prixacdn.net/media/albums/okhaldhunga-goli-fake_5UZNaN8OUJ.jpg.760x430_q100_crop.jpg,सुटिङको भिडियो सैन्य अभ्यासको हो र हालैको घटना होइन एक महिना पुरानो हो।,0,Pristine,"Okhaldhunga, Nepal Army",Politics,12/03/2026,ne,https://techpana.com/2026/155599/factcheck-okhaldhunga-shooting-video-from-military-drill-a-month-old,"फ्याक्टचेकः नआत्तिनुहोस्, ओखलढुङ्गामा गोली चलेको छैन, भिडिओ एक महिना अघि अभ्यासका क्रममा खिचिएको हो"
TC_durga-regmi-death-morang-fact-check,https://techpana.prixacdn.net/media/albums/durga-regmi-death-misleading-information-techpana-factcheck-desk_p9pPZ1AUnX.jpg.760x430_q100_crop.jpg,मोरङमा दुर्गा रेग्मीको मृत्यु भएको दाबी भ्रामक,1,Miscaptioned,"Durga Regmi, Morang",Politics,14/03/2026,ne,https://techpana.com/2026/155611/durga-regmi-death-morang-fact-check,फ्याक्टचेक: मोरङका रास्वपा नेता दुर्गा रेग्मीको मतगणना स्थलमै मृत्यु भएको दाबी भ्रामक
TC_durga-regmi-death-morang-fact-check,https://techpana.prixacdn.net/media/albums/durga-regmi-death-misleading-information-techpana-factcheck-desk_p9pPZ1AUnX.jpg.760x430_q100_crop.jpg,मोरङमा दुर्गा रेग्मीको मृत्यु भएको दाबी भ्रामक,0,Pristine,"Durga Regmi, Morang",Politics,14/03/2026,ne,https://techpana.com/2026/155611/durga-regmi-death-morang-fact-check,फ्याक्टचेक: मोरङका रास्वपा नेता दुर्गा रेग्मीको मतगणना स्थलमै मृत्यु भएको दाबी भ्रामक
TC_misleading-claim-about-balen-shah-10000-votes-goes-viral-on-social-media,https://techpana.prixacdn.net/media/albums/Misleading_5_QltfgAqdBg.png.760x430_q100_crop.jpg,बलेन शाहले १० हजार मत पाएको भ्रामक दाबी भाइरल,1,Miscaptioned,"Balendra Shah, RSP, Jhapa-5",Politics,14/03/2026,ne,https://techpana.com/2026/155610/misleading-claim-about-balen-shah-10000-votes-goes-viral-on-social-media,फ्याक्टचेक: बालेनले बिहान १०:५०मै १० हजार बढी मत प्राप्त गरेको हिमालय टिभी र इकान्तिपुरको दाबी भ्रामक
TC_misleading-claim-about-balen-shah-10000-votes-goes-viral-on-social-media,https://techpana.prixacdn.net/media/albums/Misleading_5_QltfgAqdBg.png.760x430_q100_crop.jpg,बलेन शाहको मत गणना १० हजार रहेको दाबी भ्रामक छ ।,0,Pristine,"Balendra Shah, RSP, Jhapa-5",Politics,14/03/2026,ne,https://techpana.com/2026/155610/misleading-claim-about-balen-shah-10000-votes-goes-viral-on-social-media,फ्याक्टचेक: बालेनले बिहान १०:५०मै १० हजार बढी मत प्राप्त गरेको हिमालय टिभी र इकान्तिपुरको दाबी भ्रामक
NC_fact-check-sand-dredgers-bridge-nepal-floods,https://nepalcheck.org/wp-content/uploads/2024/10/video-vietnam-nepal-floods.png,A video shows sand dredgers crashing into a bridge during recent floods in Nepal,1,Geographic_Mismatch,"Nepal, Vietnam, Typhoon Yagi","Disaster, Floods",04/10/2024,en,https://nepalcheck.org/2024/10/04/fact-check-claims-of-sand-dredgers-crashing-into-a-bridge-in-nepal-floods-are-misleading/,Fact-check: Claims of Sand Dredgers Crashing Into a Bridge in Nepal Floods Are Misleading
NC_fact-check-sand-dredgers-bridge-nepal-floods,https://nepalcheck.org/wp-content/uploads/2024/10/video-vietnam-nepal-floods.png,"The footage is from Vietnam, depicting the flooded Chay River following Typhoon Yagi in September 2024.",0,Pristine,"Nepal, Vietnam, Typhoon Yagi","Disaster, Floods",04/10/2024,en,https://nepalcheck.org/2024/10/04/fact-check-claims-of-sand-dredgers-crashing-into-a-bridge-in-nepal-floods-are-misleading/,Fact-check: Claims of Sand Dredgers Crashing Into a Bridge in Nepal Floods Are Misleading
NC_old-photos-videos-falsely-shared-nepal-plane-crash,https://nepalcheck.org/wp-content/uploads/2024/07/sourya-airlines-false-photo-yeti-air-crash-pokhara_-x-x.com_-1.png,"Photos and videos show the Saurya Airlines plane crash on July 24, 2024 in Kathmandu",1,Temporal_Mismatch,"Saurya Airlines, Kathmandu, TIA, Yeti Airlines, US-Bangla","Aviation, Disaster",25/07/2024,en,https://nepalcheck.org/2024/07/25/old-photos-and-videos-falsely-shared-following-deadly-nepal-plane-crash/,Old Photos and Videos Falsely Shared Following Deadly Nepal Plane Crash
NC_old-photos-videos-falsely-shared-nepal-plane-crash,https://nepalcheck.org/wp-content/uploads/2024/07/sourya-airlines-false-photo-yeti-air-crash-pokhara_-x-x.com_-1.png,"The photos and videos were from the 2018 US-Bangla Airlines crash and 2023 Yeti Airlines crash, not the Saurya Airlines crash.",0,Pristine,"Saurya Airlines, Kathmandu, TIA, Yeti Airlines, US-Bangla","Aviation, Disaster",25/07/2024,en,https://nepalcheck.org/2024/07/25/old-photos-and-videos-falsely-shared-following-deadly-nepal-plane-crash/,Old Photos and Videos Falsely Shared Following Deadly Nepal Plane Crash
NC_viral-tiktok-deputy-mayor-lamichhane,https://nepalcheck.org/wp-content/uploads/2024/05/sunita-dangol-deputy-mayor-kathmandu-rabi-lamichhane-1.jpg,A TikTok video shows Kathmandu deputy mayor Sunita Dangol endorsing Rabi Lamichhane,1,Miscaptioned,"Sunita Dangol, Rabi Lamichhane, Kathmandu, RSP",Politics,01/05/2024,en,https://nepalcheck.org/2024/05/01/viral-tiktok-post-claiming-deputy-mayors-support-for-lamichhane-is-misleading/,TikTok Post Claiming Deputy Mayor's Support for Lamichhane Is Misleading
NC_viral-tiktok-deputy-mayor-lamichhane,https://nepalcheck.org/wp-content/uploads/2024/05/sunita-dangol-deputy-mayor-kathmandu-rabi-lamichhane-1.jpg,"Dangol's speech was actually about road safety, not support for Lamichhane. The TikTok post misrepresented her speech.",0,Pristine,"Sunita Dangol, Rabi Lamichhane, Kathmandu, RSP",Politics,01/05/2024,en,https://nepalcheck.org/2024/05/01/viral-tiktok-post-claiming-deputy-mayors-support-for-lamichhane-is-misleading/,TikTok Post Claiming Deputy Mayor's Support for Lamichhane Is Misleading
NC_tiktok-falsely-claim-arrest-arzu-rana-deuba,https://nepalcheck.org/wp-content/uploads/2024/04/arzu-rana-arrest-india-tiktok-rabi-lamichhane.jpg,Nepali lawmaker Arzu Rana Deuba was arrested in New Delhi over a refugee scam and fled to Singapore,1,Fabricated,"Arzu Rana Deuba, India, New Delhi, RSP, Rabi Lamichhane","Politics, Legal",08/04/2024,en,https://nepalcheck.org/2024/04/08/tiktok-posts-falsely-claim-arrest-of-arzu-rana-deuba-in-india/,TikTok posts falsely claim arrest of Arzu Rana Deuba in India
NC_tiktok-falsely-claim-arrest-arzu-rana-deuba,https://nepalcheck.org/wp-content/uploads/2024/04/arzu-rana-arrest-india-tiktok-rabi-lamichhane.jpg,Deuba was not arrested. She was hospitalized in Delhi for surgery and refuted the claims.,0,Pristine,"Arzu Rana Deuba, India, New Delhi, RSP, Rabi Lamichhane","Politics, Legal",08/04/2024,en,https://nepalcheck.org/2024/04/08/tiktok-posts-falsely-claim-arrest-of-arzu-rana-deuba-in-india/,TikTok posts falsely claim arrest of Arzu Rana Deuba in India
NC_toshima-karki-protest-photo-doctored,https://nepalcheck.org/wp-content/uploads/2024/02/toshima-karki-protest-tiktok-digitally-altered-photo.jpg,RSP lawmaker Toshima Karki is protesting against her party chair Rabi Lamichhane over cooperative wrongdoing,1,Fabricated,"Toshima Karki, Rabi Lamichhane, RSP, Balkumari, Lalitpur",Politics,02/02/2024,en,https://nepalcheck.org/2024/02/02/fact-check-toshima-karkis-protest-photo-doctored-to-spread-falsehoods/,Fact Check: Toshima Karki's Protest Photo Doctored to Spread Falsehoods
NC_toshima-karki-protest-photo-doctored,https://nepalcheck.org/wp-content/uploads/2024/02/toshima-karki-protest-tiktok-digitally-altered-photo.jpg,"Karki's original placard demanded accountability for police killing of two young men, not for issues related to a cooperative. The photo was digitally altered.",0,Pristine,"Toshima Karki, Rabi Lamichhane, RSP, Balkumari, Lalitpur",Politics,02/02/2024,en,https://nepalcheck.org/2024/02/02/fact-check-toshima-karkis-protest-photo-doctored-to-spread-falsehoods/,Fact Check: Toshima Karki's Protest Photo Doctored to Spread Falsehoods
NC_viral-video-nepal-procession-ram-temple-india,https://nepalcheck.org/wp-content/uploads/2024/01/screenshot-of-video-claiming-to-show-wedding-procession-from-nepal-to-ram-temple-in-ayodhya-2024-01-16.png,A video shows a wedding procession from Nepal's Sita's maternal home to Ayodhya's Ram Temple,1,Geographic_Mismatch,"Janakpur, Ayodhya, Ram Temple, India, Nepal","Religion, Society",21/01/2024,en,https://nepalcheck.org/2024/01/21/viral-video-claiming-to-show-nepal-procession-for-ram-temple-in-india-is-misleading/,Viral Video Claiming to Show Nepal Procession for Ram Temple in India is Misleading
NC_viral-video-nepal-procession-ram-temple-india,https://nepalcheck.org/wp-content/uploads/2024/01/screenshot-of-video-claiming-to-show-wedding-procession-from-nepal-to-ram-temple-in-ayodhya-2024-01-16.png,"The video is from a July 2023 ceremony in Greater Noida, India, not Nepal.",0,Pristine,"Janakpur, Ayodhya, Ram Temple, India, Nepal","Religion, Society",21/01/2024,en,https://nepalcheck.org/2024/01/21/viral-video-claiming-to-show-nepal-procession-for-ram-temple-in-india-is-misleading/,Viral Video Claiming to Show Nepal Procession for Ram Temple in India is Misleading
NC_tiktok-japanese-landslide-sikkim-floods,https://nepalcheck.org/wp-content/uploads/2023/12/japan-landlside-video-shared-as-sikkim-floods-tiktok.jpg,A TikTok video shows the Sikkim flash floods,1,Geographic_Mismatch,"Sikkim, Japan, Landslide, Flood",Disaster,31/12/2023,en,https://nepalcheck.org/2023/12/31/tiktok-user-falsely-attributes-2021-japanese-landslide-video-to-sikkim-flash-floods/,TikTok User Falsely Attributes 2021 Japanese Landslide Video to Sikkim Flash Floods
NC_tiktok-japanese-landslide-sikkim-floods,https://nepalcheck.org/wp-content/uploads/2023/12/japan-landlside-video-shared-as-sikkim-floods-tiktok.jpg,"The video is from a 2021 Japanese landslide, not the Sikkim flash floods.",0,Pristine,"Sikkim, Japan, Landslide, Flood",Disaster,31/12/2023,en,https://nepalcheck.org/2023/12/31/tiktok-user-falsely-attributes-2021-japanese-landslide-video-to-sikkim-flash-floods/,TikTok User Falsely Attributes 2021 Japanese Landslide Video to Sikkim Flash Floods
NC_viral-tiktok-video-jajarkot-quake,https://nepalcheck.org/wp-content/uploads/2023/11/jajarkotearthquaketiktok.png,A viral TikTok video shows the recent Jajarkot earthquake in Nepal,1,Temporal_Mismatch,"Jajarkot, Nepal Earthquake, 2015",Disaster,10/11/2023,en,https://nepalcheck.org/2023/11/10/viral-tiktok-video-falsely-claims-to-show-jajarkot-quake/,Viral TikTok Video Falsely Claims to Show Jajarkot Quake
NC_viral-tiktok-video-jajarkot-quake,https://nepalcheck.org/wp-content/uploads/2023/11/jajarkotearthquaketiktok.png,"The video is eight years old, showing the 2015 earthquake, not the 2023 Jajarkot earthquake.",0,Pristine,"Jajarkot, Nepal Earthquake, 2015",Disaster,10/11/2023,en,https://nepalcheck.org/2023/11/10/viral-tiktok-video-falsely-claims-to-show-jajarkot-quake/,Viral TikTok Video Falsely Claims to Show Jajarkot Quake
NC_video-nagdhunga-tunnel-saudi-arabia,https://nepalcheck.org/wp-content/uploads/2023/10/saudi-tunnel-featured-image-nepal-check.png,A TikTok video claims to feature the Nagdhunga tunnel in Nepal,1,Geographic_Mismatch,"Nagdhunga, Kathmandu, Saudi Arabia, Al Baha",Infrastructure,07/10/2023,en,https://nepalcheck.org/2023/10/07/video-claiming-to-show-nepals-nagdhunga-tunnel-is-from-saudi-arabia/,Video Claiming To Show Nepal's Nagdhunga Tunnel Is From Saudi Arabia
NC_video-nagdhunga-tunnel-saudi-arabia,https://nepalcheck.org/wp-content/uploads/2023/10/saudi-tunnel-featured-image-nepal-check.png,"The footage is of a tunnel on the Al Baha road in Saudi Arabia, not the Nagdhunga tunnel in Nepal.",0,Pristine,"Nagdhunga, Kathmandu, Saudi Arabia, Al Baha",Infrastructure,07/10/2023,en,https://nepalcheck.org/2023/10/07/video-claiming-to-show-nepals-nagdhunga-tunnel-is-from-saudi-arabia/,Video Claiming To Show Nepal's Nagdhunga Tunnel Is From Saudi Arabia
NC_viral-video-pradeep-gyawali-election-promises,https://nepalcheck.org/wp-content/uploads/2022/11/pradeepgyawalitiktokvideo.jpg,CPN-UML's Pradeep Gyawali advocated making false promises to voters during the election,1,Miscaptioned,"Pradeep Gyawali, CPN-UML, Gulmi, Nepal Election 2022","Politics, Election",21/11/2022,en,https://nepalcheck.org/2022/11/21/viral-video-clip-attributing-election-promises-to-pradeep-gyawali-is-misleading/,Viral video clip attributing election promises to Pradeep Gyawali is misleading
NC_viral-video-pradeep-gyawali-election-promises,https://nepalcheck.org/wp-content/uploads/2022/11/pradeepgyawalitiktokvideo.jpg,Gyawali used a Nepali song metaphor to argue his actual development work speaks for itself - he did not advocate misleading voters. The viral clip removed context from his 40-minute interview.,0,Pristine,"Pradeep Gyawali, CPN-UML, Gulmi, Nepal Election 2022","Politics, Election",21/11/2022,en,https://nepalcheck.org/2022/11/21/viral-video-clip-attributing-election-promises-to-pradeep-gyawali-is-misleading/,Viral video clip attributing election promises to Pradeep Gyawali is misleading
NC_facebook-gagan-thapa-freebies,https://nepalcheck.org/wp-content/uploads/2022/09/gagan-thapa-video-on-sudur-paschim-nepal-facebook-group.jpg,"Gagan Thapa promised to give everyone over 60 Rs 30,000 per month and free smartphones to all over 18 if elected prime minister",1,Temporal_Mismatch,"Gagan Thapa, Nepali Congress, Pokhara, Madi Rural Municipality",Politics,18/09/2022,en,https://nepalcheck.org/2022/09/18/facebook-post-claiming-gagan-thapa-promised-freebies-if-elected-is-misleading/,Facebook post claiming Gagan Thapa promised freebies if elected is misleading
NC_facebook-gagan-thapa-freebies,https://nepalcheck.org/wp-content/uploads/2022/09/gagan-thapa-video-on-sudur-paschim-nepal-facebook-group.jpg,"A six-month-old speech was shared without context. Thapa was actually discussing that governments cannot give away money they do not earn, criticizing populist promises. The viral clip was misleadingly trimmed.",0,Pristine,"Gagan Thapa, Nepali Congress, Pokhara, Madi Rural Municipality",Politics,18/09/2022,en,https://nepalcheck.org/2022/09/18/facebook-post-claiming-gagan-thapa-promised-freebies-if-elected-is-misleading/,Facebook post claiming Gagan Thapa promised freebies if elected is misleading
NFC_panauti-tiger,https://nepalfactcheck.org/wp-content/uploads/2024/02/baagh-300x169.jpg,बाघको तस्बिर नेपालको पनौतीमा खिचिएको दाबी गरिएको छ,1,Temporal_Mismatch,"Panauti, Tiger","Society, Wildlife",01/02/2024,ne,https://nepalfactcheck.org/2024/02/panauti-tiger/,के हो पनौतीमा खिचेको दावी गरिएको बाघको फोटोको तथ्य?
NFC_panauti-tiger,https://nepalfactcheck.org/wp-content/uploads/2024/02/baagh-300x169.jpg,"तस्बिर पनौती, नेपालको होइन; यसलाई अन्यत्र लगियो।",0,Pristine,"Panauti, Tiger","Society, Wildlife",01/02/2024,ne,https://nepalfactcheck.org/2024/02/panauti-tiger/,के हो पनौतीमा खिचेको दावी गरिएको बाघको फोटोको तथ्य?
NFC_nayapatrika-misleading-claim-see-result,https://nepalfactcheck.org/wp-content/uploads/2024/07/SEE-300x169.jpg,सामुदायिक विद्यालयका ८८ प्रतिशत विद्यार्थी एसइई परीक्षामा अनुत्तीर्ण भएको नयाँ पत्रिकाले दाबी गरेको छ,1,Miscaptioned,"Naya Patrika, SEE, Kathmandu Metropolitan City, Community Schools","Education, Media",01/07/2024,ne,https://nepalfactcheck.org/2024/07/nayapatrika-misleading-claim-see-result/,सामुदायिक विद्यालयका ८८ प्रतिशत विद्यार्थी अनुत्तीर्ण भएको मिडियाको दावी भ्रामक
NFC_nayapatrika-misleading-claim-see-result,https://nepalfactcheck.org/wp-content/uploads/2024/07/SEE-300x169.jpg,सामुदायिक विद्यालयका ८८ प्रतिशत विद्यार्थी एसइई परीक्षामा अनुत्तीर्ण भएको नयाँ पत्रिकाको दाबी भ्रामक छ । वास्तविक पास दर धेरै उच्च थियो।,0,Pristine,"Naya Patrika, SEE, Kathmandu Metropolitan City, Community Schools","Education, Media",01/07/2024,ne,https://nepalfactcheck.org/2024/07/nayapatrika-misleading-claim-see-result/,सामुदायिक विद्यालयका ८८ प्रतिशत विद्यार्थी अनुत्तीर्ण भएको मिडियाको दावी भ्रामक
NFC_facebook-comment-highlight-viral-claim,https://nepalfactcheck.org/wp-content/uploads/2024/02/facebook-300x169.jpg,फेसबुक कमेन्टमा @highlight लेख्दा कसैले तपाईको एकाउन्ट ह्याक गरेको छ भने थाहा हुन्छ,1,Fabricated,Facebook,"Technology, Social Media",15/02/2024,ne,https://nepalfactcheck.org/2024/02/facebook-comment-highlight-viral-claim/,"नझुक्किनुस्, फेसबुक कमेन्टमा @highlight लेख्दैमा ह्याक हुने/नहुने थाहा हुँदैन"
NFC_facebook-comment-highlight-viral-claim,https://nepalfactcheck.org/wp-content/uploads/2024/02/facebook-300x169.jpg,फेसबुक टिप्पणीहरूमा @highlight टाइप गर्दा ह्याकरहरू प्रकट गर्दैन। यो फेसबुकमा फैलिएको भाइरल होक्स हो।,0,Pristine,Facebook,"Technology, Social Media",15/02/2024,ne,https://nepalfactcheck.org/2024/02/facebook-comment-highlight-viral-claim/,"नझुक्किनुस्, फेसबुक कमेन्टमा @highlight लेख्दैमा ह्याक हुने/नहुने थाहा हुँदैन"
NFC_factcheck-saurya-airlines-crash-picture,https://nepalfactcheck.org/wp-content/uploads/2024/07/saurya-1-300x169.png,"जुलाई 24, 2024 मा भएको सौर्य एयरलाइन्सको दुर्घटनाका तस्बिरहरूका रूपमा भाइरल फोटोहरू",1,Temporal_Mismatch,"Saurya Airlines, Tribhuvan International Airport, Kathmandu","Aviation, Disaster",25/07/2024,ne,https://nepalfactcheck.org/2024/07/factcheck-saurya-airlines-crash-picture/,"नझुक्किनुस्, यी भाइरल फोटोहरु सौर्य एयरलाइन्स दुर्घटनाका होइनन्"
NFC_factcheck-saurya-airlines-crash-picture,https://nepalfactcheck.org/wp-content/uploads/2024/07/saurya-1-300x169.png,"सौर्य एयरलाइन्सको दुर्घटना पछि साझा गरिएका भाइरल तस्बिरहरू नेपालमा अघिल्लो दुर्घटना (यति एयरलाइन्स 2023 र यूएस-बंगला 2018) को हुन्, जुलाई 24, 2024 दुर्घटनाको होइन।",0,Pristine,"Saurya Airlines, Tribhuvan International Airport, Kathmandu","Aviation, Disaster",25/07/2024,ne,https://nepalfactcheck.org/2024/07/factcheck-saurya-airlines-crash-picture/,"नझुक्किनुस्, यी भाइरल फोटोहरु सौर्य एयरलाइन्स दुर्घटनाका होइनन्"
NFC_khulamanch-old-photo,https://nepalfactcheck.org/wp-content/uploads/2024/01/baburam-300x169.jpg,फुटबल मैदान निर्माणको विरोधमा खुलामञ्चमा भएको विरोधको पुरानो तस्बिर साझा गरिएको छ,1,Temporal_Mismatch,"Khulamanch, Kathmandu","Politics, Sports",15/01/2024,ne,https://nepalfactcheck.org/2024/01/khulamanch-old-photo/,फुटबल मैदान बनाउन लागेको विरोधवा खुलामञ्चमा भएको प्रदर्शन भनिएको फोटो चार वर्ष पुरानो
NFC_khulamanch-old-photo,https://nepalfactcheck.org/wp-content/uploads/2024/01/baburam-300x169.jpg,खुलामञ्चको विरोधको तस्बिर चार वर्ष पुरानो हो र अहिलेको फुटबल मैदान निर्माण विवादसँग सम्बन्धित छैन ।,0,Pristine,"Khulamanch, Kathmandu","Politics, Sports",15/01/2024,ne,https://nepalfactcheck.org/2024/01/khulamanch-old-photo/,फुटबल मैदान बनाउन लागेको विरोधवा खुलामञ्चमा भएको प्रदर्शन भनिएको फोटो चार वर्ष पुरानो
NFC_nayapatrika-daily-claim-see,https://nepalfactcheck.org/wp-content/uploads/2024/07/koshi-2-300x169.jpg,काठमाडौं महानगरपालिकाका सामुदायिक विद्यालयको एसइईको नतिजाबारे सञ्चारमाध्यमको दाबी भ्रामक भएको छ,1,Miscaptioned,"Kathmandu Metropolitan City, SEE, Community Schools","Education, Media",02/07/2024,ne,https://nepalfactcheck.org/2024/07/nayapatrika-daily-claim-see/,काठमाडौँ महानगरका सामुदायिक विद्यालयको एसईई नतिजाबारे मिडियामा भ्रामक दावी
NFC_nayapatrika-daily-claim-see,https://nepalfactcheck.org/wp-content/uploads/2024/07/koshi-2-300x169.jpg,"काठमाडौं महानगरपालिकाका सामुदायिक विद्यालयमा एसइईको नतिजाबारे सञ्चारमाध्यममा भ्रामक, वास्तविक तथ्याङ्कलाई गलत प्रस्तुत गर्ने गरेको पाइयो ।",0,Pristine,"Kathmandu Metropolitan City, SEE, Community Schools","Education, Media",02/07/2024,ne,https://nepalfactcheck.org/2024/07/nayapatrika-daily-claim-see/,काठमाडौँ महानगरका सामुदायिक विद्यालयको एसईई नतिजाबारे मिडियामा भ्रामक दावी
NFC_puerto-rico-bridge,https://nepalfactcheck.org/wp-content/uploads/2024/07/koshi-1-300x169.jpg,पोर्टो रिकोको पुल बगाएको भिडियो नेपालमा कोशी नदीको बाढीका कारण सेयर भइरहेको छ,1,Geographic_Mismatch,"Koshi River, Puerto Rico, Nepal","Disaster, Floods",20/06/2024,ne,https://nepalfactcheck.org/2024/06/puerto-rico-bridge/,कोशीको बाढी भन्दै पुएर्टो रिकोमा पुल बगाएको भिडियो सामाजिक सञ्जालमा फैलाइयो
NFC_puerto-rico-bridge,https://nepalfactcheck.org/wp-content/uploads/2024/07/koshi-1-300x169.jpg,पुल बगाएको भाइरल भिडियो नेपालको कोशी नदीको बाढीको नभई पोर्टो रिकोको हो ।,0,Pristine,"Koshi River, Puerto Rico, Nepal","Disaster, Floods",20/06/2024,ne,https://nepalfactcheck.org/2024/06/puerto-rico-bridge/,कोशीको बाढी भन्दै पुएर्टो रिकोमा पुल बगाएको भिडियो सामाजिक सञ्जालमा फैलाइयो
NFC_aids-viral-information-factcheck,https://nepalfactcheck.org/wp-content/uploads/2024/07/aids-2-300x169.jpg,घरघरमा गएर नि:शुल्क स्वास्थ्य जाँच गर्ने कर्मचारीहरूले एड्स/एचआईभी फैलाउँछन्,1,Fabricated,"AIDS, HIV, Nepal",Health,10/07/2024,ne,https://nepalfactcheck.org/2024/07/aids-viral-information-factcheck/,के हो घर-घरमा निःशुल्क स्वास्थ्य जाँच गर्न आउनेले एड्स सारिदिने भन्दै भाइरल भइरहेको सूचनाको तथ्य?
NFC_aids-viral-information-factcheck,https://nepalfactcheck.org/wp-content/uploads/2024/07/aids-2-300x169.jpg,नि:शुल्क घरेलु स्वास्थ्य जाँच गर्ने कामदारहरूले एड्स/एचआईभी फैलाउने कुनै तथ्यगत आधार छैन भनी दाबी गर्नुहोस्। यो स्वास्थ्य सम्बन्धी गलत जानकारी हो।,0,Pristine,"AIDS, HIV, Nepal",Health,10/07/2024,ne,https://nepalfactcheck.org/2024/07/aids-viral-information-factcheck/,के हो घर-घरमा निःशुल्क स्वास्थ्य जाँच गर्न आउनेले एड्स सारिदिने भन्दै भाइरल भइरहेको सूचनाको तथ्य?
NFC_aids-epidemic-fake,https://nepalfactcheck.org/wp-content/uploads/2024/07/aids-300x169.jpg,कोभिड–१९ पछि नेपालमा एड्सको महामारी फैलिएको छ,1,Fabricated,"AIDS, COVID-19, Nepal",Health,12/07/2024,ne,https://nepalfactcheck.org/2024/07/aids-epidemic-fake/,के नेपालमा कोरोनापछि एड्सको महामारी फैलिएको हो ?
NFC_aids-epidemic-fake,https://nepalfactcheck.org/wp-content/uploads/2024/07/aids-300x169.jpg,कोभिड–१९ पछि नेपालमा एड्सको महामारी छैन । दाबी मनगढन्ते हो र कुनै प्रमाण छैन।,0,Pristine,"AIDS, COVID-19, Nepal",Health,12/07/2024,ne,https://nepalfactcheck.org/2024/07/aids-epidemic-fake/,के नेपालमा कोरोनापछि एड्सको महामारी फैलिएको हो ?
NFC_constitution-nepal,https://nepalfactcheck.org/wp-content/uploads/2024/05/gyanendra-shahi-300x169.jpg,नेपालको संविधान अनुसार हरेक सांसद प्रधानमन्त्री बन्न सक्नेछन्,1,Fabricated,"Nepal Constitution, Parliament, Prime Minister","Politics, Legal",10/05/2024,ne,https://nepalfactcheck.org/2024/05/constitution-nepal/,के नेपालको संविधान अनुसार सांसद भएका हरेक व्यक्ति प्रधानमन्त्री बन्न सक्छन्?
NFC_constitution-nepal,https://nepalfactcheck.org/wp-content/uploads/2024/05/gyanendra-shahi-300x169.jpg,नेपालको संविधान अनुसार हरेक सांसद प्रधानमन्त्री बन्न सक्दैनन् । संविधानमा विशिष्ट योग्यता आवश्यकताहरू छन्। दाबी भ्रामक छ।,0,Pristine,"Nepal Constitution, Parliament, Prime Minister","Politics, Legal",10/05/2024,ne,https://nepalfactcheck.org/2024/05/constitution-nepal/,के नेपालको संविधान अनुसार सांसद भएका हरेक व्यक्ति प्रधानमन्त्री बन्न सक्छन्?
NFC_nepal-flag-opera-house,https://nepalfactcheck.org/wp-content/uploads/2024/03/opera-house-300x169.jpg,सिड्नी ओपेरा हाउस नेपाली झण्डाको रंगले उज्यालो भएको छ,1,Fabricated,"Sydney Opera House, Nepal Flag, Australia","International, Patriotism",20/03/2024,ne,https://nepalfactcheck.org/2024/03/nepal-flag-opera-house/,"नझुक्किनुस्, सिड्नीको ओपेरा हाउसमा नेपाली झण्डाको लाइटिङसहितको यो फोटो सही होइन"
NFC_nepal-flag-opera-house,https://nepalfactcheck.org/wp-content/uploads/2024/03/opera-house-300x169.jpg,नेपाली झण्डाको रङले उज्यालो बनाएको सिड्नी ओपेरा हाउसको तस्बिर डिजिटल रूपमा सम्पादन गरिएको छ । ओपेरा हाउस नेपाली झण्डाको रङमा जलाइएको थिएन।,0,Pristine,"Sydney Opera House, Nepal Flag, Australia","International, Patriotism",20/03/2024,ne,https://nepalfactcheck.org/2024/03/nepal-flag-opera-house/,"नझुक्किनुस्, सिड्नीको ओपेरा हाउसमा नेपाली झण्डाको लाइटिङसहितको यो फोटो सही होइन"
NFC_pokhara-flood-misinformation,https://nepalfactcheck.org/wp-content/uploads/2024/07/pkr-flood-300x169.jpg,सेती नदी अवरुद्ध हुँदा पोखरामा आएको बाढीको भिडियो,1,Geographic_Mismatch,"Pokhara, Seti River, India","Disaster, Floods",20/07/2024,ne,https://nepalfactcheck.org/2024/07/pokhara-flood-misinformation/,सेती नदी थुनिँदा पोखरामा बाढी भन्दै भाइरल भएको भिडियो भारतको ११ वर्ष पुरानो
NFC_pokhara-flood-misinformation,https://nepalfactcheck.org/wp-content/uploads/2024/07/pkr-flood-300x169.jpg,सेती नदी अवरुद्ध हुँदा पोखरामा आएको बाढी देखाउने भाइरल भिडियो वास्तवमा भारतको हो र ११ वर्ष पुरानो हो ।,0,Pristine,"Pokhara, Seti River, India","Disaster, Floods",20/07/2024,ne,https://nepalfactcheck.org/2024/07/pokhara-flood-misinformation/,सेती नदी थुनिँदा पोखरामा बाढी भन्दै भाइरल भएको भिडियो भारतको ११ वर्ष पुरानो
NFC_factcheck-tattoo-hiv,https://nepalfactcheck.org/wp-content/uploads/2024/08/santoshi-1-300x169.jpg,नेपालमा ट्याटुबाट ४० जनामा ​​एचआईभी/एड्स भएको छ,1,Fabricated,"HIV, AIDS, Tattoo, Nepal",Health,05/08/2024,ne,https://nepalfactcheck.org/2024/08/factcheck-tattoo-hiv/,के नेपालमा ट्याटु बनाउँदा ४० जनालाई एचआइभी सरेको हो ?
NFC_factcheck-tattoo-hiv,https://nepalfactcheck.org/wp-content/uploads/2024/08/santoshi-1-300x169.jpg,नेपालमा ट्याटुबाट ४० जनामा ​​एचआइभी सङ्क्रमण भएको दाबी गलत हो । स्वास्थ्य अधिकारीहरूले यस्तो कुनै घटना पुष्टि गरेनन्।,0,Pristine,"HIV, AIDS, Tattoo, Nepal",Health,05/08/2024,ne,https://nepalfactcheck.org/2024/08/factcheck-tattoo-hiv/,के नेपालमा ट्याटु बनाउँदा ४० जनालाई एचआइभी सरेको हो ?
NFC_nagdhunga-tunnel-road-misleading-video,https://nepalfactcheck.org/wp-content/uploads/2024/07/tunnel-1-300x169.jpg,नागढुंगा-काठमाडौं सुरुङको भाइरल भिडियो वास्तवमा पोर्चुगलबाट,1,Geographic_Mismatch,"Nagdhunga Tunnel, Kathmandu, Portugal",Infrastructure,22/07/2024,ne,https://nepalfactcheck.org/2024/07/nagdhunga-tunnel-road-misleading-video/,नागढुंगा-काठमाडौँ सुरुङ मार्गको भन्दै भाइरल भिडियो नेपालको हैन पोर्चुगलको
NFC_nagdhunga-tunnel-road-misleading-video,https://nepalfactcheck.org/wp-content/uploads/2024/07/tunnel-1-300x169.jpg,नागढुङ्गा–काठमाडौं सुरुङमार्गको फुटेज भाइरल भइरहेको भिडियो नेपालको नभई पोर्चुगलको हो ।,0,Pristine,"Nagdhunga Tunnel, Kathmandu, Portugal",Infrastructure,22/07/2024,ne,https://nepalfactcheck.org/2024/07/nagdhunga-tunnel-road-misleading-video/,नागढुंगा-काठमाडौँ सुरुङ मार्गको भन्दै भाइरल भिडियो नेपालको हैन पोर्चुगलको
NFC_viral-video-not-from-kathmandu,https://nepalfactcheck.org/wp-content/uploads/2024/07/badhi-300x169.jpg,बलेन शाहको काठमाडौंसँग जोडिएको बाढीको भिडियो काठमाडौंको होइन विदेशी हो,1,Geographic_Mismatch,"Balendra Shah, Balen, Kathmandu","Politics, Disaster",25/07/2024,ne,https://nepalfactcheck.org/2024/07/viral-video-not-from-kathmandu/,"बालेनको नाम जोड्दै भाइरल भएको बाढीको भिडियो काठमाडौँको होइन, विदेशको"
NFC_viral-video-not-from-kathmandu,https://nepalfactcheck.org/wp-content/uploads/2024/07/badhi-300x169.jpg,काठमाडौंका मेयर बलेन शाहको कार्यकालसँग जोडेर बाँडिएको बाढीको भिडियो काठमाडौंको होइन; यो विदेशी देशबाट हो।,0,Pristine,"Balendra Shah, Balen, Kathmandu","Politics, Disaster",25/07/2024,ne,https://nepalfactcheck.org/2024/07/viral-video-not-from-kathmandu/,"बालेनको नाम जोड्दै भाइरल भएको बाढीको भिडियो काठमाडौँको होइन, विदेशको"
NFC_mpox-infection-immediate-death-claim-fact-checked,https://nepalfactcheck.org/wp-content/uploads/2024/08/mpox-300x169.jpg,Mpox infection causes immediate death,1,Fabricated,"Mpox, WHO",Health,20/08/2024,ne-en,https://nepalfactcheck.org/2024/08/mpox-infection-immediate-death-claim-fact-checked/,के एमपक्सको संक्रमण हुनासाथ मृत्यु हुन्छ ? एमपक्सबारे जान्नै पर्ने तथ्यहरु
NFC_mpox-infection-immediate-death-claim-fact-checked,https://nepalfactcheck.org/wp-content/uploads/2024/08/mpox-300x169.jpg,Mpox does not cause immediate death upon infection. The claim is false. Most cases are non-fatal with proper care.,0,Pristine,"Mpox, WHO",Health,20/08/2024,ne-en,https://nepalfactcheck.org/2024/08/mpox-infection-immediate-death-claim-fact-checked/,के एमपक्सको संक्रमण हुनासाथ मृत्यु हुन्छ ? एमपक्सबारे जान्नै पर्ने तथ्यहरु
NFC_saurya-airlines-crash-factcheck,https://nepalfactcheck.org/wp-content/uploads/2024/07/saurya-300x169.png,सौर्य एयरलाइन्सको विमान दुर्घटनापछि अन्य विमानका यात्रुहरु आत्तिएर भागेका थिए,1,Temporal_Mismatch,"Saurya Airlines, Tribhuvan International Airport, Kathmandu","Aviation, Disaster",26/07/2024,ne,https://nepalfactcheck.org/2024/07/saurya-airlines-crash-factcheck/,के हो सौर्य एयरलाइन्स दुर्घटनापछि अरु विमानका यात्रु भागाभागको दावीसहित भाइरल भिडियोको तथ्य?
NFC_saurya-airlines-crash-factcheck,https://nepalfactcheck.org/wp-content/uploads/2024/07/saurya-300x169.png,"सौर्य एयरलाइन्सको दुर्घटनापछि विमानका अन्य यात्रुहरु आतंकित भएर भागेको भाइरल भिडियो त्यो घटनाको होइन । भिडियो जुलाई 24, 2024 दुर्घटनासँग सम्बन्धित छैन।",0,Pristine,"Saurya Airlines, Tribhuvan International Airport, Kathmandu","Aviation, Disaster",26/07/2024,ne,https://nepalfactcheck.org/2024/07/saurya-airlines-crash-factcheck/,के हो सौर्य एयरलाइन्स दुर्घटनापछि अरु विमानका यात्रु भागाभागको दावीसहित भाइरल भिडियोको तथ्य?
NFC_bagmati-flood-misinformation,https://nepalfactcheck.org/wp-content/uploads/2024/07/bagmati-flood-300x169.jpg,बागमती नदीले कार बगाएको भिडियो काठमाडौंको होइन भारतको हो,1,Geographic_Mismatch,"Bagmati River, Kathmandu, India","Disaster, Floods",28/07/2024,ne,https://nepalfactcheck.org/2024/07/bagmati-flood-misinformation/,काठमाडौँको बागमती नदीले कार बगाएको भन्दै भाइरल भएको भिडियो भारतको
NFC_bagmati-flood-misinformation,https://nepalfactcheck.org/wp-content/uploads/2024/07/bagmati-flood-300x169.jpg,काठमाडौंको बागमती नदीले बगाएको कार देखाएको भाइरल भिडियो वास्तवमा भारतको हो ।,0,Pristine,"Bagmati River, Kathmandu, India","Disaster, Floods",28/07/2024,ne,https://nepalfactcheck.org/2024/07/bagmati-flood-misinformation/,काठमाडौँको बागमती नदीले कार बगाएको भन्दै भाइरल भएको भिडियो भारतको
NFC_sandeep-lamichhane,https://nepalfactcheck.org/wp-content/uploads/2024/05/Sandeep-1-300x169.jpg,सन्दीप लामिछाने विश्वकप क्रिकेट खेल्न अमेरिका गएका छन्,1,Fabricated,"Sandeep Lamichhane, Cricket World Cup, USA, Nepal","Sports, Cricket",20/05/2024,ne,https://nepalfactcheck.org/2024/05/sandeep-lamichhane/,सन्दीप लामिछाने विश्वकप खेल्न अमेरिका उडेको दाबी मिथ्या
NFC_sandeep-lamichhane,https://nepalfactcheck.org/wp-content/uploads/2024/05/Sandeep-1-300x169.jpg,सन्दीप लामिछाने विश्वकप क्रिकेट खेल्न अमेरिका गएको दाबी गलत हो । उनी विश्वकपका लागि अमेरिका गएका थिएनन् ।,0,Pristine,"Sandeep Lamichhane, Cricket World Cup, USA, Nepal","Sports, Cricket",20/05/2024,ne,https://nepalfactcheck.org/2024/05/sandeep-lamichhane/,सन्दीप लामिछाने विश्वकप खेल्न अमेरिका उडेको दाबी मिथ्या
NFC_morang-tiger-misleading-video,https://nepalfactcheck.org/wp-content/uploads/2024/07/morang-300x169.jpg,"बाघको आक्रमणको भाइरल भिडियो मोरङको भएको दाबी, नेपाल वास्तवमा भारतको हो",1,Geographic_Mismatch,"Morang, Tiger, Nepal, India","Wildlife, Society",28/07/2024,ne,https://nepalfactcheck.org/2024/07/morang-tiger-misleading-video/,बाघको आक्रमण भन्दै भाइरल भएको भिडियो नेपालको होइन भारतको
NFC_morang-tiger-misleading-video,https://nepalfactcheck.org/wp-content/uploads/2024/07/morang-300x169.jpg,नेपालको मोरङमा बाघले आक्रमण गरेको भाइरल भिडियो वास्तवमा भारतको हो ।,0,Pristine,"Morang, Tiger, Nepal, India","Wildlife, Society",28/07/2024,ne,https://nepalfactcheck.org/2024/07/morang-tiger-misleading-video/,बाघको आक्रमण भन्दै भाइरल भएको भिडियो नेपालको होइन भारतको
NFC_badhaiyataal-school,https://nepalfactcheck.org/wp-content/uploads/2024/04/ronb-school-300x169.jpg,नेपाल बन्दको रुटिन प्रभावित विद्यालय नम्बरको दाबी गलत हो,1,Fabricated,"Badhaiyataal School, Nepal Banda",Education,05/04/2024,ne,https://nepalfactcheck.org/2024/04/badhaiyataal-school/,विद्यालय संख्याबारे रुटिन अफ नेपाल बन्दको दावी गलत
NFC_badhaiyataal-school,https://nepalfactcheck.org/wp-content/uploads/2024/04/ronb-school-300x169.jpg,नेपाल बन्द (बन्द)सँग सम्बन्धित विद्यालयको तथ्याङ्कमा परेको दाबी गलत छ ।,0,Pristine,"Badhaiyataal School, Nepal Banda",Education,05/04/2024,ne,https://nepalfactcheck.org/2024/04/badhaiyataal-school/,विद्यालय संख्याबारे रुटिन अफ नेपाल बन्दको दावी गलत
NFC_fulbright-scholorship-age-limit-misinformation,https://nepalfactcheck.org/wp-content/uploads/2024/01/fulbright-300x169.jpg,Fulbright scholarship requires applicants to be under 40 years old,1,Fabricated,"Fulbright Scholarship, USA","Education, International",20/01/2024,ne-en,https://nepalfactcheck.org/2024/01/fulbright-scholorship-age-limit-misinformation/,के फुलब्राइट स्कलरसिप पाउन ४० वर्षभन्दा कम उमेर हुनुपर्छ?
NFC_fulbright-scholorship-age-limit-misinformation,https://nepalfactcheck.org/wp-content/uploads/2024/01/fulbright-300x169.jpg,The Fulbright scholarship does not have an age limit of under 40 years. This is misinformation about scholarship eligibility.,0,Pristine,"Fulbright Scholarship, USA","Education, International",20/01/2024,ne-en,https://nepalfactcheck.org/2024/01/fulbright-scholorship-age-limit-misinformation/,के फुलब्राइट स्कलरसिप पाउन ४० वर्षभन्दा कम उमेर हुनुपर्छ?
NFC_fake-world-happiness-report-index,https://nepalfactcheck.org/wp-content/uploads/2024/01/happiness-300x169.jpg,Nepal ranked number 1 in the World Happiness Report Index,1,Fabricated,"World Happiness Report, Nepal","International, Social",25/01/2024,ne-en,https://nepalfactcheck.org/2024/01/fake-world-happiness-report-index/,विश्व खुसी सूचकाङ्कमा नेपाल एक नम्बरमा परेको मिथ्या सूचना एक्समा भाइरल
NFC_fake-world-happiness-report-index,https://nepalfactcheck.org/wp-content/uploads/2024/01/happiness-300x169.jpg,Nepal did not rank number 1 in the World Happiness Report. This is a false claim going viral on X (Twitter). Nepal's actual ranking is much lower.,0,Pristine,"World Happiness Report, Nepal","International, Social",25/01/2024,ne-en,https://nepalfactcheck.org/2024/01/fake-world-happiness-report-index/,विश्व खुसी सूचकाङ्कमा नेपाल एक नम्बरमा परेको मिथ्या सूचना एक्समा भाइरल
NFC_mustang-landslide-factcheck,https://nepalfactcheck.org/wp-content/uploads/2024/07/mustang-landslide-300x169.jpg,मुस्ताङमा पहिरो खसेको भिडियो सामाजिक सञ्जालमा पोष्ट भएको छ,1,Geographic_Mismatch,"Mustang, Landslide, Nepal",Disaster,25/07/2024,ne,https://nepalfactcheck.org/2024/07/mustang-landslide-factcheck/,मुस्ताङमा पहिरो भन्दै सामाजिक सञ्जालमा पोस्ट गरिएको भिडियोको तथ्य के हो ?
NFC_mustang-landslide-factcheck,https://nepalfactcheck.org/wp-content/uploads/2024/07/mustang-landslide-300x169.jpg,मुस्ताङ जिल्लामा पहिरो गएको देखाएको भिडियो भ्रामक भएको वा दाबी गरिएको स्थान/समयबाट नभएको भन्ने कुराको छानबिन गरियो ।,0,Pristine,"Mustang, Landslide, Nepal",Disaster,25/07/2024,ne,https://nepalfactcheck.org/2024/07/mustang-landslide-factcheck/,मुस्ताङमा पहिरो भन्दै सामाजिक सञ्जालमा पोस्ट गरिएको भिडियोको तथ्य के हो ?
NFC_nam-summit,https://nepalfactcheck.org/wp-content/uploads/2024/01/nam-summit-300x169.jpg,नाम शिखर सम्मेलनमा नेपालले मात्र प्रधानमन्त्री पठायो भने अन्य सबै देशले विदेशमन्त्री वा सचिव पठाए,1,Fabricated,"NAM Summit, Nepal, Prime Minister, Foreign Minister","Politics, Diplomacy",18/01/2024,ne,https://nepalfactcheck.org/2024/01/nam-summit/,के नाम शिखर सम्मेलनमा नेपाल बाहेक अरु देशबाट विदेश मन्त्री वा विदेश सचिवमात्र गएका हुन्?
NFC_nam-summit,https://nepalfactcheck.org/wp-content/uploads/2024/01/nam-summit-300x169.jpg,नामको शिखर सम्मेलनमा नेपालले मात्रै प्रधानमन्त्री पठाएको र अन्य सबै देशले विदेशमन्त्री/सचिव मात्र पठाएको दाबी भ्रामक छ ।,0,Pristine,"NAM Summit, Nepal, Prime Minister, Foreign Minister","Politics, Diplomacy",18/01/2024,ne,https://nepalfactcheck.org/2024/01/nam-summit/,के नाम शिखर सम्मेलनमा नेपाल बाहेक अरु देशबाट विदेश मन्त्री वा विदेश सचिवमात्र गएका हुन्?
NFC_misinformation-flood-video,https://nepalfactcheck.org/wp-content/uploads/2024/08/pahiro-300x169.jpg,नेपालमा पहिरो खसेको भिडियो चीनको हो,1,Geographic_Mismatch,"Nepal, China, Flood, Landslide",Disaster,15/08/2024,ne,https://nepalfactcheck.org/2024/08/misinformation-flood-video/,नेपालको पहिरो भन्दै फैलिएको भिडियो वास्तवमा चीनको
NFC_misinformation-flood-video,https://nepalfactcheck.org/wp-content/uploads/2024/08/pahiro-300x169.jpg,नेपालमा पहिरो गएको भाइरल भिडियो वास्तवमा चीनको हो ।,0,Pristine,"Nepal, China, Flood, Landslide",Disaster,15/08/2024,ne,https://nepalfactcheck.org/2024/08/misinformation-flood-video/,नेपालको पहिरो भन्दै फैलिएको भिडियो वास्तवमा चीनको
NFC_christiano-ronaldo,https://nepalfactcheck.org/wp-content/uploads/2024/05/Sonam-1-300x169.jpg,Cristiano Ronaldo holding a sketch of Nepali rapper Yam Buddha,1,Fabricated,"Cristiano Ronaldo, Yam Buddha, Nepal, Football","Entertainment, Sports",05/03/2024,ne-en,https://nepalfactcheck.org/2024/05/christiano-ronaldo/,"के क्रिस्टियानो रोनाल्डोले ""यमबुद्ध""को स्केच हातमा लिएका हुन्?"
NFC_christiano-ronaldo,https://nepalfactcheck.org/wp-content/uploads/2024/05/Sonam-1-300x169.jpg,Cristiano Ronaldo was not holding a sketch of Nepali rapper Yam Buddha. The image has been digitally altered.,0,Pristine,"Cristiano Ronaldo, Yam Buddha, Nepal, Football","Entertainment, Sports",05/03/2024,ne-en,https://nepalfactcheck.org/2024/05/christiano-ronaldo/,"के क्रिस्टियानो रोनाल्डोले ""यमबुद्ध""को स्केच हातमा लिएका हुन्?"
NFC_gurkha-army-pla,https://nepalfactcheck.org/wp-content/uploads/2024/03/Sonam-1-300x169.jpg,भारतविरुद्ध लड्न नेपाली जनता चिनियाँ जनमुक्ति सेना (पीएलए) मा सामेल भइरहेका छन्,1,Fabricated,"PLA, China, Nepal, India, Gurkha Army","Military, Politics, International",10/03/2024,ne,https://nepalfactcheck.org/2024/03/gurkha-army-pla/,के नेपालीहरु चिनियाँ सेनामा भर्ति भएर भारत विरुद्ध लड्न लागेका हुन ?
NFC_gurkha-army-pla,https://nepalfactcheck.org/wp-content/uploads/2024/03/Sonam-1-300x169.jpg,भारतविरुद्ध लड्न चिनियाँ जनयुद्धमा नेपाली जनता सामेल भएको दाबी झुटो र मनगढन्ते हो ।,0,Pristine,"PLA, China, Nepal, India, Gurkha Army","Military, Politics, International",10/03/2024,ne,https://nepalfactcheck.org/2024/03/gurkha-army-pla/,के नेपालीहरु चिनियाँ सेनामा भर्ति भएर भारत विरुद्ध लड्न लागेका हुन ?
NFC_balen-criticism-fake-photo,https://nepalfactcheck.org/wp-content/uploads/2024/07/balen-2-300x169.jpg,मेयर बलेन शाहको आलोचना गर्न काठमाडौं महानगरपालिकाको कार्यालयमा बाढी आएको तस्बिर झुटो,1,Miscaptioned,"Balendra Shah, Balen, Kathmandu Metropolitan City","Politics, Disaster",30/07/2024,ne,https://nepalfactcheck.org/2024/07/balen-criticism-fake-photo/,बालेनको आलोचना गर्दै महानगर कार्यालय डुबानमा परेको दावी गर्दै राखिएको फोटो यसकारण गलत
NFC_balen-criticism-fake-photo,https://nepalfactcheck.org/wp-content/uploads/2024/07/balen-2-300x169.jpg,काठमाडौंका मेयर बलेन शाहको आलोचना गर्न प्रयोग गरिएको तस्बिरमा महानगरीय कार्यालय बाढी आएको देखाउँदै फरक घटना वा स्थानको हो र वास्तविक अवस्थालाई गलत प्रस्तुत गरिएको छ ।,0,Pristine,"Balendra Shah, Balen, Kathmandu Metropolitan City","Politics, Disaster",30/07/2024,ne,https://nepalfactcheck.org/2024/07/balen-criticism-fake-photo/,बालेनको आलोचना गर्दै महानगर कार्यालय डुबानमा परेको दावी गर्दै राखिएको फोटो यसकारण गलत
NFC_factcheck-monarchy-supporters-rally,https://nepalfactcheck.org/wp-content/uploads/2024/07/dharan-1-300x169.jpg,राजतन्त्र समर्थक जुलुस भएको दाबी गरिएको भिडियो वास्तवमा धरान रन कार्यक्रम हो,1,Miscaptioned,"Dharan, Monarchy","Politics, Society",15/07/2024,ne,https://nepalfactcheck.org/2024/07/factcheck-monarchy-supporters-rally/,"नझुक्किनुस्, यो भिडियो राजावादी आन्दोलनको नभई धरान रनको हो"
NFC_factcheck-monarchy-supporters-rally,https://nepalfactcheck.org/wp-content/uploads/2024/07/dharan-1-300x169.jpg,"राजतन्त्र समर्थक र्‍यालीको रूपमा प्रसारित गरिएको भिडियो वास्तवमा धरान रन समुदायको चलिरहेको कार्यक्रमको फुटेज हो, राजनीतिक प्रदर्शन होइन।",0,Pristine,"Dharan, Monarchy","Politics, Society",15/07/2024,ne,https://nepalfactcheck.org/2024/07/factcheck-monarchy-supporters-rally/,"नझुक्किनुस्, यो भिडियो राजावादी आन्दोलनको नभई धरान रनको हो"
NFC_apf-misleading-news,https://nepalfactcheck.org/wp-content/uploads/2024/02/apf-300x169.jpg,एपीएफले पर्सा जिल्लाबाट ४२ लाखभन्दा बढीको प्याज बरामद गरेको छ,1,Miscaptioned,"APF, Parsa, Onion","Government, Society",10/02/2024,ne,https://nepalfactcheck.org/2024/02/apf-misleading-news/,के सशस्त्र प्रहरीले पर्साबाट ४२ लाखभन्दा बढी मूल्यको प्याज बरामद गरेको हो?
NFC_apf-misleading-news,https://nepalfactcheck.org/wp-content/uploads/2024/02/apf-300x169.jpg,सशस्त्र प्रहरीले पर्साबाट ४२ लाखभन्दा बढीको प्याज बरामद गरेको दाबी भ्रामक छ । एपीएफको कब्जा विवरण मिडिया रिपोर्टिङमा गलत थियो।,0,Pristine,"APF, Parsa, Onion","Government, Society",10/02/2024,ne,https://nepalfactcheck.org/2024/02/apf-misleading-news/,के सशस्त्र प्रहरीले पर्साबाट ४२ लाखभन्दा बढी मूल्यको प्याज बरामद गरेको हो?
NFC_qatar-amir-nepal-visit-public-holiday-factcheck,https://nepalfactcheck.org/wp-content/uploads/2024/09/bida-1-300x169.jpg,कतारका अमिरको भ्रमणका लागि सरकारले भदौ १९ गते सार्वजनिक बिदा दिएको छ,1,Fabricated,"Qatar, Nepal Government, Amir","Government, Politics",01/09/2024,ne,https://nepalfactcheck.org/2024/09/qatar-amir-nepal-visit-public-holiday-factcheck/,"सरकारले भदौ १९ गते सार्वजनिक विदा दिएको होइन, सम्पादित पुरानो विज्ञप्ति भाइरल"
NFC_qatar-amir-nepal-visit-public-holiday-factcheck,https://nepalfactcheck.org/wp-content/uploads/2024/09/bida-1-300x169.jpg,सरकारले सार्वजनिक बिदा दिएको छैन । एउटा सम्पादित पुरानो प्रेस विज्ञप्ति नयाँ घोषणाको रूपमा साझा गरिएको थियो।,0,Pristine,"Qatar, Nepal Government, Amir","Government, Politics",01/09/2024,ne,https://nepalfactcheck.org/2024/09/qatar-amir-nepal-visit-public-holiday-factcheck/,"सरकारले भदौ १९ गते सार्वजनिक विदा दिएको होइन, सम्पादित पुरानो विज्ञप्ति भाइरल"
NFC_viral-tractor-video-nepal-bridge-fact-check,https://nepalfactcheck.org/wp-content/uploads/2024/09/bridge-300x169.jpg,ट्र्याक्टरले नदीको पुल पार गरेको भिडियो नेपालको भएको दाबी गरिएको छ,1,Geographic_Mismatch,"Nepal Bridge, Tractor",Society,05/09/2024,ne,https://nepalfactcheck.org/2024/09/viral-tractor-video-nepal-bridge-fact-check/,नेपालको भन्दै भाइरल भएको पुलबाट नदी पार गरिरहेको ट्रयाक्टरको भिडियो
NFC_viral-tractor-video-nepal-bridge-fact-check,https://nepalfactcheck.org/wp-content/uploads/2024/09/bridge-300x169.jpg,"ट्र्याक्टरले खोलाको पुल पार गरेको भाइरल भिडियो नेपालकै होइन, अर्कै देशको हो ।",0,Pristine,"Nepal Bridge, Tractor",Society,05/09/2024,ne,https://nepalfactcheck.org/2024/09/viral-tractor-video-nepal-bridge-fact-check/,नेपालको भन्दै भाइरल भएको पुलबाट नदी पार गरिरहेको ट्रयाक्टरको भिडियो
NFC_dog-saliva-bacteria-misinformation,https://nepalfactcheck.org/wp-content/uploads/2024/07/dog-300x169.jpg,कुकुरको लारले अंग विच्छेदन गर्न सक्छ - भाइरल भिडियो दावी,1,Fabricated,"Dog, Bacteria, Nepal",Health,18/07/2024,ne,https://nepalfactcheck.org/2024/07/dog-saliva-bacteria-misinformation/,कुकुरले चाटेमा हातखुट्टा नै काट्नुपर्ने अवस्था आउँछ? भाइरल भिडियोको तथ्य
NFC_dog-saliva-bacteria-misinformation,https://nepalfactcheck.org/wp-content/uploads/2024/07/dog-300x169.jpg,"कुकुरले तपाईलाई चाट्दा तपाईको खुट्टा काट्न सक्छ भन्ने भाइरल दाबी अत्यधिक बढाइचढाइ र भ्रामक छ। जबकि कुकुरको लारले ब्याक्टेरिया बोक्न सक्छ, यसले विरलै यस्तो चरम प्रतिक्रिया निम्त्याउँछ।",0,Pristine,"Dog, Bacteria, Nepal",Health,18/07/2024,ne,https://nepalfactcheck.org/2024/07/dog-saliva-bacteria-misinformation/,कुकुरले चाटेमा हातखुट्टा नै काट्नुपर्ने अवस्था आउँछ? भाइरल भिडियोको तथ्य
NFC_chitwan-viral-photo-factcheck,https://nepalfactcheck.org/wp-content/uploads/2024/07/balen-3-300x169.jpg,चितवनको दाबी गरिएको पहिरोको तस्बिर वास्तवमा कोलम्बियाको हो,1,Geographic_Mismatch,"Chitwan, Colombia, Landslide",Disaster,20/07/2024,ne,https://nepalfactcheck.org/2024/07/chitwan-viral-photo-factcheck/,"नझुक्किनुस्, चितवनको पहिरो भन्दै भाइरल फोटो वास्तवमा कोलम्बियाको"
NFC_chitwan-viral-photo-factcheck,https://nepalfactcheck.org/wp-content/uploads/2024/07/balen-3-300x169.jpg,नेपालको चितवनबाट पहिरोको रुपमा सेयर गरिएको तस्बिर वास्तवमा कोलम्बियाको हो ।,0,Pristine,"Chitwan, Colombia, Landslide",Disaster,20/07/2024,ne,https://nepalfactcheck.org/2024/07/chitwan-viral-photo-factcheck/,"नझुक्किनुस्, चितवनको पहिरो भन्दै भाइरल फोटो वास्तवमा कोलम्बियाको"
NFC_mayor-misleading-video,https://nepalfactcheck.org/wp-content/uploads/2024/02/Janaboli-Balen-300x169.jpg,"बलेन शाहको भिडियो क्लिप, मार्नु छ भने मार्नुस्",1,Miscaptioned,"Balendra Shah, Balen, Kathmandu",Politics,20/02/2024,ne,https://nepalfactcheck.org/2024/02/mayor-misleading-video/,के हो बालेनले मार्छन् भने मारुन् भन्दै गरेको भाइरल भिडियो क्लिपको तथ्य?
NFC_mayor-misleading-video,https://nepalfactcheck.org/wp-content/uploads/2024/02/Janaboli-Balen-300x169.jpg,मेयर बलेन शाहले धम्कीपूर्ण शब्द बोलेको भिडियोलाई प्रसंग बाहिर निकालिएको छ । उनले फरक सन्दर्भमा बयान दिए र भाइरल व्याख्या भ्रामक छ।,0,Pristine,"Balendra Shah, Balen, Kathmandu",Politics,20/02/2024,ne,https://nepalfactcheck.org/2024/02/mayor-misleading-video/,के हो बालेनले मार्छन् भने मारुन् भन्दै गरेको भाइरल भिडियो क्लिपको तथ्य?
NFC_siddha-baba,https://nepalfactcheck.org/wp-content/uploads/2024/04/Sidhhababa-1-300x169.jpg,नेपालमा सिद्धबाबा सुरुङ रहेको दाबी गरिएको भिडियो वास्तवमा जापानको हो,1,Geographic_Mismatch,"Siddha Baba, Palpa, Japan, Tunnel","Infrastructure, Tourism",15/04/2024,ne,https://nepalfactcheck.org/2024/04/siddha-baba/,"सिद्धबाबाको सुरुङ भन्दै भाइरल भइरहेको भिडियो नेपालको हैन, जापानको"
NFC_siddha-baba,https://nepalfactcheck.org/wp-content/uploads/2024/04/Sidhhababa-1-300x169.jpg,नेपालमा सिद्धबाबा सुरुङको रूपमा देखाइएको भाइरल भिडियो वास्तवमा जापानको हो।,0,Pristine,"Siddha Baba, Palpa, Japan, Tunnel","Infrastructure, Tourism",15/04/2024,ne,https://nepalfactcheck.org/2024/04/siddha-baba/,"सिद्धबाबाको सुरुङ भन्दै भाइरल भइरहेको भिडियो नेपालको हैन, जापानको"
NFC_nasa-scholorship,https://nepalfactcheck.org/wp-content/uploads/2024/03/apf-1-300x169.jpg,एउटी नेपाली महिला पूर्ण छात्रवृत्तिमा नासा पुगिन्,1,Fabricated,"NASA, Nepal, Scholarship","Education, International",10/03/2024,ne,https://nepalfactcheck.org/2024/03/nasa-scholorship/,के नासामा पूर्ण छात्रवृत्तिमा अध्ययन गर्न नेपाली महिला गएकी हुन्?
NFC_nasa-scholorship,https://nepalfactcheck.org/wp-content/uploads/2024/03/apf-1-300x169.jpg,नेपाली महिला पूर्ण छात्रवृत्तिमा नासामा पढ्न गएको भाइरल दाबीको कुनै भरपर्दो प्रमाण छैन । NASA ले वर्णन गरिएको तरिकामा शैक्षिक छात्रवृत्ति प्रदान गर्दैन।,0,Pristine,"NASA, Nepal, Scholarship","Education, International",10/03/2024,ne,https://nepalfactcheck.org/2024/03/nasa-scholorship/,के नासामा पूर्ण छात्रवृत्तिमा अध्ययन गर्न नेपाली महिला गएकी हुन्?
NFC_onlinekhabar-fake-screenshot,https://nepalfactcheck.org/wp-content/uploads/2024/01/onlinekhabar-300x169.png,देउवा बारे अनलाइनखबरको लेखको फेक फेसबुक पेजको स्क्रिनसट भाइरल भइरहेको छ,1,Fabricated,"Sher Bahadur Deuba, Onlinekhabar, Facebook","Politics, Media",22/01/2024,ne,https://nepalfactcheck.org/2024/01/onlinekhabar-fake-screenshot/,देउवासम्बन्धी अनलाइनखबरको समाचारको फेक फेसबुक पेज स्क्रिनसट भाइरल
NFC_onlinekhabar-fake-screenshot,https://nepalfactcheck.org/wp-content/uploads/2024/01/onlinekhabar-300x169.png,शेरबहादुर देउवाको बारेमा अनलाइनखबरको लेखको नक्कली फेसबुक पेजको स्क्रिनसट सेयर भइरहेको छ। स्क्रिनसट बनावटी थियो।,0,Pristine,"Sher Bahadur Deuba, Onlinekhabar, Facebook","Politics, Media",22/01/2024,ne,https://nepalfactcheck.org/2024/01/onlinekhabar-fake-screenshot/,देउवासम्बन्धी अनलाइनखबरको समाचारको फेक फेसबुक पेज स्क्रिनसट भाइरल
NFC_santoshi-shrestha-misinformation-factcheck,https://nepalfactcheck.org/wp-content/uploads/2024/07/santoshi-300x169.jpg,सन्तोषी श्रेष्ठले पेरिस ओलम्पिकमा आफ्नै कीर्तिमान तोडिन्,1,Fabricated,"Santoshi Shrestha, Paris Olympics, Athletics, Nepal","Sports, Olympics",10/08/2024,ne,https://nepalfactcheck.org/2024/07/santoshi-shrestha-misinformation-factcheck/,के धाविका सन्तोषी श्रेष्ठले पेरिस ओलम्पिकमा आफ्नै कीर्तिमान भंग गरेकी हुन्?
NFC_santoshi-shrestha-misinformation-factcheck,https://nepalfactcheck.org/wp-content/uploads/2024/07/santoshi-300x169.jpg,पेरिस ओलम्पिकमा धावक सन्तोषी श्रेष्ठले आफ्नै कीर्तिमान तोड्न सकेकी छैनन् । दाबी गलत छ।,0,Pristine,"Santoshi Shrestha, Paris Olympics, Athletics, Nepal","Sports, Olympics",10/08/2024,ne,https://nepalfactcheck.org/2024/07/santoshi-shrestha-misinformation-factcheck/,के धाविका सन्तोषी श्रेष्ठले पेरिस ओलम्पिकमा आफ्नै कीर्तिमान भंग गरेकी हुन्?
NFC_fake-capsule-claim-nepal-factcheck,https://nepalfactcheck.org/wp-content/uploads/2024/08/Fact-Check-300x169.jpg,औषधिको क्याप्सुल भित्र फलामको सुई भेटियो - भाइरल भिडियो,1,Fabricated,"Medicine, Capsule, Nepal",Health,15/08/2024,ne,https://nepalfactcheck.org/2024/08/fake-capsule-claim-nepal-factcheck/,बिरामीले खाने क्याप्सुलभित्र फलामको काँटी ? के हो भाइरल भिडियोको तथ्य ?
NFC_fake-capsule-claim-nepal-factcheck,https://nepalfactcheck.org/wp-content/uploads/2024/08/Fact-Check-300x169.jpg,औषधिको क्याप्सुल भित्र फलामको सुई भेटिएको दाबी गर्ने भाइरल भिडियो भ्रामक छ र प्रमाणित प्रमाणको अभाव छ।,0,Pristine,"Medicine, Capsule, Nepal",Health,15/08/2024,ne,https://nepalfactcheck.org/2024/08/fake-capsule-claim-nepal-factcheck/,बिरामीले खाने क्याप्सुलभित्र फलामको काँटी ? के हो भाइरल भिडियोको तथ्य ?
NFC_has-kathmandu-mayor-balen-shah-received-an-invitation-to-visit-north-korea,https://nepalfactcheck.org/wp-content/uploads/2024/07/balen-north-korea-300x169.jpg,Kathmandu Mayor Balen Shah received invitation to visit North Korea,1,Fabricated,"Balendra Shah, Balen, North Korea, Kathmandu","Politics, International",20/07/2024,ne-en,https://nepalfactcheck.org/2024/07/has-kathmandu-mayor-balen-shah-received-an-invitation-to-visit-north-korea/,के काठमाडौंका मेयर बालेन शाहलाई उत्तर कोरियाबाट भ्रमणको निम्तो आएको हो ?
NFC_has-kathmandu-mayor-balen-shah-received-an-invitation-to-visit-north-korea,https://nepalfactcheck.org/wp-content/uploads/2024/07/balen-north-korea-300x169.jpg,The claim that Kathmandu Mayor Balen Shah received an invitation to visit North Korea is false. No official invitation was issued.,0,Pristine,"Balendra Shah, Balen, North Korea, Kathmandu","Politics, International",20/07/2024,ne-en,https://nepalfactcheck.org/2024/07/has-kathmandu-mayor-balen-shah-received-an-invitation-to-visit-north-korea/,के काठमाडौंका मेयर बालेन शाहलाई उत्तर कोरियाबाट भ्रमणको निम्तो आएको हो ?
NFC_national-id-not-canceled-supreme-court-order-fact-check,https://nepalfactcheck.org/wp-content/uploads/2024/08/nationalid-300x169.jpg,सर्वोच्च अदालतको आदेशले राष्ट्रिय परिचयपत्र खारेज भएको छ,1,Fabricated,"National ID, Supreme Court, Nepal","Government, Legal",20/08/2024,ne,https://nepalfactcheck.org/2024/08/national-id-not-canceled-supreme-court-order-fact-check/,"नझुक्किनुस्, राष्ट्रिय परिचयपत्र खारेज भएको होइन"
NFC_national-id-not-canceled-supreme-court-order-fact-check,https://nepalfactcheck.org/wp-content/uploads/2024/08/nationalid-300x169.jpg,सर्वोच्च अदालतले राष्ट्रिय परिचयपत्र खारेज गरेको छैन । दाबी गलत छ।,0,Pristine,"National ID, Supreme Court, Nepal","Government, Legal",20/08/2024,ne,https://nepalfactcheck.org/2024/08/national-id-not-canceled-supreme-court-order-fact-check/,"नझुक्किनुस्, राष्ट्रिय परिचयपत्र खारेज भएको होइन"
NFC_avenues-tv-rajendra-lingden,https://nepalfactcheck.org/wp-content/uploads/2024/01/Lingden-300x169.jpg,राप्रपाका अध्यक्ष राजेन्द्र लिङ्देनले एभिन्युज टिभीमा गरेको दाबी गलत हो,1,Fabricated,"Rajendra Lingden, RPP, Avenues TV",Politics,15/01/2024,ne,https://nepalfactcheck.org/2024/01/avenues-tv-rajendra-lingden/,एभिन्युज टेलिभिजनमा राप्रपा अध्यक्ष राजेन्द्र लिङ्देनले गरेको दावी मिथ्या
NFC_avenues-tv-rajendra-lingden,https://nepalfactcheck.org/wp-content/uploads/2024/01/Lingden-300x169.jpg,राप्रपाका अध्यक्ष राजेन्द्र लिङ्देनले एभिन्युज टिभीमा झुटो दाबी गरेका छन् । उनले गरेको दाबीलाई खण्डन गरिएको छ ।,0,Pristine,"Rajendra Lingden, RPP, Avenues TV",Politics,15/01/2024,ne,https://nepalfactcheck.org/2024/01/avenues-tv-rajendra-lingden/,एभिन्युज टेलिभिजनमा राप्रपा अध्यक्ष राजेन्द्र लिङ्देनले गरेको दावी मिथ्या
NFC_justice-marasini,https://nepalfactcheck.org/wp-content/uploads/2024/01/corporate-nepal-300x169.jpg,अदालतमा बहस सुन्ने क्रममा न्यायाधीश मरासिनीलाई हृदयघात भयो ?,1,Fabricated,"Justice Marasini, Supreme Court","Legal, Health",18/01/2024,ne,https://nepalfactcheck.org/2024/01/justice-marasini/,के इजलासमा बहस सुन्दासुन्दै न्यायाधीश मरासिनीलाई हृदयघात भएको हो?
NFC_justice-marasini,https://nepalfactcheck.org/wp-content/uploads/2024/01/corporate-nepal-300x169.jpg,अदालतमा उपस्थित हुँदा न्यायाधीश मरासिनीलाई हृदयाघात भएको दाबी भ्रामक वा गलत भएको पाइएको छ ।,0,Pristine,"Justice Marasini, Supreme Court","Legal, Health",18/01/2024,ne,https://nepalfactcheck.org/2024/01/justice-marasini/,के इजलासमा बहस सुन्दासुन्दै न्यायाधीश मरासिनीलाई हृदयघात भएको हो?
NFC_ramkumari-jhankri,https://nepalfactcheck.org/wp-content/uploads/2024/08/jhakri-300x169.jpg,नेतृ रामकुमारी झाँक्री रोएको भिडियो भाइरल - सत्य के हो ?,1,Miscaptioned,"Ram Kumari Jhankri, CPN-UML",Politics,05/08/2024,ne,https://nepalfactcheck.org/2024/08/ramkumari-jhankri/,के हो नेतृ रामकुमारी झाँक्री रोएको भाइरल भिडियोको तथ्य ?
NFC_ramkumari-jhankri,https://nepalfactcheck.org/wp-content/uploads/2024/08/jhakri-300x169.jpg,रामकुमारी झाँक्री रोएको भाइरल भिडियोलाई प्रसंग बाहिर निकालिएको छ । उनको भावनात्मक क्षण एक फरक घटनाबाट थियो र वर्तमान राजनीतिक दावीहरूसँग सम्बन्धित छैन।,0,Pristine,"Ram Kumari Jhankri, CPN-UML",Politics,05/08/2024,ne,https://nepalfactcheck.org/2024/08/ramkumari-jhankri/,के हो नेतृ रामकुमारी झाँक्री रोएको भाइरल भिडियोको तथ्य ?
NFC_devi-prateeva,https://nepalfactcheck.org/wp-content/uploads/2024/08/dog-1-300x169.png,पशुपतिनाथमा देवीप्रतिभाको दर्शन गर्न भीड भएको दाबी गर्ने भिडियो भ्रामक छ,1,Miscaptioned,"Devi Prateeva, Pashupatinath, Kathmandu","Religion, Society",10/08/2024,ne,https://nepalfactcheck.org/2024/08/devi-prateeva/,देवी प्रतिभालाई हेर्न पशुपतिमा देखिएको भीड दावी गरिएको भिडियो भ्रामक
NFC_devi-prateeva,https://nepalfactcheck.org/wp-content/uploads/2024/08/dog-1-300x169.png,पशुपतिनाथ मन्दिरमा ठूलो भीड देखाइएको भिडियो देवीप्रतिभाको कारणले होइन । भिड त्यहाँ फरक धार्मिक कार्यक्रमको लागि थियो।,0,Pristine,"Devi Prateeva, Pashupatinath, Kathmandu","Religion, Society",10/08/2024,ne,https://nepalfactcheck.org/2024/08/devi-prateeva/,देवी प्रतिभालाई हेर्न पशुपतिमा देखिएको भीड दावी गरिएको भिडियो भ्रामक
NFC_pakistan-flag,https://nepalfactcheck.org/wp-content/uploads/2024/08/pakistan-flag-300x169.jpg,नेपाली कार्यक्रममा पाकिस्तानको झण्डा प्रयोग गरिएको थियो,1,Fabricated,"Pakistan Flag, Nepal","Politics, Society",05/02/2024,ne,https://nepalfactcheck.org/2024/08/pakistan-flag/,नेपालको कार्यक्रममा पाकिस्तानको झण्डा प्रयोग गरिएको दावी मिथ्या
NFC_pakistan-flag,https://nepalfactcheck.org/wp-content/uploads/2024/08/pakistan-flag-300x169.jpg,नेपाली कार्यक्रममा पाकिस्तानको झण्डा प्रयोग भएको दाबी गलत हो । छविमा रहेको झण्डा पाकिस्तानी होइन।,0,Pristine,"Pakistan Flag, Nepal","Politics, Society",05/02/2024,ne,https://nepalfactcheck.org/2024/08/pakistan-flag/,नेपालको कार्यक्रममा पाकिस्तानको झण्डा प्रयोग गरिएको दावी मिथ्या
NFC_dilbhushan-pathak-old-facebook-post-viral,https://nepalfactcheck.org/wp-content/uploads/2024/02/dilbhushan-pathak-300x169.jpg,न्युज २४ टिभीको प्रमुख सम्पादकमा दिलभूषण पाठक नियुक्त भएका छन्,1,Temporal_Mismatch,"Dilbhushan Pathak, News 24 TV",Media,12/02/2024,ne,https://nepalfactcheck.org/2024/02/dilbhushan-pathak-old-facebook-post-viral/,"नझुक्किनुस्, दिलभूषण पाठक अहिले न्युज २४ टिभीका प्रधान सम्पादक नियुक्त भएका होइनन्"
NFC_dilbhushan-pathak-old-facebook-post-viral,https://nepalfactcheck.org/wp-content/uploads/2024/02/dilbhushan-pathak-300x169.jpg,न्युज २४ टिभीमा आफ्नो नियुक्तिको बारेमा दिलभूषण पाठकको पुरानो फेसबुक पोस्टलाई नयाँ रूपमा साझा गरिएको छ। उनी भर्खरै नियुक्त भएका छैनन्।,0,Pristine,"Dilbhushan Pathak, News 24 TV",Media,12/02/2024,ne,https://nepalfactcheck.org/2024/02/dilbhushan-pathak-old-facebook-post-viral/,"नझुक्किनुस्, दिलभूषण पाठक अहिले न्युज २४ टिभीका प्रधान सम्पादक नियुक्त भएका होइनन्"
NFC_raghubir,https://nepalfactcheck.org/wp-content/uploads/2024/05/Subheading-300x169.jpg,रघुवीर महासेठ उद्योग मन्त्री हुन्,1,Fabricated,"Raghubir Mahaseth, Nepal Government, Ministry","Politics, Government",10/04/2024,ne,https://nepalfactcheck.org/2024/04/raghubir/,रघुवीर महासेठ उद्योग मन्त्री होइन भौतिक पूर्वाधार तथा यातायात मन्त्री
NFC_raghubir,https://nepalfactcheck.org/wp-content/uploads/2024/05/Subheading-300x169.jpg,रघुवीर महासेठ उद्योग मन्त्री नभई भौतिक पूर्वाधार तथा यातायात मन्त्री हुन् । मिडिया रिपोर्टहरूले उनको मन्त्रालयलाई गलत रूपमा उल्लेख गरे।,0,Pristine,"Raghubir Mahaseth, Nepal Government, Ministry","Politics, Government",10/04/2024,ne,https://nepalfactcheck.org/2024/04/raghubir/,रघुवीर महासेठ उद्योग मन्त्री होइन भौतिक पूर्वाधार तथा यातायात मन्त्री
NFC_china-dailekh-petroleum-misinformation-factcheck,https://nepalfactcheck.org/wp-content/uploads/2024/08/dailekh-300x169.jpg,के चीनले नेपालको दैलेखबाट पेट्रोलियम निकालेको हो ?,1,Fabricated,"China, Dailekh, Petroleum, Nepal","Economy, International",20/08/2024,ne,https://nepalfactcheck.org/2024/08/china-dailekh-petroleum-misinformation-factcheck/,के चीनले दैलेखमा पेट्रोल निकालेको हो?
NFC_china-dailekh-petroleum-misinformation-factcheck,https://nepalfactcheck.org/wp-content/uploads/2024/08/dailekh-300x169.jpg,नेपालको दैलेख जिल्लाबाट चीनले पेट्रोलियम निकालेको दाबी गलत हो । यस्तो निकासी भएको छैन ।,0,Pristine,"China, Dailekh, Petroleum, Nepal","Economy, International",20/08/2024,ne,https://nepalfactcheck.org/2024/08/china-dailekh-petroleum-misinformation-factcheck/,के चीनले दैलेखमा पेट्रोल निकालेको हो?
NFC_indonesia-landslide-fake-claim,https://nepalfactcheck.org/wp-content/uploads/2024/07/badhi-300x169.png,काठमाडौं–हेटौंडा सडकखण्डमा पहिरो खसेको भाइरल भिडियो इन्डोनेसियाको हो ।,1,Geographic_Mismatch,"Kathmandu, Hetauda, Indonesia, Landslide","Disaster, Infrastructure",25/07/2024,ne,https://nepalfactcheck.org/2024/07/indonesia-landslide-fake-claim/,काठमाडौँ-हेटौडा सडकखण्डको पहिरो दावी गर्दै भाइरल भिडियो वास्तवमा इन्डोनेसियाको
NFC_indonesia-landslide-fake-claim,https://nepalfactcheck.org/wp-content/uploads/2024/07/badhi-300x169.png,काठमाडौं–हेटौंडा सडकमा पहिरो देखाउँदै शेयर गरिएको भिडियो वास्तवमा इन्डोनेसियाको हो ।,0,Pristine,"Kathmandu, Hetauda, Indonesia, Landslide","Disaster, Infrastructure",25/07/2024,ne,https://nepalfactcheck.org/2024/07/indonesia-landslide-fake-claim/,काठमाडौँ-हेटौडा सडकखण्डको पहिरो दावी गर्दै भाइरल भिडियो वास्तवमा इन्डोनेसियाको
NFC_bardiya-national-park-misinformation,https://nepalfactcheck.org/wp-content/uploads/2024/08/bardiya-300x169.jpg,बर्दिया राष्ट्रिय निकुञ्जको भाइरल भिडियो नेपालको होइन विदेशको हो,1,Geographic_Mismatch,"Bardiya National Park, Nepal","Wildlife, Tourism",22/07/2024,ne,https://nepalfactcheck.org/2024/08/bardiya-national-park-misinformation/,"बर्दिया राष्ट्रिय निकुञ्जको भन्दै भाइरल भएको भिडियो नेपालको होइन, विदेशको"
NFC_bardiya-national-park-misinformation,https://nepalfactcheck.org/wp-content/uploads/2024/08/bardiya-300x169.jpg,बर्दिया राष्ट्रिय निकुञ्जको भाइरल भाइरल भिडियो नेपाल नभई विदेशको हो ।,0,Pristine,"Bardiya National Park, Nepal","Wildlife, Tourism",22/07/2024,ne,https://nepalfactcheck.org/2024/08/bardiya-national-park-misinformation/,"बर्दिया राष्ट्रिय निकुञ्जको भन्दै भाइरल भएको भिडियो नेपालको होइन, विदेशको"
NFC_youtube-viral-video-misleading-claim,https://nepalfactcheck.org/wp-content/uploads/2024/07/prachanda-viral-video-300x169.jpg,प्रधानमन्त्रीले संसदलाई सम्बोधन गरेको एक वर्ष पुरानो भ्रामक भिडियो युट्युबमा भाइरल,1,Temporal_Mismatch,"Prime Minister, Parliament, Nepal",Politics,18/07/2024,ne,https://nepalfactcheck.org/2024/07/youtube-viral-video-misleading-claim/,प्रधानमन्त्रीले संसदमा सम्बोधन गरेको भन्दै एक वर्ष पुरानो भ्रामक भिडियो युट्युबमा भाइरल
NFC_youtube-viral-video-misleading-claim,https://nepalfactcheck.org/wp-content/uploads/2024/07/prachanda-viral-video-300x169.jpg,प्रधानमन्त्रीको संसदीय सम्बोधनको एक वर्ष पुरानो भिडियो भ्रामक दाबीसहित भर्खरको भाषणका रूपमा युट्युबमा शेयर भइरहेको छ ।,0,Pristine,"Prime Minister, Parliament, Nepal",Politics,18/07/2024,ne,https://nepalfactcheck.org/2024/07/youtube-viral-video-misleading-claim/,प्रधानमन्त्रीले संसदमा सम्बोधन गरेको भन्दै एक वर्ष पुरानो भ्रामक भिडियो युट्युबमा भाइरल
NFC_gaumutra-rama-singh-misleading-claim,https://nepalfactcheck.org/wp-content/uploads/2024/07/rama-singh-300x169.jpg,गौमुत्र (गौमुत्र) मा अमेरिकाको पेटेन्ट अधिकार रहेको रमा सिंहको दाबी,1,Fabricated,"Rama Singh, USA, Cow Urine, Patent","Health, Society",15/07/2024,ne,https://nepalfactcheck.org/2024/07/gaumutra-rama-singh-misleading-claim/,अमेरिकाले गौमूत्रको पेटेन्ट राइट लिएको रमा सिंहको दावीको तथ्य के हो ?
NFC_gaumutra-rama-singh-misleading-claim,https://nepalfactcheck.org/wp-content/uploads/2024/07/rama-singh-300x169.jpg,गौमुत्रमा अमेरिकाको पेटेन्ट अधिकार रहेको रमा सिंहको दाबी गलत र भ्रामक छ ।,0,Pristine,"Rama Singh, USA, Cow Urine, Patent","Health, Society",15/07/2024,ne,https://nepalfactcheck.org/2024/07/gaumutra-rama-singh-misleading-claim/,अमेरिकाले गौमूत्रको पेटेन्ट राइट लिएको रमा सिंहको दावीको तथ्य के हो ?
NFC_year-old-japan-earthquake-video-falsely-linked-to-latest-earthquake-in-china,https://nepalfactcheck.org/wp-content/uploads/2025/01/earthquake-300x169.png,Viral video claimed to be from Tuesday's earthquake in China is one year old,1,Temporal_Mismatch,"Japan, China, Earthquake",Disaster,10/01/2025,ne-en,https://nepalfactcheck.org/2025/01/year-old-japan-earthquake-video-falsely-linked-to-latest-earthquake-in-china/,मंगलबारको भूकम्पको दृश्य दावी गर्दै भाइरल भएको भिडियो एक वर्ष पुरानो
NFC_year-old-japan-earthquake-video-falsely-linked-to-latest-earthquake-in-china,https://nepalfactcheck.org/wp-content/uploads/2025/01/earthquake-300x169.png,"The viral video being shared as footage of the recent earthquake in China is actually one year old, from Japan's earthquake.",0,Pristine,"Japan, China, Earthquake",Disaster,10/01/2025,ne-en,https://nepalfactcheck.org/2025/01/year-old-japan-earthquake-video-falsely-linked-to-latest-earthquake-in-china/,मंगलबारको भूकम्पको दृश्य दावी गर्दै भाइरल भएको भिडियो एक वर्ष पुरानो
NFC_video-from-bangladesh-falsely-linked-to-pokhara,https://nepalfactcheck.org/wp-content/uploads/2024/11/viral-11-300x169.jpg,पोखराको दाबी गरिएको मशाल जुलुसको भाइरल भिडियो वास्तवमा बंगलादेशको हो,1,Geographic_Mismatch,"Pokhara, Bangladesh, Procession","Society, Politics",15/11/2024,ne,https://nepalfactcheck.org/2024/11/video-from-bangladesh-falsely-linked-to-pokhara/,पोखराको भन्दै भाइरल भएको मसाल जुलुसको भिडियो वास्तवमा बंगलादेशको
NFC_video-from-bangladesh-falsely-linked-to-pokhara,https://nepalfactcheck.org/wp-content/uploads/2024/11/viral-11-300x169.jpg,नेपालको पोखराबाट साझा गरिएको मशाल जुलुसको भिडियो वास्तवमा बंगलादेशको हो ।,0,Pristine,"Pokhara, Bangladesh, Procession","Society, Politics",15/11/2024,ne,https://nepalfactcheck.org/2024/11/video-from-bangladesh-falsely-linked-to-pokhara/,पोखराको भन्दै भाइरल भएको मसाल जुलुसको भिडियो वास्तवमा बंगलादेशको
NFC_false-claim-of-mandatory-online-registration-for-nepali-citizenship-debunked,https://nepalfactcheck.org/wp-content/uploads/2024/09/nid-1-300x169.jpg,नेपाली नागरिकता अनिवार्य अनलाइन दर्ताको लागि नयाँ वेबसाइट छ?,1,Fabricated,"Nepal Citizenship, Online Registration","Government, Legal",10/09/2024,ne,https://nepalfactcheck.org/2024/09/false-claim-of-mandatory-online-registration-for-nepali-citizenship-debunked/,के नागरिकता बनाउन अनलाइन रजिष्ट्रेशन गर्नुपर्ने वेबसाइट सञ्चालनमा आएको हो?
NFC_false-claim-of-mandatory-online-registration-for-nepali-citizenship-debunked,https://nepalfactcheck.org/wp-content/uploads/2024/09/nid-1-300x169.jpg,नेपाली नागरिकताका लागि अनिवार्य अनलाइन दर्ता वेबसाइट छैन। दाबी गलत र भ्रामक छ।,0,Pristine,"Nepal Citizenship, Online Registration","Government, Legal",10/09/2024,ne,https://nepalfactcheck.org/2024/09/false-claim-of-mandatory-online-registration-for-nepali-citizenship-debunked/,के नागरिकता बनाउन अनलाइन रजिष्ट्रेशन गर्नुपर्ने वेबसाइट सञ्चालनमा आएको हो?
NFC_national-id,https://nepalfactcheck.org/wp-content/uploads/2024/09/nid-card-300x169.jpg,राष्ट्रिय परिचयपत्रका लागि सरकारले विश्व बैंकबाट ऋण लिएको हो ?,1,Miscaptioned,"National ID, World Bank, Nepal Government","Government, Finance",12/09/2024,ne,https://nepalfactcheck.org/2024/09/national-id/,के राष्ट्रिय परिचय पत्र बनाउनको लागि सरकारले विश्व बैँकबाट ऋण लिएको हो ?
NFC_national-id,https://nepalfactcheck.org/wp-content/uploads/2024/09/nid-card-300x169.jpg,सरकारले राष्ट्रिय परिचयपत्रका लागि विशेषगरी विश्व बैंकबाट ऋण लिएको दाबी भ्रामक छ । ऋण विवरणहरू दावी गरिएको भन्दा फरक छन्।,0,Pristine,"National ID, World Bank, Nepal Government","Government, Finance",12/09/2024,ne,https://nepalfactcheck.org/2024/09/national-id/,के राष्ट्रिय परिचय पत्र बनाउनको लागि सरकारले विश्व बैँकबाट ऋण लिएको हो ?
NFC_factcheck-of-incident-with-pm-oli,https://nepalfactcheck.org/wp-content/uploads/2024/12/kp-oli-300x169.jpg,प्रधानमन्त्री ओलीमाथि आक्रमण भएको भिडियो एक वर्ष पुरानो हो,1,Temporal_Mismatch,"KP Sharma Oli, PM, Nepal",Politics,05/12/2024,ne,https://nepalfactcheck.org/2024/12/factcheck-of-incident-with-pm-oli/,प्रधानमन्त्री ओलीमाथि आक्रमण गरिएको भन्ने भिडियो एक वर्ष पुरानो
NFC_factcheck-of-incident-with-pm-oli,https://nepalfactcheck.org/wp-content/uploads/2024/12/kp-oli-300x169.jpg,प्रधानमन्त्री केपी शर्मा ओलीमाथि हमला भएको देखाइएको भिडियो एक वर्ष पुरानो र पछिल्लो कुनै घटनासँग सम्बन्धित छैन ।,0,Pristine,"KP Sharma Oli, PM, Nepal",Politics,05/12/2024,ne,https://nepalfactcheck.org/2024/12/factcheck-of-incident-with-pm-oli/,प्रधानमन्त्री ओलीमाथि आक्रमण गरिएको भन्ने भिडियो एक वर्ष पुरानो
NFC_fact-checking-hpv-vaccine-claims-misleading-information,https://nepalfactcheck.org/wp-content/uploads/2025/02/hpv-vaccine-300x169.jpg,Claim that HPV vaccine causes harmful side effects is misleading,1,Fabricated,"HPV Vaccine, Nepal",Health,05/02/2025,ne-en,https://nepalfactcheck.org/2025/02/fact-checking-hpv-vaccine-claims-misleading-information/,एचपिभी खोपले दुष्प्रभाव गर्छ भन्ने दावी यसकारण भ्रामक
NFC_fact-checking-hpv-vaccine-claims-misleading-information,https://nepalfactcheck.org/wp-content/uploads/2025/02/hpv-vaccine-300x169.jpg,The claims circulating about HPV vaccine causing severe side effects are misleading and not supported by medical evidence.,0,Pristine,"HPV Vaccine, Nepal",Health,05/02/2025,ne-en,https://nepalfactcheck.org/2025/02/fact-checking-hpv-vaccine-claims-misleading-information/,एचपिभी खोपले दुष्प्रभाव गर्छ भन्ने दावी यसकारण भ्रामक
NFC_nepal-mugu-woman-fact-check-six-babies-viral-photo,https://nepalfactcheck.org/wp-content/uploads/2024/12/WhatsApp-Image-2024-12-16-at-12.33.13-300x169.jpeg,मुगुकी एक महिलाले ६ बच्चालाई जन्म दिएकी छन्,1,Geographic_Mismatch,"Mugu, Nigeria, Six Babies","Society, Health",10/12/2024,ne,https://nepalfactcheck.org/2024/12/nepal-mugu-woman-fact-check-six-babies-viral-photo/,"नझुक्किनुस्, मुगुकी एक महिलाले ६ जना बच्चा जन्माएकी होइनन्"
NFC_nepal-mugu-woman-fact-check-six-babies-viral-photo,https://nepalfactcheck.org/wp-content/uploads/2024/12/WhatsApp-Image-2024-12-16-at-12.33.13-300x169.jpeg,मुगु जिल्लाकी एक महिलाले ६ बच्चा जन्माएको भाइरल फोटो र दाबी गलत हो । तस्बिर नाइजेरियाको हो।,0,Pristine,"Mugu, Nigeria, Six Babies","Society, Health",10/12/2024,ne,https://nepalfactcheck.org/2024/12/nepal-mugu-woman-fact-check-six-babies-viral-photo/,"नझुक्किनुस्, मुगुकी एक महिलाले ६ जना बच्चा जन्माएकी होइनन्"
NFC_tesla-phone-kathmandu-december-false-claim,https://nepalfactcheck.org/wp-content/uploads/2024/12/WhatsApp-Image-2024-12-16-at-13.19.41-300x169.jpeg,टेस्ला फोन डिसेम्बरमा काठमाडौंमा लन्च हुनेछ,1,Fabricated,"Tesla, Phone, Kathmandu",Technology,12/12/2024,ne,https://nepalfactcheck.org/2024/12/tesla-phone-kathmandu-december-false-claim/,"काठमाडौँमा टेस्ला फोन सार्वजनिक हुने? अहँ, यो भाइरल दावी साँचो होइन"
NFC_tesla-phone-kathmandu-december-false-claim,https://nepalfactcheck.org/wp-content/uploads/2024/12/WhatsApp-Image-2024-12-16-at-13.19.41-300x169.jpeg,टेस्ला फोन डिसेम्बरमा काठमाडौंमा लन्च हुने दाबी गलत हो। त्यहाँ कुनै टेस्ला फोन उत्पादन छैन।,0,Pristine,"Tesla, Phone, Kathmandu",Technology,12/12/2024,ne,https://nepalfactcheck.org/2024/12/tesla-phone-kathmandu-december-false-claim/,"काठमाडौँमा टेस्ला फोन सार्वजनिक हुने? अहँ, यो भाइरल दावी साँचो होइन"
NFC_kmc-hospital-false-claim-patient-breathing-aryaghat,https://nepalfactcheck.org/wp-content/uploads/2024/09/aaryaghat-300x169.jpg,केएमसी अस्पतालले मृत घोषणा गरेका एक बिरामीको आर्यघाटमा फेरि सास फेरिएको छ,1,Fabricated,"KMC Hospital, Aryaghat, Kathmandu",Health,15/09/2024,ne,https://nepalfactcheck.org/2024/09/kmc-hospital-false-claim-patient-breathing-aryaghat/,केएमसी अस्पतालले मृत घोषणा गरेको बिरामीले आर्यघाट पुर्‍याएपछि सास फेरेको हो?
NFC_kmc-hospital-false-claim-patient-breathing-aryaghat,https://nepalfactcheck.org/wp-content/uploads/2024/09/aaryaghat-300x169.jpg,केएमसी अस्पतालले मृत घोषणा गरेका बिरामीलाई आर्यघाटमा सास फेर्न थालेको दाबी झुटो र विश्वसनीय प्रमाण छैन ।,0,Pristine,"KMC Hospital, Aryaghat, Kathmandu",Health,15/09/2024,ne,https://nepalfactcheck.org/2024/09/kmc-hospital-false-claim-patient-breathing-aryaghat/,केएमसी अस्पतालले मृत घोषणा गरेको बिरामीले आर्यघाट पुर्‍याएपछि सास फेरेको हो?
NFC_ronaldo-did-not-donate-50-crore-nepali-rupees-nepal-earthquake,https://nepalfactcheck.org/wp-content/uploads/2025/01/WhatsApp-Image-2025-01-16-at-21.23.38-300x169.jpeg,Did Ronaldo donate 50 crore Nepali rupees for Nepal earthquake,1,Fabricated,"Cristiano Ronaldo, Nepal Earthquake","Sports, Disaster",08/01/2025,ne-en,https://nepalfactcheck.org/2025/01/ronaldo-did-not-donate-50-crore-nepali-rupees-nepal-earthquake/,के रोनाल्डोले नेपालको भूकम्पमा ५० करोड रुपैयाँ सहयोग गरेका हुन् ?
NFC_ronaldo-did-not-donate-50-crore-nepali-rupees-nepal-earthquake,https://nepalfactcheck.org/wp-content/uploads/2025/01/WhatsApp-Image-2025-01-16-at-21.23.38-300x169.jpeg,Cristiano Ronaldo did not donate 50 crore Nepali rupees for Nepal earthquake victims. The claim is false.,0,Pristine,"Cristiano Ronaldo, Nepal Earthquake","Sports, Disaster",08/01/2025,ne-en,https://nepalfactcheck.org/2025/01/ronaldo-did-not-donate-50-crore-nepali-rupees-nepal-earthquake/,के रोनाल्डोले नेपालको भूकम्पमा ५० करोड रुपैयाँ सहयोग गरेका हुन् ?
NFC_elon-musk-tesla-10k-autonomous-mobile-home-fact-check,https://nepalfactcheck.org/wp-content/uploads/2024/12/elon-300x169.jpg,"Elon Musk is building a 10,000 dollar autonomous mobile home",1,Fabricated,"Elon Musk, Tesla, Mobile Home","Technology, International",15/12/2024,ne-en,https://nepalfactcheck.org/2024/12/elon-musk-tesla-10k-autonomous-mobile-home-fact-check/,"नझुक्किनुस्, एलन मस्कले १० हजार डलर पर्ने स्वचालित मोटर होम बनाउन लागेका हैनन्"
NFC_elon-musk-tesla-10k-autonomous-mobile-home-fact-check,https://nepalfactcheck.org/wp-content/uploads/2024/12/elon-300x169.jpg,"Elon Musk is not building a 10,000 dollar autonomous mobile home. The claim is false.",0,Pristine,"Elon Musk, Tesla, Mobile Home","Technology, International",15/12/2024,ne-en,https://nepalfactcheck.org/2024/12/elon-musk-tesla-10k-autonomous-mobile-home-fact-check/,"नझुक्किनुस्, एलन मस्कले १० हजार डलर पर्ने स्वचालित मोटर होम बनाउन लागेका हैनन्"
NFC_shoe-throwing-incident-pushpa-kamal-dahal-fact-check,https://nepalfactcheck.org/wp-content/uploads/2024/12/WhatsApp-Image-2024-12-26-at-13.47.01-300x169.jpeg,"पुष्पकमल दाहालमाथि जुत्ता प्रहार ? होइन, चार वर्ष पुरानो भिडियो भाइरल भइरहेको छ",1,Temporal_Mismatch,"Pushpa Kamal Dahal, Prachanda, CPN Maoist",Politics,18/12/2024,ne,https://nepalfactcheck.org/2024/12/shoe-throwing-incident-pushpa-kamal-dahal-fact-check/,"पुष्पकमल दाहालमाथि जुत्ता प्रहार? होइन, चार वर्ष पुरानो भिडियो भाइरल"
NFC_shoe-throwing-incident-pushpa-kamal-dahal-fact-check,https://nepalfactcheck.org/wp-content/uploads/2024/12/WhatsApp-Image-2024-12-26-at-13.47.01-300x169.jpeg,पुष्पकमल दाहाल (प्रचण्ड) मा जुत्ता प्रहार भएको भाइरल भिडियो चार वर्ष पुरानो हो र हालैको कुनै घटनासँग सम्बन्धित छैन ।,0,Pristine,"Pushpa Kamal Dahal, Prachanda, CPN Maoist",Politics,18/12/2024,ne,https://nepalfactcheck.org/2024/12/shoe-throwing-incident-pushpa-kamal-dahal-fact-check/,"पुष्पकमल दाहालमाथि जुत्ता प्रहार? होइन, चार वर्ष पुरानो भिडियो भाइरल"
NFC_president-office-advisors-false-claim-nepal,https://nepalfactcheck.org/wp-content/uploads/2024/11/viral-13-300x169.jpg,ज्ञानेन्द्र शाहीको नाममा झुटो प्रचार - राष्ट्रपतिका २७ सल्लाहकार छैनन्,1,Fabricated,"Gyanendra Shahi, President, Nepal Government","Politics, Government",10/11/2024,ne,https://nepalfactcheck.org/2024/11/president-office-advisors-false-claim-nepal/,ज्ञानेन्द्र शाहीको नाममा झुटो प्रचार! राष्ट्रपतिका सल्लाहकारहरु २७ जना होइनन्
NFC_president-office-advisors-false-claim-nepal,https://nepalfactcheck.org/wp-content/uploads/2024/11/viral-13-300x169.jpg,राष्ट्रपतिका २७ जना सल्लाहकार रहेको ज्ञानेन्द्र शाहीको दाबी गलत हो । राष्ट्रपतिका सल्लाहकारको वास्तविक संख्या फरक छ।,0,Pristine,"Gyanendra Shahi, President, Nepal Government","Politics, Government",10/11/2024,ne,https://nepalfactcheck.org/2024/11/president-office-advisors-false-claim-nepal/,ज्ञानेन्द्र शाहीको नाममा झुटो प्रचार! राष्ट्रपतिका सल्लाहकारहरु २७ जना होइनन्
NFC_fact-check-viral-video-falsely-claims-kamal-thapa-chanted-bahun-chhetri-murdabad,https://nepalfactcheck.org/wp-content/uploads/2024/11/viral-10-300x169.jpg,कमल थापाले बाहुन क्षेत्री मुर्दाबादको नारा लगाएनन्,1,Miscaptioned,"Kamal Thapa, RPP","Politics, Social",12/11/2024,ne,https://nepalfactcheck.org/2024/11/fact-check-viral-video-falsely-claims-kamal-thapa-chanted-bahun-chhetri-murdabad/,"कमल थापाले बाहुन क्षेत्री मूर्दाबाद नारा लगाएका हैनन्, भाइरल भिडियोको तथ्य यस्तो छ"
NFC_fact-check-viral-video-falsely-claims-kamal-thapa-chanted-bahun-chhetri-murdabad,https://nepalfactcheck.org/wp-content/uploads/2024/11/viral-10-300x169.jpg,कमल थापाले ब्राह्मण र क्षेत्री विरोधी नारा लगाएको भाइरल भिडियो गलत हो । भिडियोलाई गलत रूपमा प्रस्तुत गरिएको थियो।,0,Pristine,"Kamal Thapa, RPP","Politics, Social",12/11/2024,ne,https://nepalfactcheck.org/2024/11/fact-check-viral-video-falsely-claims-kamal-thapa-chanted-bahun-chhetri-murdabad/,"कमल थापाले बाहुन क्षेत्री मूर्दाबाद नारा लगाएका हैनन्, भाइरल भिडियोको तथ्य यस्तो छ"
NFC_elon-musk-tesla-phone-299-dollar-rumors-debunked,https://nepalfactcheck.org/wp-content/uploads/2024/11/FI-Elon-300x169.png,Elon Musk has not announced a 299 dollar Tesla phone,1,Fabricated,"Elon Musk, Tesla Phone","Technology, International",15/11/2024,ne-en,https://nepalfactcheck.org/2024/11/elon-musk-tesla-phone-299-dollar-rumors-debunked/,"नुझुक्किनुस्, एलन मस्कले २९९ डलर पर्ने टेस्ला फोन बनाउने भनेका छैनन्"
NFC_elon-musk-tesla-phone-299-dollar-rumors-debunked,https://nepalfactcheck.org/wp-content/uploads/2024/11/FI-Elon-300x169.png,The rumor that Elon Musk announced a 299 dollar Tesla phone is false. No such phone exists or has been announced.,0,Pristine,"Elon Musk, Tesla Phone","Technology, International",15/11/2024,ne-en,https://nepalfactcheck.org/2024/11/elon-musk-tesla-phone-299-dollar-rumors-debunked/,"नुझुक्किनुस्, एलन मस्कले २९९ डलर पर्ने टेस्ला फोन बनाउने भनेका छैनन्"
NFC_dhanraj-gurung-edited-photo-factcheck,https://nepalfactcheck.org/wp-content/uploads/2024/09/dhanaraj-300x169.jpg,कांग्रेस उपसभापति धनराज गुरुङको विमानमा महिलासँगको तस्बिर सम्पादन गरिएको छ,1,Fabricated,"Dhanraj Gurung, Nepali Congress",Politics,20/09/2024,ne,https://nepalfactcheck.org/2024/09/dhanraj-gurung-edited-photo-factcheck/,कांग्रेस उपसभापति धनराज गुरुङ हवाईजहाजमा महिलासँगै रहेको फोटो सम्पादित
NFC_dhanraj-gurung-edited-photo-factcheck,https://nepalfactcheck.org/wp-content/uploads/2024/09/dhanaraj-300x169.jpg,काङ्ग्रेसका उपसभापति धनराज गुरुङलाई विमानमा महिलासँग देखाइएको तस्बिरलाई डिजिटल सम्पादन गरी गलत छाप सृजना गरिएको छ ।,0,Pristine,"Dhanraj Gurung, Nepali Congress",Politics,20/09/2024,ne,https://nepalfactcheck.org/2024/09/dhanraj-gurung-edited-photo-factcheck/,कांग्रेस उपसभापति धनराज गुरुङ हवाईजहाजमा महिलासँगै रहेको फोटो सम्पादित
NFC_alleged-sheinbaums-response-is-a-chain-message,https://nepalfactcheck.org/wp-content/uploads/2025/02/Mexican-President-300x169.png,Mexican President Sheinbaum did not respond to Trump - viral message is a chain message,1,Fabricated,"Claudia Sheinbaum, Donald Trump, Mexico","International, Politics",10/02/2025,ne-en,https://nepalfactcheck.org/2025/02/alleged-sheinbaums-response-is-a-chain-message/,"मेक्सिकोकी राष्ट्रपतिले ट्रम्पलाई जवाफ दिएकी होइनन्, भाइरल सन्देश भ्रामक"
NFC_alleged-sheinbaums-response-is-a-chain-message,https://nepalfactcheck.org/wp-content/uploads/2025/02/Mexican-President-300x169.png,The alleged response of Mexican President Claudia Sheinbaum to Trump is a fabricated chain message. She did not make such a statement.,0,Pristine,"Claudia Sheinbaum, Donald Trump, Mexico","International, Politics",10/02/2025,ne-en,https://nepalfactcheck.org/2025/02/alleged-sheinbaums-response-is-a-chain-message/,"मेक्सिकोकी राष्ट्रपतिले ट्रम्पलाई जवाफ दिएकी होइनन्, भाइरल सन्देश भ्रामक"
NFC_no-electronic-crime-control-act-is-in-existence,https://nepalfactcheck.org/wp-content/uploads/2024/11/viral-7-1-300x169.jpg,दुर्गा प्रसाईंलाई कारबाही अन्तर्गत गिरफ्तार - केहि मिडिया गलत,1,Fabricated,"Durga Prasai, Electronic Crime Act, Nepal","Legal, Media",20/11/2024,ne,https://nepalfactcheck.org/2024/11/no-electronic-crime-control-act-is-in-existence/,दुर्गा प्रसाईंलाई हुँदै नभएको ऐन अन्तर्गत पक्राउ गरिएको? केही मिडियाका समाचार यसकारण गलत
NFC_no-electronic-crime-control-act-is-in-existence,https://nepalfactcheck.org/wp-content/uploads/2024/11/viral-7-1-300x169.jpg,दुर्गा प्रसाईंलाई विद्युतीय अपराध नियन्त्रण ऐन अन्तर्गत पक्राउ गरिएको तर नेपालमा यो ऐन नभएको केही सञ्चारमाध्यमले जनाएका छन् ।,0,Pristine,"Durga Prasai, Electronic Crime Act, Nepal","Legal, Media",20/11/2024,ne,https://nepalfactcheck.org/2024/11/no-electronic-crime-control-act-is-in-existence/,दुर्गा प्रसाईंलाई हुँदै नभएको ऐन अन्तर्गत पक्राउ गरिएको? केही मिडियाका समाचार यसकारण गलत
NFC_birth-without-mother-misinformation,https://nepalfactcheck.org/wp-content/uploads/2024/11/viral-2-300x169.jpg,Technology developed to give birth without a mother,1,Fabricated,"Birth Technology, AI Incubation","Health, Technology",22/11/2024,ne-en,https://nepalfactcheck.org/2024/11/birth-without-mother-misinformation/,आमाबिना नै बच्चा जन्माउन सकिने प्रविधिको विकास भएको हो?
NFC_birth-without-mother-misinformation,https://nepalfactcheck.org/wp-content/uploads/2024/11/viral-2-300x169.jpg,The viral video claiming technology has been developed to give birth without a mother is false. No such technology exists.,0,Pristine,"Birth Technology, AI Incubation","Health, Technology",22/11/2024,ne-en,https://nepalfactcheck.org/2024/11/birth-without-mother-misinformation/,आमाबिना नै बच्चा जन्माउन सकिने प्रविधिको विकास भएको हो?
NFC_viral-video-claiming-recent-increase-in-polygamous-marriage-in-nepal-is-false,https://nepalfactcheck.org/wp-content/uploads/2024/11/viral-6-300x169.jpg,सुदूरपश्चिममा बहुविवाह बढ्दै गएको दाबी गलत हो,1,Fabricated,"Polygamy, Sudurpaschim, Nepal","Society, Legal",25/11/2024,ne,https://nepalfactcheck.org/2024/11/viral-video-claiming-recent-increase-in-polygamous-marriage-in-nepal-is-false/,दोस्रो विवाहको संख्या बढेको र सुदूरपश्चिममा सर्वाधिक रहेको दाबी गलत
NFC_viral-video-claiming-recent-increase-in-polygamous-marriage-in-nepal-is-false,https://nepalfactcheck.org/wp-content/uploads/2024/11/viral-6-300x169.jpg,सुदूरपश्चिम प्रदेशमा बहुविवाह दर बढ्दै गएको र सबैभन्दा बढि रहेको भाइरल भिडियो गलत हो । उद्धृत तथ्याङ्कहरू गलत छन्।,0,Pristine,"Polygamy, Sudurpaschim, Nepal","Society, Legal",25/11/2024,ne,https://nepalfactcheck.org/2024/11/viral-video-claiming-recent-increase-in-polygamous-marriage-in-nepal-is-false/,दोस्रो विवाहको संख्या बढेको र सुदूरपश्चिममा सर्वाधिक रहेको दाबी गलत
NFC_factcheck-truth-behind-viral-video-of-army-chanting-in-support-of-monarchy,https://nepalfactcheck.org/wp-content/uploads/2024/09/sena-300x169.jpg,नेपाली सेनाले राजतन्त्रको समर्थनमा नारा लगाएको भाइरल भिडियोको सत्यता के हो ?,1,Miscaptioned,"Nepal Army, Monarchy, Royalist","Politics, Military",22/09/2024,ne,https://nepalfactcheck.org/2024/09/factcheck-truth-behind-viral-video-of-army-chanting-in-support-of-monarchy/,के हो राजसंस्थाको समर्थनमा सेनाले नारा लगाएको भाइरल भिडियोको तथ्य?
NFC_factcheck-truth-behind-viral-video-of-army-chanting-in-support-of-monarchy,https://nepalfactcheck.org/wp-content/uploads/2024/09/sena-300x169.jpg,नेपाली सेनाले राजतन्त्रको पक्षमा नारा लगाएको भाइरल भिडियो भ्रामक छ । भजन अर्कै सन्दर्भबाट थियो।,0,Pristine,"Nepal Army, Monarchy, Royalist","Politics, Military",22/09/2024,ne,https://nepalfactcheck.org/2024/09/factcheck-truth-behind-viral-video-of-army-chanting-in-support-of-monarchy/,के हो राजसंस्थाको समर्थनमा सेनाले नारा लगाएको भाइरल भिडियोको तथ्य?
NFC_abc-tv-trump-defamation-case-compensation-claim-review,https://nepalfactcheck.org/wp-content/uploads/2024/12/WhatsApp-Image-2024-12-16-at-16.50.34-300x169.jpeg,ABC TV has to pay 1.5 crore not 15 crore dollars to Donald Trump in defamation case,1,Fabricated,"ABC TV, Donald Trump, Defamation, USA","International, Legal",20/12/2024,ne-en,https://nepalfactcheck.org/2024/12/abc-tv-trump-defamation-case-compensation-claim-review/,"एबीसी टिभीले डोनाल्ड ट्रम्पलाई १५ करोड होइन, डेढ करोड डलर क्षतिपूर्ति तिर्नुपर्ने"
NFC_abc-tv-trump-defamation-case-compensation-claim-review,https://nepalfactcheck.org/wp-content/uploads/2024/12/WhatsApp-Image-2024-12-16-at-16.50.34-300x169.jpeg,The claim that ABC TV must pay 15 crore dollars to Donald Trump in the defamation case is wrong. The actual settlement is 1.5 crore dollars.,0,Pristine,"ABC TV, Donald Trump, Defamation, USA","International, Legal",20/12/2024,ne-en,https://nepalfactcheck.org/2024/12/abc-tv-trump-defamation-case-compensation-claim-review/,"एबीसी टिभीले डोनाल्ड ट्रम्पलाई १५ करोड होइन, डेढ करोड डलर क्षतिपूर्ति तिर्नुपर्ने"
NFC_misleading_landslide_factcheck,https://nepalfactcheck.org/wp-content/uploads/2024/10/viral-1-300x169.jpg,काठमाडौंको भाइरल भिडियो वास्तवमा जापानको हो,1,Geographic_Mismatch,"Kathmandu, Japan, Landslide",Disaster,05/10/2024,ne,https://nepalfactcheck.org/2024/10/misleading_landslide_factcheck/,काठमाडौँको भन्दै भाइरल भिडियो वास्तवमा जापानको
NFC_misleading_landslide_factcheck,https://nepalfactcheck.org/wp-content/uploads/2024/10/viral-1-300x169.jpg,काठमाडौंको भाइरल भएको पहिरोको भिडियो वास्तवमा जापानको हो ।,0,Pristine,"Kathmandu, Japan, Landslide",Disaster,05/10/2024,ne,https://nepalfactcheck.org/2024/10/misleading_landslide_factcheck/,काठमाडौँको भन्दै भाइरल भिडियो वास्तवमा जापानको
NFC_misinformation-on-driving-liscense,https://nepalfactcheck.org/wp-content/uploads/2025/01/Driving-Liscense-300x169.png,"मोटरसाइकल चलाउन लाइसेन्स नपर्ने नयाँ कानुन ? होइन, भाइरल दाबी भ्रामक छ",1,Fabricated,"Driving License, Motorcycle, Nepal","Legal, Transport",15/01/2025,ne,https://nepalfactcheck.org/2025/01/misinformation-on-driving-liscense/,"मोटरसाइकल चलाउँदा लाइसेन्स नचाहिने नयाँ कानुन आएको? होइन, भाइरल दावी यसकारण भ्रामक"
NFC_misinformation-on-driving-liscense,https://nepalfactcheck.org/wp-content/uploads/2025/01/Driving-Liscense-300x169.png,नयाँ कानूनले मोटरसाइकल चालकलाई इजाजतपत्र चाहिँदैन भन्ने भाइरल दाबी गलत हो। नेपालमा त्यस्तो कानुन बनेको छैन ।,0,Pristine,"Driving License, Motorcycle, Nepal","Legal, Transport",15/01/2025,ne,https://nepalfactcheck.org/2025/01/misinformation-on-driving-liscense/,"मोटरसाइकल चलाउँदा लाइसेन्स नचाहिने नयाँ कानुन आएको? होइन, भाइरल दावी यसकारण भ्रामक"
NFC_pakistan_flood_linked_to_nepal,https://nepalfactcheck.org/wp-content/uploads/2024/10/viral-2-300x169.jpg,भाइरल भिडियो नेपालबाट भएको दाबी वास्तवमा पाकिस्तानको हो,1,Geographic_Mismatch,"Nepal, Pakistan, Flood",Disaster,08/10/2024,ne,https://nepalfactcheck.org/2024/10/pakistan_flood_linked_to_nepal/,नेपालको भन्दै भाइरल भिडियो वास्तवमा पाकिस्तानको
NFC_pakistan_flood_linked_to_nepal,https://nepalfactcheck.org/wp-content/uploads/2024/10/viral-2-300x169.jpg,नेपालबाट आएको बाढीको भाइरल भिडियो वास्तवमा पाकिस्तानको हो ।,0,Pristine,"Nepal, Pakistan, Flood",Disaster,08/10/2024,ne,https://nepalfactcheck.org/2024/10/pakistan_flood_linked_to_nepal/,नेपालको भन्दै भाइरल भिडियो वास्तवमा पाकिस्तानको
NFC_american-court-did-not-imposed-fine-upon-aar-corp,https://nepalfactcheck.org/wp-content/uploads/2025/01/Widebody-1-300x169.png,Did the American court impose a 55 million dollar fine on AAR Corp?,1,Fabricated,"AAR Corp, USA, Court","International, Legal",18/01/2025,ne-en,https://nepalfactcheck.org/2025/01/american-court-did-not-imposed-fine-upon-aar-corp/,के अमेरिकी अदालतले एएआर कर्पलाई ५५ मिलियन जरिवाना गर्ने फैसला सुनाएको हो?
NFC_american-court-did-not-imposed-fine-upon-aar-corp,https://nepalfactcheck.org/wp-content/uploads/2025/01/Widebody-1-300x169.png,The claim that an American court imposed a 55 million dollar fine on AAR Corp is false. No such court ruling was made.,0,Pristine,"AAR Corp, USA, Court","International, Legal",18/01/2025,ne-en,https://nepalfactcheck.org/2025/01/american-court-did-not-imposed-fine-upon-aar-corp/,के अमेरिकी अदालतले एएआर कर्पलाई ५५ मिलियन जरिवाना गर्ने फैसला सुनाएको हो?
NFC_nepali-tigers-do-not-drink-blood-fact-check,https://nepalfactcheck.org/wp-content/uploads/2025/01/tiger1-300x169.jpg,नेपाली बाघले रगत पिउने,1,Fabricated,"Tiger, Nepal","Wildlife, Health",20/01/2025,ne,https://nepalfactcheck.org/2025/01/nepali-tigers-do-not-drink-blood-fact-check/,"बाघले रगत पिउँदैन, भ्रममा नपर्नुस् !"
NFC_nepali-tigers-do-not-drink-blood-fact-check,https://nepalfactcheck.org/wp-content/uploads/2025/01/tiger1-300x169.jpg,बाघले रगत पिउदैन । नेपाली बाघले रगत पिउने भाइरल दाबी गलत हो । बाघले पानी पिउने।,0,Pristine,"Tiger, Nepal","Wildlife, Health",20/01/2025,ne,https://nepalfactcheck.org/2025/01/nepali-tigers-do-not-drink-blood-fact-check/,"बाघले रगत पिउँदैन, भ्रममा नपर्नुस् !"
NFC_gas-cylinder,https://nepalfactcheck.org/wp-content/uploads/2025/02/gas-cylinder-300x169.jpg,ग्यास सिलिन्डरको म्याद सकिने मिति हुन्छ,1,Fabricated,"Gas Cylinder, LPG, Nepal","Safety, Consumer",12/02/2025,ne,https://nepalfactcheck.org/2025/02/gas-cylinder/,"भ्रममा नपर्नुस्, ग्यास सिलिन्डरमा एक्सपायरी डेट हुँदैन"
NFC_gas-cylinder,https://nepalfactcheck.org/wp-content/uploads/2025/02/gas-cylinder-300x169.jpg,नेपालमा ग्यास सिलिन्डरको म्याद सकिने मिति हुँदैन । ग्यास सिलिन्डरमा म्याद सकिने मिति जाँच गर्नुपर्छ भन्ने भाइरल दाबी भ्रामक छ।,0,Pristine,"Gas Cylinder, LPG, Nepal","Safety, Consumer",12/02/2025,ne,https://nepalfactcheck.org/2025/02/gas-cylinder/,"भ्रममा नपर्नुस्, ग्यास सिलिन्डरमा एक्सपायरी डेट हुँदैन"
NFC_hesis-photo-misleading-claim-nigeria-university-of-calabar,https://nepalfactcheck.org/wp-content/uploads/2024/12/thesis-300x169.jpg,Photo of theses being thrown is from Nigeria not Nepal or HESIS,1,Geographic_Mismatch,"HESIS, Nigeria, University of Calabar",Education,22/12/2024,ne-en,https://nepalfactcheck.org/2024/12/hesis-photo-misleading-claim-nigeria-university-of-calabar/,थेसिस फ्याँकेको फोटो नेपालको होइन नाइजेरियाको
NFC_hesis-photo-misleading-claim-nigeria-university-of-calabar,https://nepalfactcheck.org/wp-content/uploads/2024/12/thesis-300x169.jpg,The photo of theses/dissertations being thrown is not from Nepal (HESIS) but from the University of Calabar in Nigeria.,0,Pristine,"HESIS, Nigeria, University of Calabar",Education,22/12/2024,ne-en,https://nepalfactcheck.org/2024/12/hesis-photo-misleading-claim-nigeria-university-of-calabar/,थेसिस फ्याँकेको फोटो नेपालको होइन नाइजेरियाको
NFC_kp-oli-factcheck,https://nepalfactcheck.org/wp-content/uploads/2024/09/oli-300x169.jpg,केपी ओलीबारे भारतीय पत्रिकाले यस्तो हेडलाइन छापेका छैनन्,1,Fabricated,"KP Sharma Oli, Indian Media","Politics, Media",25/09/2024,ne,https://nepalfactcheck.org/2024/09/kp-oli-factcheck/,भारतीय पत्रिकाले केपी ओलीबारे यस्तो शीर्षकको समाचार प्रकाशन गरेको होइन
NFC_kp-oli-factcheck,https://nepalfactcheck.org/wp-content/uploads/2024/09/oli-300x169.jpg,एक भारतीय पत्रिकाले केपी शर्मा ओलीको बारेमा नकारात्मक हेडलाइन छापेको झुटो दाबी गरेको छ । उद्धृत पत्रिकाले त्यस्तो कुनै लेख प्रकाशित गरेको छैन।,0,Pristine,"KP Sharma Oli, Indian Media","Politics, Media",25/09/2024,ne,https://nepalfactcheck.org/2024/09/kp-oli-factcheck/,भारतीय पत्रिकाले केपी ओलीबारे यस्तो शीर्षकको समाचार प्रकाशन गरेको होइन
NFC_formaldehyde-in-vaccines-leukemia-claim-reviewed,https://nepalfactcheck.org/wp-content/uploads/2025/02/vaccine-300x169.jpg,Formaldehyde in vaccines causes cancer in children - claim is false,1,Fabricated,"Vaccine, Formaldehyde, Cancer, Children",Health,15/02/2025,ne-en,https://nepalfactcheck.org/2025/02/formaldehyde-in-vaccines-leukemia-claim-reviewed/,खोपमा हालिएको पदार्थले बालबालिकामा क्यान्सर गराउने दावी मिथ्या
NFC_formaldehyde-in-vaccines-leukemia-claim-reviewed,https://nepalfactcheck.org/wp-content/uploads/2025/02/vaccine-300x169.jpg,The viral claim that formaldehyde in vaccines causes leukemia/cancer in children is false. The amount of formaldehyde in vaccines is far too small to cause any harm.,0,Pristine,"Vaccine, Formaldehyde, Cancer, Children",Health,15/02/2025,ne-en,https://nepalfactcheck.org/2025/02/formaldehyde-in-vaccines-leukemia-claim-reviewed/,खोपमा हालिएको पदार्थले बालबालिकामा क्यान्सर गराउने दावी मिथ्या
NFC_plastic-rice-claim-big-mart-false-fact-check-nepali,https://nepalfactcheck.org/wp-content/uploads/2024/09/plastic-rice-300x169.jpg,नेपालमा प्लास्टिकको चामल बिक्री भैरहेको भिडियो भाइरल,1,Fabricated,"Plastic Rice, Big Mart, Nepal","Food, Consumer",28/09/2024,ne,https://nepalfactcheck.org/2024/09/plastic-rice-claim-big-mart-false-fact-check-nepali/,के हो नेपालमा प्लास्टिकको चामल बिक्री भएको दावी गर्दै भाइरल भएको भिडियोको तथ्य?
NFC_plastic-rice-claim-big-mart-false-fact-check-nepali,https://nepalfactcheck.org/wp-content/uploads/2024/09/plastic-rice-300x169.jpg,नेपालको बिग मार्ट सुपरमार्केटमा प्लाष्टिकको चामल बिक्री भइरहेको भनी भाइरल भएको भिडियो गलत हो । देखाइएको चामल वास्तविक चामल हो।,0,Pristine,"Plastic Rice, Big Mart, Nepal","Food, Consumer",28/09/2024,ne,https://nepalfactcheck.org/2024/09/plastic-rice-claim-big-mart-false-fact-check-nepali/,के हो नेपालमा प्लास्टिकको चामल बिक्री भएको दावी गर्दै भाइरल भएको भिडियोको तथ्य?
NFC_raswapa-three-victories-false-claim,https://nepalfactcheck.org/wp-content/uploads/2024/12/viral-16-300x169.jpg,उपनिर्वाचनमा तीन स्थानमा आरएसपीले जितेको भाइरल टिकटकको दाबी गलत हो,1,Fabricated,"RSP, Rastriya Swatantra Party, By-election","Politics, Election",25/12/2024,ne,https://nepalfactcheck.org/2024/12/raswapa-three-victories-false-claim/,उप-निर्वाचनमा रास्वपा तीन ठाउँमा विजयी भएको भाइरल टिकटक गलत
NFC_raswapa-three-victories-false-claim,https://nepalfactcheck.org/wp-content/uploads/2024/12/viral-16-300x169.jpg,उपनिर्वाचनमा आरएसपीले तीनवटा निर्वाचन क्षेत्रमा जितेको भाइरल टिकटक झुटो हो । राप्रपाले तीन स्थानमा जित हासिल गर्न सकेन ।,0,Pristine,"RSP, Rastriya Swatantra Party, By-election","Politics, Election",25/12/2024,ne,https://nepalfactcheck.org/2024/12/raswapa-three-victories-false-claim/,उप-निर्वाचनमा रास्वपा तीन ठाउँमा विजयी भएको भाइरल टिकटक गलत
NFC_ai-incubation,https://nepalfactcheck.org/wp-content/uploads/2024/11/viral-7-300x169.jpg,Era of AI incubation coming where parents not needed for birth - viral video is false,1,Fabricated,"AI, Artificial Womb, Birth Technology","Technology, Health",28/11/2024,ne-en,https://nepalfactcheck.org/2024/11/ai-incubation/,बच्चा जन्माउन बाबुआमा नै नचाहिने गरी एडब्ल्युको युग आउन लागेको? भाइरल भिडियो यसकारण गलत
NFC_ai-incubation,https://nepalfactcheck.org/wp-content/uploads/2024/11/viral-7-300x169.jpg,The viral video claiming an era of AI-assisted birth without parents is coming is false. No such technology currently exists.,0,Pristine,"AI, Artificial Womb, Birth Technology","Technology, Health",28/11/2024,ne-en,https://nepalfactcheck.org/2024/11/ai-incubation/,बच्चा जन्माउन बाबुआमा नै नचाहिने गरी एडब्ल्युको युग आउन लागेको? भाइरल भिडियो यसकारण गलत
NFC_nepal-earthquake-5-3-magnitude-claim-false,https://nepalfactcheck.org/wp-content/uploads/2025/01/earthquake-300x169.jpg,नेपालमा ५ दशमलव ३ रेक्टर स्केलको भूकम्प ७ रेक्टर स्केलको थियो,1,Fabricated,"Nepal Earthquake, NSC, Seismology",Disaster,22/01/2025,ne,https://nepalfactcheck.org/2025/01/nepal-earthquake-5-3-magnitude-claim-false/,"नेपालमा ५.३ म्याग्निच्युडको होइन, ७ म्याग्निच्युडको भूकम्प मापन गरिएको हो"
NFC_nepal-earthquake-5-3-magnitude-claim-false,https://nepalfactcheck.org/wp-content/uploads/2025/01/earthquake-300x169.jpg,नेपालमा ७ रेक्टर स्केलको भूकम्प गएको दाबी गलत हो । वास्तविक भूकम्प ५.३ रेक्टर स्केलको थियो ।,0,Pristine,"Nepal Earthquake, NSC, Seismology",Disaster,22/01/2025,ne,https://nepalfactcheck.org/2025/01/nepal-earthquake-5-3-magnitude-claim-false/,"नेपालमा ५.३ म्याग्निच्युडको होइन, ७ म्याग्निच्युडको भूकम्प मापन गरिएको हो"
NFC_protest-in-support-of-rabi-lamichhane-in-malaysia-is-false,https://nepalfactcheck.org/wp-content/uploads/2024/11/viral-6-1-300x169.jpg,रवि लामिछानेको समर्थनमा मलेसियामा भएको प्रदर्शन झुटो,1,Fabricated,"Rabi Lamichhane, RSP, Malaysia","Politics, International",30/11/2024,ne,https://nepalfactcheck.org/2024/11/protest-in-support-of-rabi-lamichhane-in-malaysia-is-false/,मलेसियामा रवि लामिछानेको समर्थनमा आन्दोलन भएको दावी मिथ्या
NFC_protest-in-support-of-rabi-lamichhane-in-malaysia-is-false,https://nepalfactcheck.org/wp-content/uploads/2024/11/viral-6-1-300x169.jpg,रवि लामिछानेको समर्थनमा मलेसियामा विरोध प्रदर्शन भएको दाबी गलत हो ।,0,Pristine,"Rabi Lamichhane, RSP, Malaysia","Politics, International",30/11/2024,ne,https://nepalfactcheck.org/2024/11/protest-in-support-of-rabi-lamichhane-in-malaysia-is-false/,मलेसियामा रवि लामिछानेको समर्थनमा आन्दोलन भएको दावी मिथ्या
NFC_nepali-congress-flag-in-maoist-rally,https://nepalfactcheck.org/wp-content/uploads/2024/10/viral-5-300x169.jpg,माओवादीको र्‍यालीमा कसरी देखियो नेपाली कांग्रेसको झण्डा ? यो सत्य हो,1,Miscaptioned,"Nepali Congress, CPN Maoist, Flag",Politics,12/10/2024,ne,https://nepalfactcheck.org/2024/10/nepali-congress-flag-in-maoist-rally/,माओवादीको जुलुसमा नेपाली कांग्रेसको झण्डा कसरी? भाइरल फोटोको तथ्य यस्तो
NFC_nepali-congress-flag-in-maoist-rally,https://nepalfactcheck.org/wp-content/uploads/2024/10/viral-5-300x169.jpg,"माओवादीको र्‍यालीमा नेपाली कांग्रेसको झण्डा देखाइएको तस्बिरलाई प्रसंगभन्दा बाहिर निकालिएको छ । राजनीतिक गठबन्धन होइन, अर्कै कारणले कांग्रेसको झण्डा थियो ।",0,Pristine,"Nepali Congress, CPN Maoist, Flag",Politics,12/10/2024,ne,https://nepalfactcheck.org/2024/10/nepali-congress-flag-in-maoist-rally/,माओवादीको जुलुसमा नेपाली कांग्रेसको झण्डा कसरी? भाइरल फोटोको तथ्य यस्तो
NFC_gaur-office-assistant-operation-claim-fact-check,https://nepalfactcheck.org/wp-content/uploads/2024/10/viral-3-300x169.jpg,"फेसबुक अफवाह: अफिस असिस्टेन्टले गरे अपरेशन - भाइरल पोस्ट, तर सत्य के हो?",1,Fabricated,"Gaur, Office Assistant, Surgery","Health, Society",15/10/2024,ne,https://nepalfactcheck.org/2024/10/gaur-office-assistant-operation-claim-fact-check/,"फेसबुकमा अफवाह: कार्यालय सहयोगीले अपरेसन गरेको भन्दै पोस्ट भाइरल, तर तथ्य के हो?"
NFC_gaur-office-assistant-operation-claim-fact-check,https://nepalfactcheck.org/wp-content/uploads/2024/10/viral-3-300x169.jpg,गौरका कार्यालय सहायकले शल्यक्रिया गरेको भनी भाइरल फेसबुक पोस्ट गलत हो । त्यस्तो घटना घटेको छैन ।,0,Pristine,"Gaur, Office Assistant, Surgery","Health, Society",15/10/2024,ne,https://nepalfactcheck.org/2024/10/gaur-office-assistant-operation-claim-fact-check/,"फेसबुकमा अफवाह: कार्यालय सहयोगीले अपरेसन गरेको भन्दै पोस्ट भाइरल, तर तथ्य के हो?"
NFC_has-the-court-found-rabi-lamichhane-guilty,https://nepalfactcheck.org/wp-content/uploads/2025/01/Nagarik-dainik-300x169.jpg,रवि लामिछानेलाई अदालतले दोषी ठहर गर्यो ?,1,Fabricated,"Rabi Lamichhane, RSP, Court","Legal, Politics",25/01/2025,ne,https://nepalfactcheck.org/2025/01/has-the-court-found-rabi-lamichhane-guilty/,के रवि लामिछानेलाई अदालतले कसुरदार ठहर गरेका हो ?
NFC_has-the-court-found-rabi-lamichhane-guilty,https://nepalfactcheck.org/wp-content/uploads/2025/01/Nagarik-dainik-300x169.jpg,तथ्य जाँच सार्वजनिक भएको मितिसम्म अदालतले रवि लामिछानेलाई दोषी ठहर गरेको थिएन । सजायको दाबी समयपूर्व थियो।,0,Pristine,"Rabi Lamichhane, RSP, Court","Legal, Politics",25/01/2025,ne,https://nepalfactcheck.org/2025/01/has-the-court-found-rabi-lamichhane-guilty/,के रवि लामिछानेलाई अदालतले कसुरदार ठहर गरेका हो ?
NFC_karnali-bba-factcheck,https://nepalfactcheck.org/wp-content/uploads/2024/09/bba-300x169.jpg,अन्नपूर्ण पोस्टले कर्णालीमा पहिलो पटक बीबीए पढाउने दाबी गलत भएको छ,1,Fabricated,"Karnali, BBA, Annapurna Post","Education, Media",30/09/2024,ne,https://nepalfactcheck.org/2024/09/karnali-bba-factcheck/,कर्णालीमा पहिलो पटक बीबीए पढाइ हुने अन्नपूर्ण पोष्टको दाबी गलत
NFC_karnali-bba-factcheck,https://nepalfactcheck.org/wp-content/uploads/2024/09/bba-300x169.jpg,कर्णाली प्रदेशमा पहिलो पटक बीबीए (व्यापार प्रशासन स्नातक) पढाइने अन्नपूर्ण पोस्टको दाबी गलत छ । त्यहाँ पहिलेदेखि बीबीए पढाइँदै थियो ।,0,Pristine,"Karnali, BBA, Annapurna Post","Education, Media",30/09/2024,ne,https://nepalfactcheck.org/2024/09/karnali-bba-factcheck/,कर्णालीमा पहिलो पटक बीबीए पढाइ हुने अन्नपूर्ण पोष्टको दाबी गलत
NFC_koshi-province-mp-was-not-suspended-after-arrest,https://nepalfactcheck.org/wp-content/uploads/2024/11/viral-15-300x169.jpg,कोशी प्रदेश सांसद लीलाबल्लभ अधिकारी पक्राउपछि निलम्बनमा परे ?,1,Fabricated,"Lilaballabh Adhikari, Koshi Province, Nepal Parliament","Legal, Politics",28/12/2024,ne,https://nepalfactcheck.org/2024/12/koshi-province-mp-was-not-suspended-after-arrest/,के कोशी प्रदेश सांसद लीलाबल्लभ अधिकारी पक्राउ परेसँगै निलम्बनमा परेका थिए?
NFC_koshi-province-mp-was-not-suspended-after-arrest,https://nepalfactcheck.org/wp-content/uploads/2024/11/viral-15-300x169.jpg,कोशी प्रदेशका सांसद लीलाबल्लभ अधिकारी पक्राउ परेपछि स्वतः निलम्बन भएनन् । निलम्बनको दाबी गर्ने मिडिया रिपोर्टहरू गलत थिए।,0,Pristine,"Lilaballabh Adhikari, Koshi Province, Nepal Parliament","Legal, Politics",28/12/2024,ne,https://nepalfactcheck.org/2024/12/koshi-province-mp-was-not-suspended-after-arrest/,के कोशी प्रदेश सांसद लीलाबल्लभ अधिकारी पक्राउ परेसँगै निलम्बनमा परेका थिए?
NFC_pushpakamal-dahal-ravi-lamichhane-fact-check-misinformation-viral-claim,https://nepalfactcheck.org/wp-content/uploads/2024/12/viral-17-300x169.jpg,के पुष्पकमल दाहालले रवि लामिछानेको समर्थनमा सडकमा आउन आग्रह गरे ?,1,Fabricated,"Pushpa Kamal Dahal, Prachanda, Rabi Lamichhane, RSP",Politics,30/12/2024,ne,https://nepalfactcheck.org/2024/12/pushpakamal-dahal-ravi-lamichhane-fact-check-misinformation-viral-claim/,के पुष्पकमल दाहालले रवि लामिछानेको पक्षमा सडकमा आउन आग्रह गरेका हुन्?
NFC_pushpakamal-dahal-ravi-lamichhane-fact-check-misinformation-viral-claim,https://nepalfactcheck.org/wp-content/uploads/2024/12/viral-17-300x169.jpg,पुष्पकमल दाहालले जनतालाई रवि लामिछानेको समर्थनमा सडकमा आउन भनेका छैनन् । दाबी गलत छ।,0,Pristine,"Pushpa Kamal Dahal, Prachanda, Rabi Lamichhane, RSP",Politics,30/12/2024,ne,https://nepalfactcheck.org/2024/12/pushpakamal-dahal-ravi-lamichhane-fact-check-misinformation-viral-claim/,के पुष्पकमल दाहालले रवि लामिछानेको पक्षमा सडकमा आउन आग्रह गरेका हुन्?
NFC_sunil-pokhrel-hollywood-walk-of-fame-factcheck,https://nepalfactcheck.org/wp-content/uploads/2024/09/sunil-300x169.jpg,अभिनेता सुनिल पोखरेलले हलिउड वाक अफ फेम सम्मान पाएनन्,1,Fabricated,"Sunil Pokhrel, Hollywood Walk of Fame, Nepal",Entertainment,22/09/2024,ne,https://nepalfactcheck.org/2024/09/sunil-pokhrel-hollywood-walk-of-fame-factcheck/,कलाकार सुनील पोखरेलले हलिउड वाक अफ फेम सम्मान पाएका होइनन्
NFC_sunil-pokhrel-hollywood-walk-of-fame-factcheck,https://nepalfactcheck.org/wp-content/uploads/2024/09/sunil-300x169.jpg,नेपाली अभिनेता सुनिल पोखरेलले हलिउड वाक अफ फेम स्टार पाएको दाबी गलत हो ।,0,Pristine,"Sunil Pokhrel, Hollywood Walk of Fame, Nepal",Entertainment,22/09/2024,ne,https://nepalfactcheck.org/2024/09/sunil-pokhrel-hollywood-walk-of-fame-factcheck/,कलाकार सुनील पोखरेलले हलिउड वाक अफ फेम सम्मान पाएका होइनन्
NFC_kp-oli-nepal-disease-free-claim-false,https://nepalfactcheck.org/wp-content/uploads/2024/11/viral-14-300x169.jpg,प्रधानमन्त्री ओलीले नेपाललाई रोगमुक्त बनाउने घोषणा गरेका छन्,1,Fabricated,"KP Sharma Oli, Nepal, Disease-free","Health, Politics",05/11/2024,ne,https://nepalfactcheck.org/2024/11/kp-oli-nepal-disease-free-claim-false/,"प्रधानमन्त्री ओलीले नेपाललाई बिरामीमुक्त देश बनाउने घोषणा गरेका छैनन्, भाइरल समाचार भ्रामक"
NFC_kp-oli-nepal-disease-free-claim-false,https://nepalfactcheck.org/wp-content/uploads/2024/11/viral-14-300x169.jpg,प्रधानमन्त्री केपी शर्मा ओलीले नेपाल रोगमुक्त हुने घोषणा गरेका छैनन् । भाइरल समाचार भ्रामक छ भनी दाबी।,0,Pristine,"KP Sharma Oli, Nepal, Disease-free","Health, Politics",05/11/2024,ne,https://nepalfactcheck.org/2024/11/kp-oli-nepal-disease-free-claim-false/,"प्रधानमन्त्री ओलीले नेपाललाई बिरामीमुक्त देश बनाउने घोषणा गरेका छैनन्, भाइरल समाचार भ्रामक"
NFC_trump-response-balen-shah-deepfake-video-fact-check,https://nepalfactcheck.org/wp-content/uploads/2025/02/kp-oli-2-300x169.jpg,Trump did not respond to Balen Shah - viral video is AI-generated deepfake,1,Fabricated,"Donald Trump, Balendra Shah, Balen, AI Deepfake","Politics, International",20/02/2025,ne-en,https://nepalfactcheck.org/2025/02/trump-response-balen-shah-deepfake-video-fact-check/,"नझुक्किनुस्, ट्रम्पले बालेनलाई प्रतिक्रिया दिएका होइनन्, भाइरल भिडियो एआईबाट बनाइएको"
NFC_trump-response-balen-shah-deepfake-video-fact-check,https://nepalfactcheck.org/wp-content/uploads/2025/02/kp-oli-2-300x169.jpg,US President Donald Trump did not respond to Kathmandu Mayor Balen Shah. The viral video claiming Trump's response is AI-generated deepfake.,0,Pristine,"Donald Trump, Balendra Shah, Balen, AI Deepfake","Politics, International",20/02/2025,ne-en,https://nepalfactcheck.org/2025/02/trump-response-balen-shah-deepfake-video-fact-check/,"नझुक्किनुस्, ट्रम्पले बालेनलाई प्रतिक्रिया दिएका होइनन्, भाइरल भिडियो एआईबाट बनाइएको"
NFC_pm-oli-hospitalized-claim-false,https://nepalfactcheck.org/wp-content/uploads/2025/01/kp-birami-300x169.png,अस्पतालमा प्रधानमन्त्री ओलीको तस्बिर पाँच वर्ष पुरानो,1,Temporal_Mismatch,"KP Sharma Oli, Hospital, Nepal","Politics, Health",28/01/2025,ne,https://nepalfactcheck.org/2025/01/pm-oli-hospitalized-claim-false/,प्रधानमन्त्री ओली अस्पतालमा भएको फोटो पाँच वर्ष पुरानो
NFC_pm-oli-hospitalized-claim-false,https://nepalfactcheck.org/wp-content/uploads/2025/01/kp-birami-300x169.png,प्रधानमन्त्री केपी शर्मा ओली हाल अस्पतालमा भर्ना भएका देखाएको तस्बिर वास्तवमा पाँच वर्ष पुरानो हो । उनी अहिले अस्पतालमा भर्ना छैनन् ।,0,Pristine,"KP Sharma Oli, Hospital, Nepal","Politics, Health",28/01/2025,ne,https://nepalfactcheck.org/2025/01/pm-oli-hospitalized-claim-false/,प्रधानमन्त्री ओली अस्पतालमा भएको फोटो पाँच वर्ष पुरानो
NFC_herne-katha-bishnu-majhi-factcheck,https://nepalfactcheck.org/wp-content/uploads/2024/09/oli-1-300x169.jpg,बिष्णु माझीको कथा हर्ने कथामा प्रशारण हुँदैछ ?,1,Fabricated,"Bishnu Majhi, Herne Katha, TV",Entertainment,22/02/2025,ne,https://nepalfactcheck.org/2024/09/herne-katha-bishnu-majhi-factcheck/,के हेर्ने कथामा विष्णु माझीको कथा प्रसारण हुन लागेको हो ?
NFC_herne-katha-bishnu-majhi-factcheck,https://nepalfactcheck.org/wp-content/uploads/2024/09/oli-1-300x169.jpg,गायक विष्णु माझीको कथा टेलिभिजन कार्यक्रम हर्ने कथामा प्रशारण हुने दाबी गलत हो ।,0,Pristine,"Bishnu Majhi, Herne Katha, TV",Entertainment,22/02/2025,ne,https://nepalfactcheck.org/2024/09/herne-katha-bishnu-majhi-factcheck/,के हेर्ने कथामा विष्णु माझीको कथा प्रसारण हुन लागेको हो ?
NFC_chhabi-dabi-kantipur,https://nepalfactcheck.org/wp-content/uploads/2025/02/Kantipur-fact-check-300x169.jpg,कान्तिपुरले दाबी गरेअनुसार छविलाल जोशीको पुनरावेदनलाई हिरासतमा राख्न अदालतले आदेश दिएको छैन ।,1,Miscaptioned,"Chhabilal Joshi, Kantipur, Court","Legal, Media",25/02/2025,ne,https://nepalfactcheck.org/2025/02/chhabi-dabi-kantipur/,कान्तिपुरले दावी गरे जस्तै छविलाल जोशीको पुनरावेदन लगाउमा राख्‍न आदेश भएको होइन
NFC_chhabi-dabi-kantipur,https://nepalfactcheck.org/wp-content/uploads/2025/02/Kantipur-fact-check-300x169.jpg,छविलाल जोशीको पुनरावेदनसम्बन्धी अदालतको आदेशबारे कान्तिपुरको दाबी गलत थियो । त्यस्तो आदेश जारी भएको छैन ।,0,Pristine,"Chhabilal Joshi, Kantipur, Court","Legal, Media",25/02/2025,ne,https://nepalfactcheck.org/2025/02/chhabi-dabi-kantipur/,कान्तिपुरले दावी गरे जस्तै छविलाल जोशीको पुनरावेदन लगाउमा राख्‍न आदेश भएको होइन
NFC_saudi-arabia-first-snowfall-al-jawf-desert-weather-fact-check,https://nepalfactcheck.org/wp-content/uploads/2024/11/viral-9-300x169.jpg,First ever snowfall in Saudi Arabia - viral photo is two years old,1,Temporal_Mismatch,"Saudi Arabia, Snowfall, Al Jawf","International, Weather",08/11/2024,ne-en,https://nepalfactcheck.org/2024/11/saudi-arabia-first-snowfall-al-jawf-desert-weather-fact-check/,"साउदी अरबमा इतिहासमै पहिलो पटक हिउँ परेको होइन, भाइरल फोटो दुई वर्ष पुरानो"
NFC_saudi-arabia-first-snowfall-al-jawf-desert-weather-fact-check,https://nepalfactcheck.org/wp-content/uploads/2024/11/viral-9-300x169.jpg,The viral photo claiming first-ever snowfall in Saudi Arabia at Al Jawf desert is two years old and not recent.,0,Pristine,"Saudi Arabia, Snowfall, Al Jawf","International, Weather",08/11/2024,ne-en,https://nepalfactcheck.org/2024/11/saudi-arabia-first-snowfall-al-jawf-desert-weather-fact-check/,"साउदी अरबमा इतिहासमै पहिलो पटक हिउँ परेको होइन, भाइरल फोटो दुई वर्ष पुरानो"
NFC_covid-19-vaccine-heart-attack-graphene-oxide-mrna-misinformation,https://nepalfactcheck.org/wp-content/uploads/2024/11/viral-12-300x169.jpg,COVID-19 vaccine caused heart attacks - claim is misleading,1,Fabricated,"COVID-19, Vaccine, Heart Attack, mRNA",Health,10/11/2024,ne-en,https://nepalfactcheck.org/2024/11/covid-19-vaccine-heart-attack-graphene-oxide-mrna-misinformation/,कोरोना खोपको कारण हृदयघात भएको दावी भ्रामक
NFC_covid-19-vaccine-heart-attack-graphene-oxide-mrna-misinformation,https://nepalfactcheck.org/wp-content/uploads/2024/11/viral-12-300x169.jpg,The claim that COVID-19 vaccines caused heart attacks via graphene oxide or mRNA is misleading and not supported by scientific evidence.,0,Pristine,"COVID-19, Vaccine, Heart Attack, mRNA",Health,10/11/2024,ne-en,https://nepalfactcheck.org/2024/11/covid-19-vaccine-heart-attack-graphene-oxide-mrna-misinformation/,कोरोना खोपको कारण हृदयघात भएको दावी भ्रामक
NFC_fact-check-nic-asia-bank-about-balance-check,https://nepalfactcheck.org/wp-content/uploads/2024/10/viral-4-300x169.jpg,एनआईसी एशिया बैंकको नाममा फर्जी म्यासेज,1,Fabricated,"NIC Asia Bank, Scam, Nepal","Finance, Security",18/10/2024,ne,https://nepalfactcheck.org/2024/10/fact-check-nic-asia-bank-about-balance-check/,एनआइसी एसिया बैङ्कको नाममा भएको नक्कली म्यासेजको वास्तविकता
NFC_fact-check-nic-asia-bank-about-balance-check,https://nepalfactcheck.org/wp-content/uploads/2024/10/viral-4-300x169.jpg,एनआईसी एशिया बैंकको नाममा ब्यालेन्स चेकको नक्कली म्यासेज फैलिएको छ । एनआईसी एशिया बैंकले यो सन्देश पठाएको छैन।,0,Pristine,"NIC Asia Bank, Scam, Nepal","Finance, Security",18/10/2024,ne,https://nepalfactcheck.org/2024/10/fact-check-nic-asia-bank-about-balance-check/,एनआइसी एसिया बैङ्कको नाममा भएको नक्कली म्यासेजको वास्तविकता
NFC_tiktok-ban-misinformation,https://nepalfactcheck.org/wp-content/uploads/2024/12/TIKTOK-1-300x169.jpg,TikTok to be banned worldwide? Viral video claim is misleading,1,Fabricated,"TikTok, Ban, Social Media","Technology, International",05/12/2024,ne-en,https://nepalfactcheck.org/2024/12/tiktok-ban-misinformation/,टिकटक संसारभर बन्द हुने? भाइरल भिडियोको दावी यसकारण भ्रामक
NFC_tiktok-ban-misinformation,https://nepalfactcheck.org/wp-content/uploads/2024/12/TIKTOK-1-300x169.jpg,"The viral claim that TikTok will be banned worldwide is misleading. While TikTok faced a US ban, a global ban has not happened.",0,Pristine,"TikTok, Ban, Social Media","Technology, International",05/12/2024,ne-en,https://nepalfactcheck.org/2024/12/tiktok-ban-misinformation/,टिकटक संसारभर बन्द हुने? भाइरल भिडियोको दावी यसकारण भ्रामक
NFC_tesla-phone-is-not-in-sale-in-nepal,https://nepalfactcheck.org/wp-content/uploads/2025/01/tesla-phone-300x169.png,टेस्ला फोन आएको छ र नेपालमा बिक्रीमा छ,1,Fabricated,"Tesla Phone, Nepal, Sale",Technology,30/01/2025,ne,https://nepalfactcheck.org/2025/01/tesla-phone-is-not-in-sale-in-nepal/,"टेस्ला फोन आइसक्यो, नेपालमा बिक्री भइरहेको छ भन्ने दावीको वास्तविकता के हो?"
NFC_tesla-phone-is-not-in-sale-in-nepal,https://nepalfactcheck.org/wp-content/uploads/2025/01/tesla-phone-300x169.png,टेस्ला फोन नेपालमा आएको र बिक्री भइरहेको दाबी गलत हो । त्यहाँ कुनै टेस्ला फोन उत्पादन छैन।,0,Pristine,"Tesla Phone, Nepal, Sale",Technology,30/01/2025,ne,https://nepalfactcheck.org/2025/01/tesla-phone-is-not-in-sale-in-nepal/,"टेस्ला फोन आइसक्यो, नेपालमा बिक्री भइरहेको छ भन्ने दावीको वास्तविकता के हो?"
NFC_viral-facebook-video-lung-health-breath-holding-claim-fact-check,https://nepalfactcheck.org/wp-content/uploads/2024/12/WhatsApp-Image-2024-12-30-at-12.55.47-300x169.jpeg,Holding breath for a few seconds reveals if lungs are healthy,1,Fabricated,"Lung Health, Breath Holding, COVID-19",Health,08/12/2024,ne-en,https://nepalfactcheck.org/2024/12/viral-facebook-video-lung-health-breath-holding-claim-fact-check/,"भ्रममा नपर्नुस्, केही सेकेण्ड सास रोक्दैमा फोक्सो स्वस्थ भए/नभएको थाहा हुँदैन"
NFC_viral-facebook-video-lung-health-breath-holding-claim-fact-check,https://nepalfactcheck.org/wp-content/uploads/2024/12/WhatsApp-Image-2024-12-30-at-12.55.47-300x169.jpeg,The viral claim that holding your breath for a few seconds tells you if your lungs are healthy is false. This is medical misinformation.,0,Pristine,"Lung Health, Breath Holding, COVID-19",Health,08/12/2024,ne-en,https://nepalfactcheck.org/2024/12/viral-facebook-video-lung-health-breath-holding-claim-fact-check/,"भ्रममा नपर्नुस्, केही सेकेण्ड सास रोक्दैमा फोक्सो स्वस्थ भए/नभएको थाहा हुँदैन"
NFC_prime-minister-oli-ram-kumari-jhakri-deepfake-video,https://nepalfactcheck.org/wp-content/uploads/2025/01/kp-oli-1-300x169.jpg,प्रधानमन्त्री ओली र झंक्री जस्तो भाइरल भिडियो डिपफेक हो,1,Fabricated,"KP Sharma Oli, Ram Kumari Jhankri, Deepfake, AI","Politics, Technology",05/01/2025,ne,https://nepalfactcheck.org/2025/01/prime-minister-oli-ram-kumari-jhakri-deepfake-video/,प्रधानमन्त्री ओली र झाँक्री जस्तै देखिने भाइरल भिडियो डिपफेक प्रविधिबाट बनाइएको नक्कली
NFC_prime-minister-oli-ram-kumari-jhakri-deepfake-video,https://nepalfactcheck.org/wp-content/uploads/2025/01/kp-oli-1-300x169.jpg,प्रधानमन्त्री केपी शर्मा ओली र रामकुमारी झाँक्री सँगै देखिने भाइरल भिडियो एआई प्रविधि प्रयोग गरेर सिर्जना गरिएको डिपफेक हो।,0,Pristine,"KP Sharma Oli, Ram Kumari Jhankri, Deepfake, AI","Politics, Technology",05/01/2025,ne,https://nepalfactcheck.org/2025/01/prime-minister-oli-ram-kumari-jhakri-deepfake-video/,प्रधानमन्त्री ओली र झाँक्री जस्तै देखिने भाइरल भिडियो डिपफेक प्रविधिबाट बनाइएको नक्कली
NFC_viral-video-falsely-claims-couples-must-have-child-after-marriage,https://nepalfactcheck.org/wp-content/uploads/2024/09/child-birth-300x169.jpg,विवाहपछि तुरुन्तै सन्तान जन्माउनुपर्ने भ्रामक दाबीसहितको भिडियो भाइरल भएको छ,1,Fabricated,"Marriage, Child, Nepal Law","Legal, Society",18/09/2024,ne,https://nepalfactcheck.org/2024/09/viral-video-falsely-claims-couples-must-have-child-after-marriage/,बिहे गर्ने बित्तिकै बच्चा जन्माइहाल्नुपर्ने भ्रामक दावीसहितको भिडियो भाइरल
NFC_viral-video-falsely-claims-couples-must-have-child-after-marriage,https://nepalfactcheck.org/wp-content/uploads/2024/09/child-birth-300x169.jpg,भाइरल भिडियोले नेपालको कानुनले दम्पतीले विवाहपछि तुरुन्तै सन्तान जन्माउनु पर्ने दाबी गरेको छ। त्यस्तो कानुन छैन ।,0,Pristine,"Marriage, Child, Nepal Law","Legal, Society",18/09/2024,ne,https://nepalfactcheck.org/2024/09/viral-video-falsely-claims-couples-must-have-child-after-marriage/,बिहे गर्ने बित्तिकै बच्चा जन्माइहाल्नुपर्ने भ्रामक दावीसहितको भिडियो भाइरल
NFC_prime-minister-oli-madan-bhandari-murder-claim-fact-check,https://nepalfactcheck.org/wp-content/uploads/2025/02/kp-madan-300x169.jpg,मदन भण्डारीलाई मार्न भनिएको प्रधानमन्त्री ओलीको भाइरल भिडियोको सत्यता के हो ?,1,Miscaptioned,"KP Sharma Oli, Madan Bhandari, CPN-UML",Politics,28/02/2025,ne,https://nepalfactcheck.org/2025/02/prime-minister-oli-madan-bhandari-murder-claim-fact-check/,के हो मदन भण्डारीलाई मार्न मलाई जिम्मा दिन खोजेको भन्दै गरेको प्रम ओलीको भाइरल भिडियोको तथ्य
NFC_prime-minister-oli-madan-bhandari-murder-claim-fact-check,https://nepalfactcheck.org/wp-content/uploads/2025/02/kp-madan-300x169.jpg,प्रधानमन्त्री केपी शर्मा ओलीले आफूलाई मदन भण्डारीको हत्याको जिम्मा दिएको देखाएको भाइरल भिडियोलाई प्रसंग बाहिर निकालिएको छ । पूर्ण सन्दर्भमा सुन्दा वास्तविक कथन फरक थियो।,0,Pristine,"KP Sharma Oli, Madan Bhandari, CPN-UML",Politics,28/02/2025,ne,https://nepalfactcheck.org/2025/02/prime-minister-oli-madan-bhandari-murder-claim-fact-check/,के हो मदन भण्डारीलाई मार्न मलाई जिम्मा दिन खोजेको भन्दै गरेको प्रम ओलीको भाइरल भिडियोको तथ्य
NFC_judge-lawyer-audio-not-about-rabi-lamichhane,https://nepalfactcheck.org/wp-content/uploads/2025/05/ghus-300x169.jpg,रवि लामिछानेको नाममा नयाँ भ्रम फैलाउने पुरानो घुस काण्डको अडियो,1,Temporal_Mismatch,"Rabi Lamichhane, RSP, Court, Judge","Legal, Politics",01/05/2025,ne,https://nepalfactcheck.org/2025/05/judge-lawyer-audio-not-about-rabi-lamichhane/,घुसकाण्डको पुरानो अडियोले रवि लामिछानेको नाममा छरेको नयाँ भ्रम
NFC_judge-lawyer-audio-not-about-rabi-lamichhane,https://nepalfactcheck.org/wp-content/uploads/2025/05/ghus-300x169.jpg,घुसखोरी काण्डको पुरानो अडियो रेकर्डिङलाई रवि लामिछानेसँग जोडिएको छ । अडियो न्यायाधीश र वकिलको बीचमा उनको मुद्दामा छलफल गर्दैन।,0,Pristine,"Rabi Lamichhane, RSP, Court, Judge","Legal, Politics",01/05/2025,ne,https://nepalfactcheck.org/2025/05/judge-lawyer-audio-not-about-rabi-lamichhane/,घुसकाण्डको पुरानो अडियोले रवि लामिछानेको नाममा छरेको नयाँ भ्रम
NFC_facebook-policy-change-rumor-debunked,https://nepalfactcheck.org/wp-content/uploads/2025/08/facebook-copypasta-msg-1-300x169.png,Facebook introduced new policy to use private photos,1,Fabricated,"Facebook, Privacy Policy, Hoax","Technology, Social Media",01/08/2025,ne-en,https://nepalfactcheck.org/2025/08/facebook-policy-change-rumor-debunked/,फेसबुकले निजी तस्बिर प्रयोग गर्ने नयाँ नियम ल्याएको दावी झुटो
NFC_facebook-policy-change-rumor-debunked,https://nepalfactcheck.org/wp-content/uploads/2025/08/facebook-copypasta-msg-1-300x169.png,The viral chain message claiming Facebook introduced a new policy to use your private photos is false. This is a recurring hoax.,0,Pristine,"Facebook, Privacy Policy, Hoax","Technology, Social Media",01/08/2025,ne-en,https://nepalfactcheck.org/2025/08/facebook-policy-change-rumor-debunked/,फेसबुकले निजी तस्बिर प्रयोग गर्ने नयाँ नियम ल्याएको दावी झुटो
NFC_viral-video-army-vehicles-factcheck,https://nepalfactcheck.org/wp-content/uploads/2025/09/tej-bikram-claim-300x169.png,गलत सूचना फैलाउने लाइभ भिडियो : नेपाली सेनाको नियमित अपरेशन बढाइचढाइ,1,Miscaptioned,"Nepal Army, Military Vehicles","Military, Politics",01/09/2025,ne,https://nepalfactcheck.org/2025/09/viral-video-army-vehicles-factcheck/,भ्रम फैलाउने लाइभ भिडियोः नेपाली सेनाको नियमित कारवाहीलाई अतिरञ्जित बनाइयो
NFC_viral-video-army-vehicles-factcheck,https://nepalfactcheck.org/wp-content/uploads/2025/09/tej-bikram-claim-300x169.png,नेपाली सेनाको नियमित अपरेशनलाई असाधारण वा धम्कीपूर्ण भनी बढाइचढाइ गर्ने लाइभ भिडियो भ्रामक दाबीसहित शेयर गरिएको थियो।,0,Pristine,"Nepal Army, Military Vehicles","Military, Politics",01/09/2025,ne,https://nepalfactcheck.org/2025/09/viral-video-army-vehicles-factcheck/,भ्रम फैलाउने लाइभ भिडियोः नेपाली सेनाको नियमित कारवाहीलाई अतिरञ्जित बनाइयो
NFC_suicide-rates,https://nepalfactcheck.org/wp-content/uploads/2025/05/Kantipur-article-fact-check-1-300x169.png,कान्तिपुरले प्रकाशित गरेको लेखमा आत्महत्या दरका तीनवटा दाबी तथ्यगत रुपमा गलत छन्,1,Miscaptioned,"Kantipur, Suicide Rate, Nepal","Health, Media",05/05/2025,ne,https://nepalfactcheck.org/2025/05/suicide-rates/,कान्तिपुरका प्रकाशित लेखका तीन दावी तथ्यगत रुपमा गलत
NFC_suicide-rates,https://nepalfactcheck.org/wp-content/uploads/2025/05/Kantipur-article-fact-check-1-300x169.png,नेपालमा आत्महत्या दर बारे कान्तिपुर दैनिकले छापेको लेखमा तीनवटा तथ्यपरक दाबी गलत भएको पाइएको छ ।,0,Pristine,"Kantipur, Suicide Rate, Nepal","Health, Media",05/05/2025,ne,https://nepalfactcheck.org/2025/05/suicide-rates/,कान्तिपुरका प्रकाशित लेखका तीन दावी तथ्यगत रुपमा गलत
NFC_onlinekhabar-ai-news-summary-factcheck,https://nepalfactcheck.org/wp-content/uploads/2025/06/OK-ai-fact-check-300x169.jpg,Onlinekhabar AI द्वारा उत्पन्न समाचार सारांशमा गलत जानकारी छ,1,Fabricated,"Onlinekhabar, AI, News Summary","Media, Technology",01/06/2025,ne,https://nepalfactcheck.org/2025/06/onlinekhabar-ai-news-summary-factcheck/,अनलाइनखबरको एआईद्वारा तयार न्युज समरीमा मिथ्या सूचना
NFC_onlinekhabar-ai-news-summary-factcheck,https://nepalfactcheck.org/wp-content/uploads/2025/06/OK-ai-fact-check-300x169.jpg,अनलाइनखबर द्वारा प्रकाशित एआई-उत्पन्न समाचार सारांशमा तथ्यात्मक त्रुटि र गलत जानकारी समावेश छ।,0,Pristine,"Onlinekhabar, AI, News Summary","Media, Technology",01/06/2025,ne,https://nepalfactcheck.org/2025/06/onlinekhabar-ai-news-summary-factcheck/,अनलाइनखबरको एआईद्वारा तयार न्युज समरीमा मिथ्या सूचना
NFC_bhatbhateni-35-skeleton-claim-misleading,https://nepalfactcheck.org/wp-content/uploads/2025/09/bhatbhateni-claim-300x169.jpg,भाटभटेनी चुच्चेपाटीमा ३५ वटा कंकाल फेला नपरेको दाबी भ्रामक,1,Fabricated,"BhatBhateni, Chuchepati, Kathmandu, Skeletons",Society,02/09/2025,ne,https://nepalfactcheck.org/2025/09/bhatbhateni-35-skeleton-claim-misleading/,"भ्रममा नपर्नुस्, चुच्चेपाटीको भाटभटेनीमा ३५ जनाको कंकाल भेटिएको छैन"
NFC_bhatbhateni-35-skeleton-claim-misleading,https://nepalfactcheck.org/wp-content/uploads/2025/09/bhatbhateni-claim-300x169.jpg,चुच्चेपाटीको भाटभटेनी सुपरमार्केटमा ३५ वटा मानव कंकाल फेला परेको दाबी गलत हो ।,0,Pristine,"BhatBhateni, Chuchepati, Kathmandu, Skeletons",Society,02/09/2025,ne,https://nepalfactcheck.org/2025/09/bhatbhateni-35-skeleton-claim-misleading/,"भ्रममा नपर्नुस्, चुच्चेपाटीको भाटभटेनीमा ३५ जनाको कंकाल भेटिएको छैन"
NFC_balens-signature-not-for-rabi-support,https://nepalfactcheck.org/wp-content/uploads/2025/07/balen-in-support-of-rabi-lamichhane-300x169.png,रवि लामिछानेको समर्थनमा बलेन शाहले हस्ताक्षर गरेनन्,1,Fabricated,"Balendra Shah, Balen, Rabi Lamichhane, RSP",Politics,01/07/2025,ne,https://nepalfactcheck.org/2025/07/balens-signature-not-for-rabi-support/,"नझुक्किनुस्, बालेनले रवि लामिछानेको पक्षमा हस्ताक्षर गरेका होइनन्"
NFC_balens-signature-not-for-rabi-support,https://nepalfactcheck.org/wp-content/uploads/2025/07/balen-in-support-of-rabi-lamichhane-300x169.png,काठमाडौंका मेयर बलेन शाहले रवि लामिछानेको पक्षमा कुनै निवेदन वा कागजातमा हस्ताक्षर गरेका छैनन् । दाबी गलत छ।,0,Pristine,"Balendra Shah, Balen, Rabi Lamichhane, RSP",Politics,01/07/2025,ne,https://nepalfactcheck.org/2025/07/balens-signature-not-for-rabi-support/,"नझुक्किनुस्, बालेनले रवि लामिछानेको पक्षमा हस्ताक्षर गरेका होइनन्"
NFC_impeachment-vs-removal-deputy-speaker-nepal,https://nepalfactcheck.org/wp-content/uploads/2025/08/Deputy-speaker-impeachment-300x169.png,के उपसभामुखलाई महाभियोग लगाउन सकिन्छ ? मिडियाको समाचार भ्रामक छ,1,Miscaptioned,"Deputy Speaker, Impeachment, Nepal Parliament","Legal, Politics, Media",08/08/2025,ne,https://nepalfactcheck.org/2025/08/impeachment-vs-removal-deputy-speaker-nepal/,के उपसभामुखलाई महाभियोग लाग्छ? मिडिया समाचार यसकारण भ्रामक
NFC_impeachment-vs-removal-deputy-speaker-nepal,https://nepalfactcheck.org/wp-content/uploads/2025/08/Deputy-speaker-impeachment-300x169.png,"Media reporting about impeachment of the Deputy Speaker used incorrect legal terminology. The correct process is ""removal"", not ""impeachment"" (महाभियोग).",0,Pristine,"Deputy Speaker, Impeachment, Nepal Parliament","Legal, Politics, Media",08/08/2025,ne,https://nepalfactcheck.org/2025/08/impeachment-vs-removal-deputy-speaker-nepal/,के उपसभामुखलाई महाभियोग लाग्छ? मिडिया समाचार यसकारण भ्रामक
NFC_chain-message-about-new-rules-regarding-whatsapp-is-false,https://nepalfactcheck.org/wp-content/uploads/2025/05/whatsapp-factcheck-300x169.jpg,WhatsApp calls will be recorded - viral posts are false,1,Fabricated,"WhatsApp, Call Recording, Privacy","Technology, Privacy",10/05/2025,ne-en,https://nepalfactcheck.org/2025/05/chain-message-about-new-rules-regarding-whatsapp-is-false/,"नझुक्किनुस्, ह्वाट्सएप कलहरु रेकर्ड गरिने भन्दै फैलिएका पोस्ट सही होइन"
NFC_chain-message-about-new-rules-regarding-whatsapp-is-false,https://nepalfactcheck.org/wp-content/uploads/2025/05/whatsapp-factcheck-300x169.jpg,The viral chain message claiming WhatsApp calls will now be recorded is false. WhatsApp uses end-to-end encryption.,0,Pristine,"WhatsApp, Call Recording, Privacy","Technology, Privacy",10/05/2025,ne-en,https://nepalfactcheck.org/2025/05/chain-message-about-new-rules-regarding-whatsapp-is-false/,"नझुक्किनुस्, ह्वाट्सएप कलहरु रेकर्ड गरिने भन्दै फैलिएका पोस्ट सही होइन"
NFC_hpv-vaccine-clinical-trial-nepal-fact-check,https://nepalfactcheck.org/wp-content/uploads/2025/03/vaccine-300x169.png,HPV vaccine clinical trial was not conducted in Nepal - viral claim is false,1,Fabricated,"HPV Vaccine, Clinical Trial, Nepal",Health,05/03/2025,ne-en,https://nepalfactcheck.org/2025/03/hpv-vaccine-clinical-trial-nepal-fact-check/,"नेपालमा एचपीभी खोपको क्लिनिकल ट्रायल गरिएको होइन, भाइरल दावी गलत"
NFC_hpv-vaccine-clinical-trial-nepal-fact-check,https://nepalfactcheck.org/wp-content/uploads/2025/03/vaccine-300x169.png,The claim that HPV vaccine clinical trials were conducted in Nepal is false. Standard vaccine approval processes were followed.,0,Pristine,"HPV Vaccine, Clinical Trial, Nepal",Health,05/03/2025,ne-en,https://nepalfactcheck.org/2025/03/hpv-vaccine-clinical-trial-nepal-fact-check/,"नेपालमा एचपीभी खोपको क्लिनिकल ट्रायल गरिएको होइन, भाइरल दावी गलत"
NFC_prachanda-signature-not-for-lamichhane,https://nepalfactcheck.org/wp-content/uploads/2025/07/prachanda-with-rabi-fact-check-300x169.png,के रवि लामिछानेको समर्थनमा प्रचण्डले हस्ताक्षर गरे ?,1,Fabricated,"Pushpa Kamal Dahal, Prachanda, Rabi Lamichhane, RSP",Politics,05/07/2025,ne,https://nepalfactcheck.org/2025/07/prachanda-signature-not-for-lamichhane/,के प्रचण्डले रवि लामिछानेको पक्षमा हस्ताक्षर गरेका हुन्?
NFC_prachanda-signature-not-for-lamichhane,https://nepalfactcheck.org/wp-content/uploads/2025/07/prachanda-with-rabi-fact-check-300x169.png,रवि लामिछानेको पक्षमा कुनै पनि निवेदनमा पुष्पकमल दाहाल (प्रचण्ड)ले हस्ताक्षर गरेका छैनन् । दाबी गलत छ।,0,Pristine,"Pushpa Kamal Dahal, Prachanda, Rabi Lamichhane, RSP",Politics,05/07/2025,ne,https://nepalfactcheck.org/2025/07/prachanda-signature-not-for-lamichhane/,के प्रचण्डले रवि लामिछानेको पक्षमा हस्ताक्षर गरेका हुन्?
NFC_former-king-gyanendras-passport-cancellation-news-is-misleading,https://nepalfactcheck.org/wp-content/uploads/2025/04/passport-of-former-king-300x169.png,ज्ञानेन्द्रको राहदानी खारेज भएको सञ्चारमाध्यममा भ्रामक खबर आएको छ,1,Miscaptioned,"Gyanendra Shah, Passport, Nepal Government","Politics, Government",02/04/2025,ne,https://nepalfactcheck.org/2025/04/former-king-gyanendras-passport-cancellation-news-is-misleading/,ज्ञानेन्द्रको राहदानी रद्द गर्ने तयारीबारे मिडियाका समाचार यसकारण भ्रामक
NFC_former-king-gyanendras-passport-cancellation-news-is-misleading,https://nepalfactcheck.org/wp-content/uploads/2025/04/passport-of-former-king-300x169.png,पूर्वराजा ज्ञानेन्द्रको राहदानी खारेज गर्ने तयारीबारे सञ्चारमाध्यममा आएका समाचार भ्रामक र आधिकारिक पुष्टि नभएका थिए ।,0,Pristine,"Gyanendra Shah, Passport, Nepal Government","Politics, Government",02/04/2025,ne,https://nepalfactcheck.org/2025/04/former-king-gyanendras-passport-cancellation-news-is-misleading/,ज्ञानेन्द्रको राहदानी रद्द गर्ने तयारीबारे मिडियाका समाचार यसकारण भ्रामक
NFC_pregnancy-photo-kit-hoax,https://nepalfactcheck.org/wp-content/uploads/2025/07/prehnancy-test-kit-300x169.jpg,Technology to show father's photo in pregnancy test kit has not arrived,1,Fabricated,"Pregnancy Kit, Father Photo Hoax","Technology, Health",08/07/2025,ne-en,https://nepalfactcheck.org/2025/07/pregnancy-photo-kit-hoax/,"नझुक्किनुस्, प्रेगनेन्सी टेस्ट किटमा पिताको फोटो देखिने प्रविधि आइसकेको छैन"
NFC_pregnancy-photo-kit-hoax,https://nepalfactcheck.org/wp-content/uploads/2025/07/prehnancy-test-kit-300x169.jpg,The viral claim that a new pregnancy test kit shows the father's photo has not been invented. The claim is false.,0,Pristine,"Pregnancy Kit, Father Photo Hoax","Technology, Health",08/07/2025,ne-en,https://nepalfactcheck.org/2025/07/pregnancy-photo-kit-hoax/,"नझुक्किनुस्, प्रेगनेन्सी टेस्ट किटमा पिताको फोटो देखिने प्रविधि आइसकेको छैन"
NFC_nuwakot-five-babies-viral-photo-ai-misleading,https://nepalfactcheck.org/wp-content/uploads/2025/08/nuwakot-5-babies-300x169.jpg,नुवाकोटकी एक महिलाले पाँच सन्तान जन्माएको भाइरल खबरले भ्रम फैलाएको छ,1,Fabricated,"Nuwakot, Five Babies, AI Generated","Society, Health",10/08/2025,ne,https://nepalfactcheck.org/2025/08/nuwakot-five-babies-viral-photo-ai-misleading/,नुवाकोटकी महिलाले पाँच बच्चा जन्माएको भाइरल सूचनाले यसरी फैलायो भ्रम
NFC_nuwakot-five-babies-viral-photo-ai-misleading,https://nepalfactcheck.org/wp-content/uploads/2025/08/nuwakot-5-babies-300x169.jpg,नुवाकोटकी एक महिलाले पाँच सन्तान जन्माएको भाइरल तस्बिर र दाबी एआईद्वारा निर्मित र भ्रामक छ ।,0,Pristine,"Nuwakot, Five Babies, AI Generated","Society, Health",10/08/2025,ne,https://nepalfactcheck.org/2025/08/nuwakot-five-babies-viral-photo-ai-misleading/,नुवाकोटकी महिलाले पाँच बच्चा जन्माएको भाइरल सूचनाले यसरी फैलायो भ्रम
NFC_prime-minister-oli-did-not-mention-he-pleaded-for-ceasefire-between-india-and-pakistan,https://nepalfactcheck.org/wp-content/uploads/2025/05/deshsanchar-misleading-300x169.jpg,तथ्य जाँचः भारत–पाकिस्तान युद्ध र युद्धविरामबारे प्रधानमन्त्री ओलीले के भने ?,1,Miscaptioned,"KP Sharma Oli, India, Pakistan, Ceasefire","Politics, International",12/05/2025,ne,https://nepalfactcheck.org/2025/05/prime-minister-oli-did-not-mention-he-pleaded-for-ceasefire-between-india-and-pakistan/,तथ्य जाँच : भारत-पाकिस्तान युद्ध बारे प्रधानमन्त्री ओलीले के भनेका हुन् ?
NFC_prime-minister-oli-did-not-mention-he-pleaded-for-ceasefire-between-india-and-pakistan,https://nepalfactcheck.org/wp-content/uploads/2025/05/deshsanchar-misleading-300x169.jpg,प्रधानमन्त्री केपी शर्मा ओलीले भारत र पाकिस्तानबीच युद्धविरामका लागि व्यक्तिगत रुपमा बिन्ती गरेको दाबी गरेका छैनन् । उनको भनाइलाई गलत ढंगले प्रस्तुत गरिएको छ ।,0,Pristine,"KP Sharma Oli, India, Pakistan, Ceasefire","Politics, International",12/05/2025,ne,https://nepalfactcheck.org/2025/05/prime-minister-oli-did-not-mention-he-pleaded-for-ceasefire-between-india-and-pakistan/,तथ्य जाँच : भारत-पाकिस्तान युद्ध बारे प्रधानमन्त्री ओलीले के भनेका हुन् ?
NFC_viral-supadeurali-temple-photo-ai-generated,https://nepalfactcheck.org/wp-content/uploads/2025/09/supa-deurali-300x169.png,सुपादेउराली मन्दिरको भाइरल फोटो वास्तविक होइन,1,Fabricated,"Supadeurali Temple, Arghakhanchi, AI Generated","Religion, Tourism",05/09/2025,ne,https://nepalfactcheck.org/2025/09/viral-supadeurali-temple-photo-ai-generated/,सुपादेउराली मन्दिरको भाइरल फोटो वास्तविक होइन
NFC_viral-supadeurali-temple-photo-ai-generated,https://nepalfactcheck.org/wp-content/uploads/2025/09/supa-deurali-300x169.png,सुपादेउराली मन्दिर (सुपा देउराली) को भाइरल तस्बिर एआई द्वारा निर्मित हो र मन्दिरको वास्तविक फोटो होइन।,0,Pristine,"Supadeurali Temple, Arghakhanchi, AI Generated","Religion, Tourism",05/09/2025,ne,https://nepalfactcheck.org/2025/09/viral-supadeurali-temple-photo-ai-generated/,सुपादेउराली मन्दिरको भाइरल फोटो वास्तविक होइन
NFC_cyber-bureau-cib-misleading,https://nepalfactcheck.org/wp-content/uploads/2025/08/12khari-factcheck-300x169.jpg,साइबर ब्यूरो सीआईबी अन्तर्गत रहेको समाचार गलत हो,1,Fabricated,"Cyber Bureau, CIB, Nepal Police","Legal, Government",12/08/2025,ne,https://nepalfactcheck.org/2025/08/%e0%a4%b8%e0%a4%be%e0%a4%87%e0%a4%ac%e0%a4%b0-%e0%a4%ac%e0%a5%8d%e0%a4%af%e0%a5%81%e0%a4%b0%e0%a5%8b-%e0%a4%b8%e0%a5%80%e0%a4%86%e0%a4%87%e0%a4%ac%e0%a5%80-%e0%a4%ae%e0%a4%be%e0%a4%a4%e0%a4%b9/,साइबर ब्युरो सीआइबीको मातहतमा रहेको समाचार गलत
NFC_cyber-bureau-cib-misleading,https://nepalfactcheck.org/wp-content/uploads/2025/08/12khari-factcheck-300x169.jpg,साइबर ब्यूरो केन्द्रीय अनुसन्धान ब्यूरो (सिआइबी) अन्तर्गत पर्ने दाबी गर्ने समाचार गलत हो । यी छुट्टाछुट्टै संस्था हुन्।,0,Pristine,"Cyber Bureau, CIB, Nepal Police","Legal, Government",12/08/2025,ne,https://nepalfactcheck.org/2025/08/%e0%a4%b8%e0%a4%be%e0%a4%87%e0%a4%ac%e0%a4%b0-%e0%a4%ac%e0%a5%8d%e0%a4%af%e0%a5%81%e0%a4%b0%e0%a5%8b-%e0%a4%b8%e0%a5%80%e0%a4%86%e0%a4%87%e0%a4%ac%e0%a5%80-%e0%a4%ae%e0%a4%be%e0%a4%a4%e0%a4%b9/,साइबर ब्युरो सीआइबीको मातहतमा रहेको समाचार गलत
NFC_see-exam-not-cancelled-claim-misleading,https://nepalfactcheck.org/wp-content/uploads/2025/04/SEE-300x169.png,के अर्को वर्षबाट हुने SEE परिक्षा रद्द हुने ?,1,Fabricated,"SEE Exam, Nepal Education Board",Education,05/04/2025,ne,https://nepalfactcheck.org/2025/04/see-exam-not-cancelled-claim-misleading/,के आगामी वर्षदेखि एसइइ परीक्षा नहुने भएको हो ?
NFC_see-exam-not-cancelled-claim-misleading,https://nepalfactcheck.org/wp-content/uploads/2025/04/SEE-300x169.png,एसईई (माध्यमिक शिक्षा परीक्षा) अर्को वर्षबाट रद्द हुने दाबी गलत र भ्रामक छ ।,0,Pristine,"SEE Exam, Nepal Education Board",Education,05/04/2025,ne,https://nepalfactcheck.org/2025/04/see-exam-not-cancelled-claim-misleading/,के आगामी वर्षदेखि एसइइ परीक्षा नहुने भएको हो ?
NFC_rpp-balaju-indian-flag-photo-fake,https://nepalfactcheck.org/wp-content/uploads/2025/04/balkhu-300x169.jpg,राप्रपाको र्‍यालीमा भारतीय झण्डा ? सम्पादित तस्बिर प्रयोग गरेर गलत सूचना फैलियो,1,Fabricated,"RPP, Balaju, Indian Flag, Edited Photo",Politics,08/04/2025,ne,https://nepalfactcheck.org/2025/04/rpp-balaju-indian-flag-photo-fake/,राप्रपाको प्रदर्शनमा भारतीय झण्डा? सम्पादित फोटोका भरमा फैलाइएको भ्रम
NFC_rpp-balaju-indian-flag-photo-fake,https://nepalfactcheck.org/wp-content/uploads/2025/04/balkhu-300x169.jpg,राप्रपा (राष्ट्रिय प्रजातन्त्र पार्टी) को जुलुसमा भारतीय झण्डा देखाएको डिजिटल सम्पादन गरिएको तस्बिर झुटो प्रचार गरिएको थियो ।,0,Pristine,"RPP, Balaju, Indian Flag, Edited Photo",Politics,08/04/2025,ne,https://nepalfactcheck.org/2025/04/rpp-balaju-indian-flag-photo-fake/,राप्रपाको प्रदर्शनमा भारतीय झण्डा? सम्पादित फोटोका भरमा फैलाइएको भ्रम
NFC_private-plane-misleading-news,https://nepalfactcheck.org/wp-content/uploads/2025/07/FACT-CHECK-1-300x169.webp,नेपालीले निजी विमान खरिद गर्न पाउने व्यवस्था अहिलेसम्म कार्यान्वयन हुन सकेको छैन,1,Fabricated,"Private Plane, Nepal, Aviation Law","Government, Transport",12/07/2025,ne,https://nepalfactcheck.org/2025/07/private-plane-misleading-news/,"नझुक्किनुस्, नेपालीले पनि निजी जहाज किन्न पाउने व्यवस्था लागू भइसकेको छैन"
NFC_private-plane-misleading-news,https://nepalfactcheck.org/wp-content/uploads/2025/07/FACT-CHECK-1-300x169.webp,नेपालीले निजी विमान किन्न दिने नयाँ नियम लागू गरेको भाइरल दाबी गलत हो । त्यस्तो कुनै नीति लागू हुँदैन ।,0,Pristine,"Private Plane, Nepal, Aviation Law","Government, Transport",12/07/2025,ne,https://nepalfactcheck.org/2025/07/private-plane-misleading-news/,"नझुक्किनुस्, नेपालीले पनि निजी जहाज किन्न पाउने व्यवस्था लागू भइसकेको छैन"
NFC_genz-against-corruption-not-hindu-nation,https://nepalfactcheck.org/wp-content/uploads/2025/09/SEE-1-300x169.jpg,Gen-Z आन्दोलन हिन्दू राष्ट्रको मागका लागि भएको दाबी गर्ने भारतबाट गलत सूचना,1,Miscaptioned,"Gen-Z, Hindu Nation, Nepal, India","Politics, Society",08/09/2025,ne,https://nepalfactcheck.org/2025/09/genz-against-corruption-not-hindu-nation/,जेन-जीको आन्दोलन हिन्दू राष्ट्रको मागका लागि भन्दै भ्रामक सूचना भारतबाट फैलाइयो
NFC_genz-against-corruption-not-hindu-nation,https://nepalfactcheck.org/wp-content/uploads/2025/09/SEE-1-300x169.jpg,भारतबाट नेपाललाई हिन्दू राष्ट्र बनाउने उद्देश्यले नेपालको जेन-जेड आन्दोलनको भ्रामक सूचना फैलाइएको थियो। जेन-जेड आन्दोलन भ्रष्टाचार विरुद्ध थियो।,0,Pristine,"Gen-Z, Hindu Nation, Nepal, India","Politics, Society",08/09/2025,ne,https://nepalfactcheck.org/2025/09/genz-against-corruption-not-hindu-nation/,जेन-जीको आन्दोलन हिन्दू राष्ट्रको मागका लागि भन्दै भ्रामक सूचना भारतबाट फैलाइयो
NFC_journalist-suresh-rajak-postmortem-bullet-claim-false,https://nepalfactcheck.org/wp-content/uploads/2025/03/rajak-300x169.jpg,"पत्रकार सुरेश रजकको पोष्टमार्टम भएन, शरीरमा गोली लागेको खबर गलत",1,Fabricated,"Suresh Rajak, Journalist, Nepal","Media, Legal",15/03/2025,ne,https://nepalfactcheck.org/2025/03/journalist-suresh-rajak-postmortem-bullet-claim-false/,"पत्रकार रजकको पोस्टमार्टम गरिएकै छैन, शरीरमा गोली भेटिएको खबर गलत"
NFC_journalist-suresh-rajak-postmortem-bullet-claim-false,https://nepalfactcheck.org/wp-content/uploads/2025/03/rajak-300x169.jpg,पोष्टमार्टमपछि पत्रकार सुरेश रजकको शवमा गोली फेला परेको समाचार झुटो भएको छ । पोस्टमार्टम प्रकाशनको समयमा गरिएको थिएन।,0,Pristine,"Suresh Rajak, Journalist, Nepal","Media, Legal",15/03/2025,ne,https://nepalfactcheck.org/2025/03/journalist-suresh-rajak-postmortem-bullet-claim-false/,"पत्रकार रजकको पोस्टमार्टम गरिएकै छैन, शरीरमा गोली भेटिएको खबर गलत"
NFC_national-flag-was-not-at-half-mast-in-uml-event,https://nepalfactcheck.org/wp-content/uploads/2025/04/flag-half-mast-300x169.jpg,एमालेको कार्यक्रममा राष्ट्रिय झण्डा आधा झुकिएको दाबीको तथ्य जाँचः भ्रम वा वास्तविकता ?,1,Miscaptioned,"National Flag, CPN-UML, Half Mast",Politics,12/04/2025,ne,https://nepalfactcheck.org/2025/04/national-flag-was-not-at-half-mast-in-uml-event/,राष्ट्रिय झण्डा आधा झुकाइएको दावीको तथ्यजाँच: भ्रम कि वास्तविकता?
NFC_national-flag-was-not-at-half-mast-in-uml-event,https://nepalfactcheck.org/wp-content/uploads/2025/04/flag-half-mast-300x169.jpg,एमालेको कार्यक्रममा राष्ट्रिय झण्डा आधा झुकिएको दाबी भ्रामक छ । झण्डा स्थिति अन्य कारणले गर्दा थियो।,0,Pristine,"National Flag, CPN-UML, Half Mast",Politics,12/04/2025,ne,https://nepalfactcheck.org/2025/04/national-flag-was-not-at-half-mast-in-uml-event/,राष्ट्रिय झण्डा आधा झुकाइएको दावीको तथ्यजाँच: भ्रम कि वास्तविकता?
NFC_nepal-army-2,https://nepalfactcheck.org/wp-content/uploads/2025/03/army-300x169.jpg,तथ्य जाँच: सेना प्रमुखलाई जिम्मेवार भाइरल भइरहेको दाबी गलत हो,1,Fabricated,"Nepal Army Chief, Nepal Army","Military, Politics",20/03/2025,ne,https://nepalfactcheck.org/2025/03/nepal-army-2/,तथ्य जाँच : प्रधानसेनापतिको भनाइ भन्दै भाइरल भएको दाबी मिथ्या
NFC_nepal-army-2,https://nepalfactcheck.org/wp-content/uploads/2025/03/army-300x169.jpg,नेपाली सेना प्रमुखको भाइरल दाबी गलत हो । उनले त्यस्तो अभिव्यक्ति दिएनन् ।,0,Pristine,"Nepal Army Chief, Nepal Army","Military, Politics",20/03/2025,ne,https://nepalfactcheck.org/2025/03/nepal-army-2/,तथ्य जाँच : प्रधानसेनापतिको भनाइ भन्दै भाइरल भएको दाबी मिथ्या
NFC_relationship-insurance,https://nepalfactcheck.org/wp-content/uploads/2025/05/IK-FACT-CHECK-300x169.png,सम्बन्ध बीमा: अप्रिल फूलको मजाक समाचार बन्यो,1,Fabricated,"Relationship Insurance, April Fool, Nepal","Society, Media",15/05/2025,ne,https://nepalfactcheck.org/2025/05/relationship-insurance/,रिलेसनसिप इन्स्योरेन्स : अप्रिल फूलको मजाक बन्यो समाचार
NFC_relationship-insurance,https://nepalfactcheck.org/wp-content/uploads/2025/05/IK-FACT-CHECK-300x169.png,"नेपालमा ""सम्बन्ध बीमा"" को बारेमा समाचार अप्रिल फूल डे मजाक थियो जुन केहि आउटलेटहरू द्वारा वास्तविक समाचारको रूपमा रिपोर्ट गरिएको थियो।",0,Pristine,"Relationship Insurance, April Fool, Nepal","Society, Media",15/05/2025,ne,https://nepalfactcheck.org/2025/05/relationship-insurance/,रिलेसनसिप इन्स्योरेन्स : अप्रिल फूलको मजाक बन्यो समाचार
NFC_farmers-protest-gujarat-not-nepal,https://nepalfactcheck.org/wp-content/uploads/2025/08/milk-protest-300x169.png,किसानले विरोधमा दूध खन्याएको भाइरल भिडियो नेपालको होइन भारतको हो,1,Geographic_Mismatch,"Nepal, India, Gujarat, Farmers Protest","Agriculture, Society",15/08/2025,ne,https://nepalfactcheck.org/2025/08/farmers-protest-gujarat-not-nepal/,किसानले दुध पोखेर आन्दोलन गरिरहेको भाइरल भिडियो नेपालको हैन भारतको
NFC_farmers-protest-gujarat-not-nepal,https://nepalfactcheck.org/wp-content/uploads/2025/08/milk-protest-300x169.png,"किसानले विरोधमा दूध खन्याएको भाइरल भिडियो नेपालको होइन, भारतको गुजरातको हो ।",0,Pristine,"Nepal, India, Gujarat, Farmers Protest","Agriculture, Society",15/08/2025,ne,https://nepalfactcheck.org/2025/08/farmers-protest-gujarat-not-nepal/,किसानले दुध पोखेर आन्दोलन गरिरहेको भाइरल भिडियो नेपालको हैन भारतको
NFC_pashupatinath-temple-spire-fall-false-claim-review,https://nepalfactcheck.org/wp-content/uploads/2025/03/pashupati-300x169.jpg,तथ्य जाँचः के पशुपतिनाथ मन्दिरको शिखर ढलेको छ ?,1,Fabricated,"Pashupatinath, Temple, Kathmandu",Religion,25/03/2025,ne,https://nepalfactcheck.org/2025/03/pashupatinath-temple-spire-fall-false-claim-review/,तथ्य जाँच : के पशुपतिनाथ मन्दिरको गजुर खसेको हो?
NFC_pashupatinath-temple-spire-fall-false-claim-review,https://nepalfactcheck.org/wp-content/uploads/2025/03/pashupati-300x169.jpg,पशुपतिनाथ मन्दिरको सुनको शिखर (गजुर) ढलेको दाबी गलत हो । मन्दिरको संरचना यथावत छ ।,0,Pristine,"Pashupatinath, Temple, Kathmandu",Religion,25/03/2025,ne,https://nepalfactcheck.org/2025/03/pashupatinath-temple-spire-fall-false-claim-review/,तथ्य जाँच : के पशुपतिनाथ मन्दिरको गजुर खसेको हो?
NFC_polio-vaccine-misleading-claims-about-monkey-kidney-cells,https://nepalfactcheck.org/wp-content/uploads/2025/03/polio-300x169.jpg,Rumor that monkey kidney cells are mixed in polio vaccine is misleading,1,Fabricated,"Polio Vaccine, Monkey Cells, Nepal",Health,28/03/2025,ne-en,https://nepalfactcheck.org/2025/03/polio-vaccine-misleading-claims-about-monkey-kidney-cells/,पोलियो खोपमा बाँदरको कोशिका मिसाइएको भनेर फैलाइएको हल्ला भ्रामक
NFC_polio-vaccine-misleading-claims-about-monkey-kidney-cells,https://nepalfactcheck.org/wp-content/uploads/2025/03/polio-300x169.jpg,The claim that monkey kidney cells are mixed into polio vaccines is misleading. The manufacturing process uses controlled cell cultures that undergo extensive processing.,0,Pristine,"Polio Vaccine, Monkey Cells, Nepal",Health,28/03/2025,ne-en,https://nepalfactcheck.org/2025/03/polio-vaccine-misleading-claims-about-monkey-kidney-cells/,पोलियो खोपमा बाँदरको कोशिका मिसाइएको भनेर फैलाइएको हल्ला भ्रामक
NFC_false-claim-of-nepal-army-in-gujrat,https://nepalfactcheck.org/wp-content/uploads/2025/05/nepal-army-in-india-1-300x169.png,नेपाली सेना भारतको गुजरातमा रहेको भाइरल भिडियो वास्तवमा काठमाडौंको हो,1,Geographic_Mismatch,"Nepal Army, Gujarat, India, Kathmandu",Military,18/05/2025,ne,https://nepalfactcheck.org/2025/05/false-claim-of-nepal-army-in-gujrat/,भारतको गुजरातमा नेपाली सेना भन्दै भाइरल भएको भिडियो वास्तवमा काठमाडौँको
NFC_false-claim-of-nepal-army-in-gujrat,https://nepalfactcheck.org/wp-content/uploads/2025/05/nepal-army-in-india-1-300x169.png,भारतको गुजरातमा रहेको नेपाली सेना देखाउँदै शेयर गरिएको भिडियो वास्तवमा नेपालको काठमाडौंको हो ।,0,Pristine,"Nepal Army, Gujarat, India, Kathmandu",Military,18/05/2025,ne,https://nepalfactcheck.org/2025/05/false-claim-of-nepal-army-in-gujrat/,भारतको गुजरातमा नेपाली सेना भन्दै भाइरल भएको भिडियो वास्तवमा काठमाडौँको
NFC_siraha-kalash-yatra-video-depicted-as-janakpur-protest,https://nepalfactcheck.org/wp-content/uploads/2025/04/WhatsApp-Image-2025-04-09-at-11.14.17-AM-300x169.jpeg,जनकपुरको विरोध प्रदर्शनको भाइरल भिडियो वास्तवमा सिरहाको हो,1,Geographic_Mismatch,"Janakpur, Siraha, Kalash Yatra, Protest","Society, Religion",18/04/2025,ne,https://nepalfactcheck.org/2025/04/siraha-kalash-yatra-video-depicted-as-janakpur-protest/,जनकपुरको प्रदर्शन भन्दै भाइरल भिडियो वास्तवमा सिराहाको
NFC_siraha-kalash-yatra-video-depicted-as-janakpur-protest,https://nepalfactcheck.org/wp-content/uploads/2025/04/WhatsApp-Image-2025-04-09-at-11.14.17-AM-300x169.jpeg,जनकपुरबाट विरोधका रूपमा सेयर गरिएको भाइरल भिडियो वास्तवमा सिरहा जिल्लाको कलश यात्रा (धार्मिक जुलुस) को हो ।,0,Pristine,"Janakpur, Siraha, Kalash Yatra, Protest","Society, Religion",18/04/2025,ne,https://nepalfactcheck.org/2025/04/siraha-kalash-yatra-video-depicted-as-janakpur-protest/,जनकपुरको प्रदर्शन भन्दै भाइरल भिडियो वास्तवमा सिराहाको
NFC_balen-shah-setopati-false-claim-fact-check,https://nepalfactcheck.org/wp-content/uploads/2025/04/balkhu-1-300x169.jpg,के मेयर बलेनले e-BPS कार्यविधिमा नभएको भन्दै स्टेटस लेख्नुभएको थियो ?,1,Miscaptioned,"Balendra Shah, Balen, Setopati, Kathmandu","Politics, Government",22/04/2025,ne,https://nepalfactcheck.org/2025/04/balen-shah-setopati-false-claim-fact-check/,के मेयर बालेनले कार्यविधिमा नभएको इ-बीपीएसबारे उल्लेख गर्दै स्टायटस लेखेका हुन्?
NFC_balen-shah-setopati-false-claim-fact-check,https://nepalfactcheck.org/wp-content/uploads/2025/04/balkhu-1-300x169.jpg,मेयर बलेन शाहको फेसबुक स्टाटसमा ई–बिपिएससँग सम्बन्धित विषय उल्लेख गरिएको दाबी गलत हो । सेतोपाटीलाई दिइएको दाबी गलत थियो।,0,Pristine,"Balendra Shah, Balen, Setopati, Kathmandu","Politics, Government",22/04/2025,ne,https://nepalfactcheck.org/2025/04/balen-shah-setopati-false-claim-fact-check/,के मेयर बालेनले कार्यविधिमा नभएको इ-बीपीएसबारे उल्लेख गर्दै स्टायटस लेखेका हुन्?
NFC_tire-throw-video-from-guatemala,https://nepalfactcheck.org/wp-content/uploads/2025/08/gorakhkali-tyre-protest-claim-1-300x169.png,टेबुलमा टायर फालेको भाइरल भिडियो नेपालको होइन,1,Geographic_Mismatch,"Tire Throw, Guatemala, Nepal",Society,18/08/2025,ne,https://nepalfactcheck.org/2025/08/tire-throw-video-from-guatemala/,टेबलमा टायर फ्याँकेको भाइरल भिडियो नेपालको होइन
NFC_tire-throw-video-from-guatemala,https://nepalfactcheck.org/wp-content/uploads/2025/08/gorakhkali-tyre-protest-claim-1-300x169.png,कसैले टायर फालेको भाइरल भिडियो नेपालको होइन ग्वाटेमालाको हो ।,0,Pristine,"Tire Throw, Guatemala, Nepal",Society,18/08/2025,ne,https://nepalfactcheck.org/2025/08/tire-throw-video-from-guatemala/,टेबलमा टायर फ्याँकेको भाइरल भिडियो नेपालको होइन
NFC_viral-naked-protest-video-misleading,https://nepalfactcheck.org/wp-content/uploads/2025/07/singhadurbar-protest-fact-check-300x169.png,सिंहदरबारमा नाङ्गो विरोध: भ्रामक दाबी गर्दै पुरानो भिडियो हालै फैलाइँदै,1,Temporal_Mismatch,"Singha Durbar, Naked Protest, Kathmandu","Society, Politics",15/07/2025,ne,https://nepalfactcheck.org/2025/07/viral-naked-protest-video-misleading/,सिंहदरबारमा नग्न प्रदर्शन : पुरानो भिडियो हालको भन्दै फैलाइँदैछ भ्रामक दाबी
NFC_viral-naked-protest-video-misleading,https://nepalfactcheck.org/wp-content/uploads/2025/07/singhadurbar-protest-fact-check-300x169.png,सिंहदरबारमा भएको नग्न विरोधको भाइरल भिडियो पुरानो हो र यो हालैको घटना हो जस्तो गरी सेयर भइरहेको छ ।,0,Pristine,"Singha Durbar, Naked Protest, Kathmandu","Society, Politics",15/07/2025,ne,https://nepalfactcheck.org/2025/07/viral-naked-protest-video-misleading/,सिंहदरबारमा नग्न प्रदर्शन : पुरानो भिडियो हालको भन्दै फैलाइँदैछ भ्रामक दाबी
NFC_there-is-no-muslim-expulsion-campaign-in-nepal,https://nepalfactcheck.org/wp-content/uploads/2025/03/False-Muslim-expulsion-campaign-in-nepal-300x169.png,नेपालमा मुस्लिम निष्कासन अभियान छैन - भाइरल भिडियो भ्रामक छ,1,Fabricated,"Muslim, Nepal, Expulsion Campaign","Society, Religion",30/03/2025,ne,https://nepalfactcheck.org/2025/03/there-is-no-muslim-expulsion-campaign-in-nepal/,"नेपालमा मुसलमान भगाऊ अभियान सुरु गरिएको छैन, भाइरल भिडियो भ्रामक"
NFC_there-is-no-muslim-expulsion-campaign-in-nepal,https://nepalfactcheck.org/wp-content/uploads/2025/03/False-Muslim-expulsion-campaign-in-nepal-300x169.png,"नेपालमा ""मुस्लिम निष्कासन अभियान"" भैरहेको दाबी गर्ने भाइरल भिडियो भ्रामक छ। यस्तो संगठित अभियान छैन।",0,Pristine,"Muslim, Nepal, Expulsion Campaign","Society, Religion",30/03/2025,ne,https://nepalfactcheck.org/2025/03/there-is-no-muslim-expulsion-campaign-in-nepal/,"नेपालमा मुसलमान भगाऊ अभियान सुरु गरिएको छैन, भाइरल भिडियो भ्रामक"
NFC_misinformation-about-expm-wife,https://nepalfactcheck.org/wp-content/uploads/2025/09/jhalanath-300x169.jpg,पूर्वप्रधानमन्त्री झलनाथ खनालकी श्रीमतीको निधन भएको दाबी गलत भएको छ,1,Fabricated,"Jhalanath Khanal, Nepal","Society, Politics",10/09/2025,ne,https://nepalfactcheck.org/2025/09/misinformation-about-expm-wife/,"पूर्व प्रधानमन्त्री झलनाथ खनालकी श्रीमतीको उपचार हुँदै, निधनको खबर मिथ्या"
NFC_misinformation-about-expm-wife,https://nepalfactcheck.org/wp-content/uploads/2025/09/jhalanath-300x169.jpg,पूर्वप्रधानमन्त्री झलनाथ खनालकी श्रीमतीको निधन भएको दाबी गलत हो । त्यतिबेला उनको उपचार भइरहेको थियो ।,0,Pristine,"Jhalanath Khanal, Nepal","Society, Politics",10/09/2025,ne,https://nepalfactcheck.org/2025/09/misinformation-about-expm-wife/,"पूर्व प्रधानमन्त्री झलनाथ खनालकी श्रीमतीको उपचार हुँदै, निधनको खबर मिथ्या"
NFC_prachanda-has-not-accepted-indian-intelligence-agencies-support-in-peoples-war,https://nepalfactcheck.org/wp-content/uploads/2025/05/prachanda-misleading-video-300x169.png,प्रचण्डको सम्पादित भिडियो भारतीय गुप्तचरको सहयोगको झुटो दाबीसहित फैलियो,1,Fabricated,"Pushpa Kamal Dahal, Prachanda, India, RAW, Maoist",Politics,20/05/2025,ne,https://nepalfactcheck.org/2025/05/prachanda-has-not-accepted-indian-intelligence-agencies-support-in-peoples-war/,प्रचण्डको सम्पादित भिडियो गलत दावीका साथ फैलाइयो
NFC_prachanda-has-not-accepted-indian-intelligence-agencies-support-in-peoples-war,https://nepalfactcheck.org/wp-content/uploads/2025/05/prachanda-misleading-video-300x169.png,प्रचण्डले जनयुद्धका क्रममा भारतीय गुप्तचर निकायबाट सहयोग पाएको स्वीकार गरेको झुटो दाबीसहितको सम्पादित भिडियो फैलाइएको थियो ।,0,Pristine,"Pushpa Kamal Dahal, Prachanda, India, RAW, Maoist",Politics,20/05/2025,ne,https://nepalfactcheck.org/2025/05/prachanda-has-not-accepted-indian-intelligence-agencies-support-in-peoples-war/,प्रचण्डको सम्पादित भिडियो गलत दावीका साथ फैलाइयो
NFC_threekune-protest-tear-gas-national-anthem-deepfake-fact-check,https://nepalfactcheck.org/wp-content/uploads/2025/04/tinkune-1-300x169.jpg,के राष्ट्रिय गान बजिरहेको बेला स्टेजमा अश्रुग्यास पुगेको भिडियो दाबी गरिए अनुसार ?,1,Fabricated,"Tinkune, Teargas, National Anthem, Deepfake, Nepal Police","Politics, Society",30/04/2025,ne,https://nepalfactcheck.org/2025/04/threekune-protest-tear-gas-national-anthem-deepfake-fact-check/,के राष्ट्रगान बजिरहेकै बेला मञ्चमा अश्रुग्यास पुगेको भिडियो दावी गरिए जस्तै डिपफेक हो?
NFC_threekune-protest-tear-gas-national-anthem-deepfake-fact-check,https://nepalfactcheck.org/wp-content/uploads/2025/04/tinkune-1-300x169.jpg,तीनकुने आन्दोलनमा राष्ट्रिय गानको क्रममा स्टेजमा अश्रुग्यास पुगेको भिडियो प्रहरीको दाबी अनुसार डिपफेक होइन । भिडियो वास्तविक र प्रमाणित छ।,0,Pristine,"Tinkune, Teargas, National Anthem, Deepfake, Nepal Police","Politics, Society",30/04/2025,ne,https://nepalfactcheck.org/2025/04/threekune-protest-tear-gas-national-anthem-deepfake-fact-check/,के राष्ट्रगान बजिरहेकै बेला मञ्चमा अश्रुग्यास पुगेको भिडियो दावी गरिए जस्तै डिपफेक हो?
NFC_hundi-karobari,https://nepalfactcheck.org/wp-content/uploads/2025/03/a9bdfd9f-804a-4fb8-ae73-0b4cc2598d8e-300x169.jpeg,"फेसबुकमा भाइरल तस्बिरको सत्यता : न राजनीतिज्ञ, न बैंक लुटेरा, उनी हुण्डी व्यापारी हुन् अभियुक्त",1,Identity_Mismatch,"Hundi, Illegal Money Transfer, Nepal","Legal, Finance",10/03/2025,ne,https://nepalfactcheck.org/2025/03/hundi-karobari/,"फेसबुकमा भाइरल फोटोको तथ्य: न नेता, न बैँक लुटेरा, उनी हुन् हुण्डी कारोबारका अभियुक्त"
NFC_hundi-karobari,https://nepalfactcheck.org/wp-content/uploads/2025/03/a9bdfd9f-804a-4fb8-ae73-0b4cc2598d8e-300x169.jpeg,"भाइरल तस्बिरमा या त राजनीतिज्ञ वा बैंक लुटेरा देखाइएको दाबी गरिएको छ, तर व्यक्तिलाई वास्तवमा हुण्डी (अवैध पैसा ट्रान्सफर) कारोवार गरेको आरोप लगाइएको छ।",0,Pristine,"Hundi, Illegal Money Transfer, Nepal","Legal, Finance",10/03/2025,ne,https://nepalfactcheck.org/2025/03/hundi-karobari/,"फेसबुकमा भाइरल फोटोको तथ्य: न नेता, न बैँक लुटेरा, उनी हुन् हुण्डी कारोबारका अभियुक्त"
NFC_tinkune-incident-cremation-false-claim-viral-video-debunked,https://nepalfactcheck.org/wp-content/uploads/2025/04/tinkune-300x169.jpg,तीनकुने घटनामा ज्यान गुमाएकाहरुको दाहसंस्कार अघि नै झुटो दाबी भाइरल भएको भिडियो,1,Fabricated,"Tinkune, Cremation, Nepal Protest","Society, Politics",25/04/2025,ne,https://nepalfactcheck.org/2025/04/tinkune-incident-cremation-false-claim-viral-video-debunked/,तीनकुने घटनामा मृत्यु भएकाको अन्त्येष्टि नै नहुँदै मिथ्या दावीसहितको भिडियो भाइरल
NFC_tinkune-incident-cremation-false-claim-viral-video-debunked,https://nepalfactcheck.org/wp-content/uploads/2025/04/tinkune-300x169.jpg,तीनकुने घटनामा मृत्यु भएकाको दाहसंस्कार हुनुअघि नै झुटो दाबीसहितको भिडियो भाइरल भइरहेको थियो ।,0,Pristine,"Tinkune, Cremation, Nepal Protest","Society, Politics",25/04/2025,ne,https://nepalfactcheck.org/2025/04/tinkune-incident-cremation-false-claim-viral-video-debunked/,तीनकुने घटनामा मृत्यु भएकाको अन्त्येष्टि नै नहुँदै मिथ्या दावीसहितको भिडियो भाइरल
NFC_gagan-thapa-hiterendra-dev-shakya-photo-misleading,https://nepalfactcheck.org/wp-content/uploads/2025/03/gagan-thapa-1-300x169.png,तस्बिर साँचो तर प्रसंग गलत - हितेन्द्र देव शाक्यसँग गगन थापा भेटेको तस्बिर भाइरल,1,Miscaptioned,"Gagan Thapa, Hitendra Dev Shakya, Nepali Congress",Politics,12/03/2025,ne,https://nepalfactcheck.org/2025/03/gagan-thapa-hiterendra-dev-shakya-photo-misleading/,"फोटो त सही हो, तर सन्दर्भ गलत! गगन थापाले हितेन्द्र देव शाक्यलाई भेटेको भाइरल फोटोको तथ्य"
NFC_gagan-thapa-hiterendra-dev-shakya-photo-misleading,https://nepalfactcheck.org/wp-content/uploads/2025/03/gagan-thapa-1-300x169.png,"हितेन्द्रदेव शाक्यसँगको गगन थापाको तस्बिर वास्तविक हो, तर दाबी गरिएको सन्दर्भ गलत हो । भेट फरक प्रसंगबाट भएको थियो ।",0,Pristine,"Gagan Thapa, Hitendra Dev Shakya, Nepali Congress",Politics,12/03/2025,ne,https://nepalfactcheck.org/2025/03/gagan-thapa-hiterendra-dev-shakya-photo-misleading/,"फोटो त सही हो, तर सन्दर्भ गलत! गगन थापाले हितेन्द्र देव शाक्यलाई भेटेको भाइरल फोटोको तथ्य"
NFC_batauli-viral-photo,https://nepalfactcheck.org/wp-content/uploads/2025/03/batauli-300x169.jpg,"बटौलीमा बसका लागि लाइनमा बसेका जनता ? होइन, यो भाइरल फोटोको सत्य हो",1,Miscaptioned,"Batauli, Bus, Queue, Butwal","Society, Transport",14/03/2025,ne,https://nepalfactcheck.org/2025/03/batauli-viral-photo/,"बटौलीमा बस चढ्न line लागेको? होइन, भाइरल फोटोको तथ्य यस्तो"
NFC_batauli-viral-photo,https://nepalfactcheck.org/wp-content/uploads/2025/03/batauli-300x169.jpg,भाइरल तस्बिरले बटौलीमा बसका लागि लाइनमा बसेको देखाएको दाबी गरिएको थियो तर वास्तविक प्रसंग अर्कै थियो ।,0,Pristine,"Batauli, Bus, Queue, Butwal","Society, Transport",14/03/2025,ne,https://nepalfactcheck.org/2025/03/batauli-viral-photo/,"बटौलीमा बस चढ्न line लागेको? होइन, भाइरल फोटोको तथ्य यस्तो"
NFC_helmate,https://nepalfactcheck.org/wp-content/uploads/2025/03/helmate-300x169.jpg,"मोटरसाइकल चलाउनेलाई अनिवार्य हेल्मेट नयाँ होइन, पुरानो नियम !",1,Temporal_Mismatch,"Helmet, Motorcycle, Traffic Law, Nepal","Legal, Transport",18/03/2025,ne,https://nepalfactcheck.org/2025/03/helmate/,"मोटरसाइकलमा पछाडि बस्ने यात्रुका लागि हेल्मेट अनिवार्य नयाँ होइन, पुरानै नियम हो!"
NFC_helmate,https://nepalfactcheck.org/wp-content/uploads/2025/03/helmate-300x169.jpg,मोटरसाइकल चालकका लागि हेल्मेट अनिवार्य बनाउने नयाँ नियम लागू भएको भाइरल दाबी भ्रामक छ । यो नियम लामो समय देखि लागू छ।,0,Pristine,"Helmet, Motorcycle, Traffic Law, Nepal","Legal, Transport",18/03/2025,ne,https://nepalfactcheck.org/2025/03/helmate/,"मोटरसाइकलमा पछाडि बस्ने यात्रुका लागि हेल्मेट अनिवार्य नयाँ होइन, पुरानै नियम हो!"
NFC_protest-photo-factcheck,https://nepalfactcheck.org/wp-content/uploads/2025/06/kamal-thapa-300x169.jpg,भाइरल तस्बिर शाही आन्दोलनको हो भनी दाबी गरिएको तस्बिर वास्तवमा मच्छिन्द्रनाथ जात्राको हो,1,Miscaptioned,"Machhindranath Jatra, Royalists, Lalitpur","Politics, Religion",05/06/2025,ne,https://nepalfactcheck.org/2025/06/protest-photo-factcheck/,राजावादी आन्दोलनको भन्दै भाइरल फोटो वास्तवमा मच्छिन्द्रनाथ जात्राको
NFC_protest-photo-factcheck,https://nepalfactcheck.org/wp-content/uploads/2025/06/kamal-thapa-300x169.jpg,राजतन्त्र समर्थक र्‍यालीको रूपमा सेयर गरिएको भाइरल फोटो वास्तवमा मच्छिन्द्रनाथ जात्रा (धार्मिक रथ पर्व) को हो।,0,Pristine,"Machhindranath Jatra, Royalists, Lalitpur","Politics, Religion",05/06/2025,ne,https://nepalfactcheck.org/2025/06/protest-photo-factcheck/,राजावादी आन्दोलनको भन्दै भाइरल फोटो वास्तवमा मच्छिन्द्रनाथ जात्राको
NFC_viral-video-is-not-from-kathmandu-jaipur-flood,https://nepalfactcheck.org/wp-content/uploads/2025/07/flooding-fact-check-300x169.png,तथ्य जाँच: काठमाडौंको बाढी भारतको जयपुरबाट भएको भिडियो फैलियो,1,Geographic_Mismatch,"Kathmandu, Jaipur, India, Flood",Disaster,20/07/2025,ne,https://nepalfactcheck.org/2025/07/viral-video-is-not-from-kathmandu-jaipur-flood/,तथ्यजाँच: काठमाडौंको डुबान भन्दै फैलाइएको भिडियो भारतको जयपुरको
NFC_viral-video-is-not-from-kathmandu-jaipur-flood,https://nepalfactcheck.org/wp-content/uploads/2025/07/flooding-fact-check-300x169.png,काठमाडौंमा बाढी आएको देखाएको भाइरल भिडियो वास्तवमा भारतको जयपुरको हो ।,0,Pristine,"Kathmandu, Jaipur, India, Flood",Disaster,20/07/2025,ne,https://nepalfactcheck.org/2025/07/viral-video-is-not-from-kathmandu-jaipur-flood/,तथ्यजाँच: काठमाडौंको डुबान भन्दै फैलाइएको भिडियो भारतको जयपुरको
NFC_pashupatinath-viral-video,https://nepalfactcheck.org/wp-content/uploads/2025/09/SEE-1-300x169.png,पशुपतिनाथ मन्दिरको पुरानो भिडियो भ्रामक दाबी गर्दै भाइरल,1,Temporal_Mismatch,"Pashupatinath, Kathmandu, Old Video",Religion,12/09/2025,ne,https://nepalfactcheck.org/2025/09/pashupatinath-viral-video/,पशुपतिनाथको पुरानो भिडियो भ्रामक दावीका साथ भाइरल बनाइयो
NFC_pashupatinath-viral-video,https://nepalfactcheck.org/wp-content/uploads/2025/09/SEE-1-300x169.png,पशुपतिनाथ मन्दिरको एउटा पुरानो भिडियो अहिलेको घटनाबारे भ्रामक दाबी गर्दै भाइरल भएको छ ।,0,Pristine,"Pashupatinath, Kathmandu, Old Video",Religion,12/09/2025,ne,https://nepalfactcheck.org/2025/09/pashupatinath-viral-video/,पशुपतिनाथको पुरानो भिडियो भ्रामक दावीका साथ भाइरल बनाइयो
NFC_pakistan-indian-jets-photo-2019-fake-claim,https://nepalfactcheck.org/wp-content/uploads/2025/05/flag-half-mast-300x169.png,Did Pakistan publicly share photos of Indian fighter jets destroyed?,1,Temporal_Mismatch,"Pakistan, India, Fighter Jet, 2019","International, Military",22/05/2025,ne-en,https://nepalfactcheck.org/2025/05/pakistan-indian-jets-photo-2019-fake-claim/,के पाकिस्तानले भारतको फाइटर विमान ध्वस्त गरेको फोटो सार्वजनिक गरेको हो ?
NFC_pakistan-indian-jets-photo-2019-fake-claim,https://nepalfactcheck.org/wp-content/uploads/2025/05/flag-half-mast-300x169.png,The claim that Pakistan publicly shared photos of Indian fighter jets being destroyed is from a 2019 incident and is being shared with false new context about the 2025 India-Pakistan tensions.,0,Pristine,"Pakistan, India, Fighter Jet, 2019","International, Military",22/05/2025,ne-en,https://nepalfactcheck.org/2025/05/pakistan-indian-jets-photo-2019-fake-claim/,के पाकिस्तानले भारतको फाइटर विमान ध्वस्त गरेको फोटो सार्वजनिक गरेको हो ?
NFC_no-change-nepal-voting-age-claim-false,https://nepalfactcheck.org/wp-content/uploads/2025/09/india-today-factcheck-300x169.jpg,मतदानको उमेर १८ बाट १६ वर्षमा झारेको छैन,1,Fabricated,"Voting Age, Nepal, Election","Legal, Government",15/09/2025,ne,https://nepalfactcheck.org/2025/09/no-change-nepal-voting-age-claim-false/,मतदान गर्न सकिने उमेर १८ वर्षबाट घटाएर १६ वर्ष पुर्‍याइएको होइन
NFC_no-change-nepal-voting-age-claim-false,https://nepalfactcheck.org/wp-content/uploads/2025/09/india-today-factcheck-300x169.jpg,नेपालले मतदानको उमेर १८ बाट १६ वर्षमा झारेको दाबी गलत हो । नेपालको भोटिङ उमेर १८ वर्ष कायम छ ।,0,Pristine,"Voting Age, Nepal, Election","Legal, Government",15/09/2025,ne,https://nepalfactcheck.org/2025/09/no-change-nepal-voting-age-claim-false/,मतदान गर्न सकिने उमेर १८ वर्षबाट घटाएर १६ वर्ष पुर्‍याइएको होइन
NFC_fake-claim-about-new-bank-note,https://nepalfactcheck.org/wp-content/uploads/2025/09/note-300x169.jpg,एक हजार रुपैयाँको पुरानो नोट बन्द गरेर नयाँ नोट नआउने भाइरल दाबी गलत,1,Fabricated,"Nepal Rastra Bank, 1000 Rupee Note, Currency","Finance, Government",18/09/2025,ne,https://nepalfactcheck.org/2025/09/fake-claim-about-new-bank-note/,"नझुक्किनुस् – पुरानो हजारको नोट बन्द भएर नयाँ आएको हैन, भाइरल दावी मिथ्या"
NFC_fake-claim-about-new-bank-note,https://nepalfactcheck.org/wp-content/uploads/2025/09/note-300x169.jpg,एक हजार रुपैयाँका पुराना नोट बन्द गरेर नयाँ नोटबाट बदलिने भाइरल दाबी गलत हो । नेपाल राष्ट्र बैंकले भने त्यस्तो कुनै घोषणा गरेको छैन ।,0,Pristine,"Nepal Rastra Bank, 1000 Rupee Note, Currency","Finance, Government",18/09/2025,ne,https://nepalfactcheck.org/2025/09/fake-claim-about-new-bank-note/,"नझुक्किनुस् – पुरानो हजारको नोट बन्द भएर नयाँ आएको हैन, भाइरल दावी मिथ्या"
NFC_fact-check-eiffel-tower-genz-fire-false,https://nepalfactcheck.org/wp-content/uploads/2025/09/eifel-tower--300x169.png,Viral TikTok claim of Eiffel Tower on fire in Paris is false,1,Fabricated,"Eiffel Tower, Paris, France, Fire, Gen-Z","International, Society",20/09/2025,ne-en,https://nepalfactcheck.org/2025/09/fact-check-eiffel-tower-genz-fire-false/,पेरिसमा आईफिल टावरमा आगलागी भएको टिकटकमा भाइरल दाबी मिथ्या
NFC_fact-check-eiffel-tower-genz-fire-false,https://nepalfactcheck.org/wp-content/uploads/2025/09/eifel-tower--300x169.png,The viral TikTok claiming the Eiffel Tower in Paris caught fire is false. The Eiffel Tower did not catch fire.,0,Pristine,"Eiffel Tower, Paris, France, Fire, Gen-Z","International, Society",20/09/2025,ne-en,https://nepalfactcheck.org/2025/09/fact-check-eiffel-tower-genz-fire-false/,पेरिसमा आईफिल टावरमा आगलागी भएको टिकटकमा भाइरल दाबी मिथ्या
NFC_no-he-is-not-omprakash-aryal,https://nepalfactcheck.org/wp-content/uploads/2025/10/omprakash-300x169.png,गृहमन्त्री ओमप्रकाश अर्यालको भाइरल भिडियो वास्तवमा म्यानपावर अपरेटरको हो,1,Identity_Mismatch,"Om Prakash Aryal, Home Minister, Nepal",Politics,01/10/2025,ne,https://nepalfactcheck.org/2025/10/no-he-is-not-omprakash-aryal/,"नझुक्किनुस्, गृहमन्त्री ओमप्रकाश अर्यालको भन्दै भाइरल भिडियो वास्तवमा म्यानपावर सञ्चालकको"
NFC_no-he-is-not-omprakash-aryal,https://nepalfactcheck.org/wp-content/uploads/2025/10/omprakash-300x169.png,भाइरल भिडियोमा गृहमन्त्री ओमप्रकाश अर्याल उनी नभएको देखाइएको छ । भिडियोमा देखिएका व्यक्ति वास्तवमा म्यानपावर व्यवसायी हुन्।,0,Pristine,"Om Prakash Aryal, Home Minister, Nepal",Politics,01/10/2025,ne,https://nepalfactcheck.org/2025/10/no-he-is-not-omprakash-aryal/,"नझुक्किनुस्, गृहमन्त्री ओमप्रकाश अर्यालको भन्दै भाइरल भिडियो वास्तवमा म्यानपावर सञ्चालकको"
NFC_aarzu-rana-deuba-false-claim,https://nepalfactcheck.org/wp-content/uploads/2025/09/aarzu-claim-300x169.jpg,आरजु राणा देउवाको भाइरल भिडियो भर्खरको होइन - यो कोरोना महामारीको बेला जापानमा थिइन् ।,1,Temporal_Mismatch,"Aarzu Rana Deuba, Japan, COVID-19",Politics,22/09/2025,ne,https://nepalfactcheck.org/2025/09/aarzu-rana-deuba-false-claim/,"नझुक्किनुस्, आरजुको भाइरल भिडियो अहिलेको होइन, कोरोना महामारीको बेला जापानमा हुँदाको"
NFC_aarzu-rana-deuba-false-claim,https://nepalfactcheck.org/wp-content/uploads/2025/09/aarzu-claim-300x169.jpg,आरजु राणा देउवाको भाइरल भिडियो हालैको भिडियो होइन तर कोभिड–१९ महामारीको बेला जापानमा हुँदा खिचिएको हो ।,0,Pristine,"Aarzu Rana Deuba, Japan, COVID-19",Politics,22/09/2025,ne,https://nepalfactcheck.org/2025/09/aarzu-rana-deuba-false-claim/,"नझुक्किनुस्, आरजुको भाइरल भिडियो अहिलेको होइन, कोरोना महामारीको बेला जापानमा हुँदाको"
NFC_deuba-old-video-circulated-as-new,https://nepalfactcheck.org/wp-content/uploads/2025/09/Sher-Bahadur-Deuba-300x169.png,"Gen-Z आन्दोलनमा कुटपिटपछि देउवाको पहिलो भिडियो ? होइन, भाइरल भिडियो पुरानो हो",1,Temporal_Mismatch,"Sher Bahadur Deuba, Nepali Congress, Gen-Z",Politics,25/09/2025,ne,https://nepalfactcheck.org/2025/09/deuba-old-video-circulated-as-new/,"जेन-जी आन्दोलनमा कुटपिटपछि देउवाको पहिलाे भिडियो? होइन, भाइरल भिडियो पुरानो हो"
NFC_deuba-old-video-circulated-as-new,https://nepalfactcheck.org/wp-content/uploads/2025/09/Sher-Bahadur-Deuba-300x169.png,"जनआन्दोलनपछि शेरबहादुर देउवा पहिलो पटक देखा परेको भिडियो हालैको होइन, पुरानो हो ।",0,Pristine,"Sher Bahadur Deuba, Nepali Congress, Gen-Z",Politics,25/09/2025,ne,https://nepalfactcheck.org/2025/09/deuba-old-video-circulated-as-new/,"जेन-जी आन्दोलनमा कुटपिटपछि देउवाको पहिलाे भिडियो? होइन, भाइरल भिडियो पुरानो हो"
NFC_balen-secret-meeting-claim-debunked,https://nepalfactcheck.org/wp-content/uploads/2025/09/balen-masked-300x169.jpg,बालेनले मुखौटा लगाएका व्यक्तिसँग गोप्य भेट गरेको दाबी फैलाएको भिडियोको सत्यता,1,Miscaptioned,"Balendra Shah, Balen, Masked Meeting, Kathmandu",Politics,28/09/2025,ne,https://nepalfactcheck.org/2025/09/balen-secret-meeting-claim-debunked/,नकाबधारीसँग बालेनले गोप्य बैठक गरेको भन्दै फैलाइएको भिडियोको तथ्य यस्तो छ
NFC_balen-secret-meeting-claim-debunked,https://nepalfactcheck.org/wp-content/uploads/2025/09/balen-masked-300x169.jpg,बलेन शाहले मुखौटा लगाएका व्यक्तिहरूसँग गोप्य भेटघाट गरेको दाबी गर्ने भाइरल भिडियो भ्रामक र सन्दर्भ बाहिर निकालिएको छ।,0,Pristine,"Balendra Shah, Balen, Masked Meeting, Kathmandu",Politics,28/09/2025,ne,https://nepalfactcheck.org/2025/09/balen-secret-meeting-claim-debunked/,नकाबधारीसँग बालेनले गोप्य बैठक गरेको भन्दै फैलाइएको भिडियोको तथ्य यस्तो छ
NFC_rooftop-shooting-video-genz-factcheck,https://nepalfactcheck.org/wp-content/uploads/2025/09/note-300x169.png,भाइरल भिडियो दाबी गलत: यो हातमा बन्दुक होइन मोबाइल फोन हो,1,Miscaptioned,"Gen-Z, Rooftop Shooting, Mobile Phone, Nepal","Society, Politics",30/09/2025,ne,https://nepalfactcheck.org/2025/09/rooftop-shooting-video-genz-factcheck/,"भाइरल भिडियोको दावी गलत : बन्दूक होइन, मोबाइल छ हातमा"
NFC_rooftop-shooting-video-genz-factcheck,https://nepalfactcheck.org/wp-content/uploads/2025/09/note-300x169.png,Gen-Z विरोध प्रदर्शनको क्रममा रूफटप शूटिंग भिडियोमा एक व्यक्तिले बन्दुक समातेको दाबी गर्ने भाइरल भिडियो गलत छ। ती व्यक्तिले मोबाइल बोकेका थिए ।,0,Pristine,"Gen-Z, Rooftop Shooting, Mobile Phone, Nepal","Society, Politics",30/09/2025,ne,https://nepalfactcheck.org/2025/09/rooftop-shooting-video-genz-factcheck/,"भाइरल भिडियोको दावी गलत : बन्दूक होइन, मोबाइल छ हातमा"
NFC_deuba-viral-video-claim-factcheck,https://nepalfactcheck.org/wp-content/uploads/2025/10/georgia-300x169.png,भाइरल भिडियोको सत्यता देउवाको घरमा भेटिएको दाबी,1,Miscaptioned,"Sher Bahadur Deuba, Nepali Congress",Politics,05/10/2025,ne,https://nepalfactcheck.org/2025/10/deuba-viral-video-claim-factcheck/,देउवाको घरमा भेटिएको दावी गर्दै भाइरल भएको भिडियोको तथ्य यस्तो छ
NFC_deuba-viral-video-claim-factcheck,https://nepalfactcheck.org/wp-content/uploads/2025/10/georgia-300x169.png,शेरबहादुर देउवाको निवासमा वस्तु वा गतिविधि देखाउने भाइरल भिडियो भ्रामक छ। फेला परेको दाबी गलत थियो।,0,Pristine,"Sher Bahadur Deuba, Nepali Congress",Politics,05/10/2025,ne,https://nepalfactcheck.org/2025/10/deuba-viral-video-claim-factcheck/,देउवाको घरमा भेटिएको दावी गर्दै भाइरल भएको भिडियोको तथ्य यस्तो छ
NFC_girija-prasad-koirala-rajendra-baniya-factcheck,https://nepalfactcheck.org/wp-content/uploads/2025/10/rajendra-baniya-300x169.png,के गिरिजाप्रसाद कोइराला सांसद नभई प्रधानमन्त्री बनेका थिए ?,1,Fabricated,"Girija Prasad Koirala, Rajendra Baniya, Prime Minister, Nepal Parliament","Politics, History",08/10/2025,ne,https://nepalfactcheck.org/2025/10/girija-prasad-koirala-rajendra-baniya-factcheck/,के गिरिजाप्रसाद कोइराला सांसद नभइकनै प्रधानमन्त्री बनेका हुन् ?
NFC_girija-prasad-koirala-rajendra-baniya-factcheck,https://nepalfactcheck.org/wp-content/uploads/2025/10/rajendra-baniya-300x169.png,राजेन्द्र बानियाँ र गिरिजाप्रसाद कोइरालालाई जोड्ने दावी - विशेष गरी कोइराला सांसद नभई प्रधानमन्त्री बनेको - ऐतिहासिक सन्दर्भमा आधारित झुटो वा भ्रामक भएको पाइयो।,0,Pristine,"Girija Prasad Koirala, Rajendra Baniya, Prime Minister, Nepal Parliament","Politics, History",08/10/2025,ne,https://nepalfactcheck.org/2025/10/girija-prasad-koirala-rajendra-baniya-factcheck/,के गिरिजाप्रसाद कोइराला सांसद नभइकनै प्रधानमन्त्री बनेका हुन् ?
NFC_nepali-flag-spotted-georgia-fact-check,https://nepalfactcheck.org/wp-content/uploads/2025/10/georgia-300x169.jpg,Was there a Gen-Z movement in Georgia? Was Nepal's flag spotted there?,1,Miscaptioned,"Georgia, Nepal Flag, Gen-Z","International, Society",12/10/2025,ne-en,https://nepalfactcheck.org/2025/10/nepali-flag-spotted-georgia-fact-check/,के जर्जियामा पनि जेन जी आन्दोलन भएको हो? त्यहाँ नेपालको झण्डा देखिएको हो?
NFC_nepali-flag-spotted-georgia-fact-check,https://nepalfactcheck.org/wp-content/uploads/2025/10/georgia-300x169.jpg,The claim about Gen-Z movement in Georgia with Nepal flag sightings needs verification. Investigation found the Nepal flag sighting claim to be unverified or miscontextualized.,0,Pristine,"Georgia, Nepal Flag, Gen-Z","International, Society",12/10/2025,ne-en,https://nepalfactcheck.org/2025/10/nepali-flag-spotted-georgia-fact-check/,के जर्जियामा पनि जेन जी आन्दोलन भएको हो? त्यहाँ नेपालको झण्डा देखिएको हो?
NFC_jagadish-kharel-fact-check,https://nepalfactcheck.org/wp-content/uploads/2025/09/jagadish-kharel-300x169.jpg,नवनियुक्त सञ्चारमन्त्री जगदीश खरेल नेपाली कांग्रेसका सक्रिय सदस्य हुन् ?,1,Fabricated,"Jagadish Kharel, Communication Minister, Nepali Congress",Politics,15/10/2025,ne,https://nepalfactcheck.org/2025/09/jagadish-kharel-fact-check/,के नवनियुक्त सञ्चार मन्त्री जगदीश खरेल नेपाली कांग्रेसका क्रियाशील सदस्य हुन्?
NFC_jagadish-kharel-fact-check,https://nepalfactcheck.org/wp-content/uploads/2025/09/jagadish-kharel-300x169.jpg,नवनियुक्त सञ्चारमन्त्री जगदीश खरेलको नेपाली कांग्रेसमा सक्रिय सदस्यता रहेको दाबी छानबिन गरी भ्रामक भएको पाइएको छ ।,0,Pristine,"Jagadish Kharel, Communication Minister, Nepali Congress",Politics,15/10/2025,ne,https://nepalfactcheck.org/2025/09/jagadish-kharel-fact-check/,के नवनियुक्त सञ्चार मन्त्री जगदीश खरेल नेपाली कांग्रेसका क्रियाशील सदस्य हुन्?
NFC_election-expenses-candidate-disqualification-nepal,https://nepalfactcheck.org/wp-content/uploads/2025/12/annapost.jpg,चुनाव खर्च लुकाउने उम्मेदवारलाई आगामी निर्वाचनमा प्रतिबन्ध लगाइने ?,1,Fabricated,"Election Commission, Nepal, Election Expenses","Legal, Election",01/12/2025,ne,https://nepalfactcheck.org/2025/12/election-expenses-candidate-disqualification-nepal/,के चुनावी खर्च लुकाउने उम्मेदवारले आगामी चुनाव लड्न नपाउने भएका हुन् ?
NFC_election-expenses-candidate-disqualification-nepal,https://nepalfactcheck.org/wp-content/uploads/2025/12/annapost.jpg,नयाँ निर्वाचन नियमावलीले भविष्यमा हुने निर्वाचनमा निर्वाचन खर्च लुकाउने उम्मेदवारलाई प्रतिबन्ध लगाएको दाबी छानबिन गरी स्पष्टीकरण आवश्यक भएको पाइयो।,0,Pristine,"Election Commission, Nepal, Election Expenses","Legal, Election",01/12/2025,ne,https://nepalfactcheck.org/2025/12/election-expenses-candidate-disqualification-nepal/,के चुनावी खर्च लुकाउने उम्मेदवारले आगामी चुनाव लड्न नपाउने भएका हुन् ?
NFC_qatar-elephant-viral-video-made-by-ai,https://nepalfactcheck.org/wp-content/uploads/2025/12/Hatti_FactCheck-300x169.png,Viral video about Qatar welcoming pair of elephants is made by AI,1,Fabricated,"Qatar, Elephant, AI Generated Video","International, Wildlife",05/12/2025,ne-en,https://nepalfactcheck.org/2025/12/qatar-elephant-viral-video-made-by-ai/,कतारमा हात्ती जोडीको स्वागतबारे भाइरल भिडियो एआईले बनाएको
NFC_qatar-elephant-viral-video-made-by-ai,https://nepalfactcheck.org/wp-content/uploads/2025/12/Hatti_FactCheck-300x169.png,The viral video showing Qatar welcoming a pair of elephants with grand ceremony is AI-generated.,0,Pristine,"Qatar, Elephant, AI Generated Video","International, Wildlife",05/12/2025,ne-en,https://nepalfactcheck.org/2025/12/qatar-elephant-viral-video-made-by-ai/,कतारमा हात्ती जोडीको स्वागतबारे भाइरल भिडियो एआईले बनाएको
NFC_gagan-thapa-viral-photo,https://nepalfactcheck.org/wp-content/uploads/2026/01/FACT_CHECK-DESIGN-2-300x169.png,पत्याउनु पर्दैन - सर्लाही–४ का जनताले गगन थापालाई पछ्याएको तस्बिर वास्तविक होइन,1,Fabricated,"Gagan Thapa, Sarlahi, Nepali Congress","Politics, Election",10/01/2026,ne,https://nepalfactcheck.org/2026/01/gagan-thapa-viral-photo/,"नपत्याउनुस्, गगन थापालाई सर्लाही-४ का जनताले लखेटेको फोटो सही होइन"
NFC_gagan-thapa-viral-photo,https://nepalfactcheck.org/wp-content/uploads/2026/01/FACT_CHECK-DESIGN-2-300x169.png,सर्लाही–४ निर्वाचन क्षेत्रका जनताले गगन थापालाई लखेटेको भाइरल फोटो वास्तविक होइन ।,0,Pristine,"Gagan Thapa, Sarlahi, Nepali Congress","Politics, Election",10/01/2026,ne,https://nepalfactcheck.org/2026/01/gagan-thapa-viral-photo/,"नपत्याउनुस्, गगन थापालाई सर्लाही-४ का जनताले लखेटेको फोटो सही होइन"
NFC_ai-generated-photo-trishuli,https://nepalfactcheck.org/wp-content/uploads/2026/01/kankal-300x169.png,त्रिशूली नदी किनारमा भेटिएको मानव अवशेष सत्य नभएको भाइरल फोटो,1,Fabricated,"Trishuli River, Human Remains, AI Generated",Society,18/01/2026,ne,https://nepalfactcheck.org/2026/01/ai-generated-photo-trishuli/,त्रिशुली किनारमा मानव अवशेष भेटिएको भन्दै भाइरल फोटो सही होइन
NFC_ai-generated-photo-trishuli,https://nepalfactcheck.org/wp-content/uploads/2026/01/kankal-300x169.png,त्रिशूली नदीको किनारमा मानव अवशेष फेला परेको भाइरल तस्बिर एआईद्वारा निर्मित र वास्तविक तस्बिर होइन।,0,Pristine,"Trishuli River, Human Remains, AI Generated",Society,18/01/2026,ne,https://nepalfactcheck.org/2026/01/ai-generated-photo-trishuli/,त्रिशुली किनारमा मानव अवशेष भेटिएको भन्दै भाइरल फोटो सही होइन
NFC_nagarik-claim-misleading,https://nepalfactcheck.org/wp-content/uploads/2025/12/nagarik-dainik.jpg,ओलीलाई १० हजार जरिवाना हुनसक्ने नागरिक दैनिकको दाबी भ्रामक छ,1,Miscaptioned,"KP Sharma Oli, Nagarik Daily, Fine, Nepal","Legal, Politics, Media",10/12/2025,ne,https://nepalfactcheck.org/2025/12/nagarik-claim-misleading/,ओलीलाई १० हजार जरिवाना हुनसक्ने नागरिक दैनिकको दावी यसकारण भ्रामक
NFC_nagarik-claim-misleading,https://nepalfactcheck.org/wp-content/uploads/2025/12/nagarik-dainik.jpg,प्रधानमन्त्री ओलीलाई १० हजार रुपैयाँ जरिवाना हुन सक्ने नागरिक दैनिकको दाबी भ्रामक छ । कानुनी सन्दर्भलाई गलत ढंगले प्रस्तुत गरियो।,0,Pristine,"KP Sharma Oli, Nagarik Daily, Fine, Nepal","Legal, Politics, Media",10/12/2025,ne,https://nepalfactcheck.org/2025/12/nagarik-claim-misleading/,ओलीलाई १० हजार जरिवाना हुनसक्ने नागरिक दैनिकको दावी यसकारण भ्रामक
NFC_the-claim-that-garbage-piled-up-in-kathmandu-after-balen-resigned-as-mayor-is-misleading,https://nepalfactcheck.org/wp-content/uploads/2026/01/gagan-300x169.png,"बलेनले मेयरबाट राजीनामा दिएपछि काठमाडौं फोहोर भयो ? होइन, ती तस्बिरहरू पुराना हुन्",1,Temporal_Mismatch,"Balendra Shah, Balen, Kathmandu, Garbage, Mayor","Politics, Government",20/01/2026,ne,https://nepalfactcheck.org/2026/01/the-claim-that-garbage-piled-up-in-kathmandu-after-balen-resigned-as-mayor-is-misleading/,"बालेनले राजीनामा दिएपछि काठमाडौँ फोहर भएको? होइन, ती पुराना फोटो हुन्"
NFC_the-claim-that-garbage-piled-up-in-kathmandu-after-balen-resigned-as-mayor-is-misleading,https://nepalfactcheck.org/wp-content/uploads/2026/01/gagan-300x169.png,बलेन शाहले मेयरबाट राजीनामा दिएपछि काठमाडौं फोहोर भएको दाबी भ्रामक छ । काठमाडौंको फोहोरको सेयर भइरहेका फोटो पुराना तस्बिर हुन् ।,0,Pristine,"Balendra Shah, Balen, Kathmandu, Garbage, Mayor","Politics, Government",20/01/2026,ne,https://nepalfactcheck.org/2026/01/the-claim-that-garbage-piled-up-in-kathmandu-after-balen-resigned-as-mayor-is-misleading/,"बालेनले राजीनामा दिएपछि काठमाडौँ फोहर भएको? होइन, ती पुराना फोटो हुन्"
NFC_fact-check-indira-rana-deputy-speaker-resignation,https://nepalfactcheck.org/wp-content/uploads/2025/12/by-speaker.jpg,के उपसभामुख इन्दिरा राणाले दिइन् प्रतिनिधिसभाबाट राजीनामा ?,1,Fabricated,"Indira Rana, Deputy Speaker, Nepal Parliament","Politics, Government",15/12/2025,ne,https://nepalfactcheck.org/2025/12/fact-check-indira-rana-deputy-speaker-resignation/,के प्रतिनिधि सभाका उपसभामुख इन्दिरा रानाले राजीनामा दिएकी हुन् ?
NFC_fact-check-indira-rana-deputy-speaker-resignation,https://nepalfactcheck.org/wp-content/uploads/2025/12/by-speaker.jpg,उपसभामुख इन्दिरा राणाले राजीनामा दिएको दाबी गलत हो । तथ्य जाँचका बेला उनले राजीनामा बुझाएकी थिइनन् ।,0,Pristine,"Indira Rana, Deputy Speaker, Nepal Parliament","Politics, Government",15/12/2025,ne,https://nepalfactcheck.org/2025/12/fact-check-indira-rana-deputy-speaker-resignation/,के प्रतिनिधि सभाका उपसभामुख इन्दिरा रानाले राजीनामा दिएकी हुन् ?
NFC_viral-photo-not-nepali,https://nepalfactcheck.org/wp-content/uploads/2026/01/FACT_CHECK-DESIGN-300x169.png,भाइरल तस्बिर भियतनाम युद्धकालको हो भनी दाबी गरिएको नेपालको हो,1,Geographic_Mismatch,"Nepal, Vietnam War, Photo","History, Society",22/01/2026,ne,https://nepalfactcheck.org/2026/01/viral-photo-not-nepali/,नेपालको भन्दै भाइरल फोटो भियतनाम युद्ध बेलाको
NFC_viral-photo-not-nepali,https://nepalfactcheck.org/wp-content/uploads/2026/01/FACT_CHECK-DESIGN-300x169.png,नेपालका बाबु छोरा देखाएको भाइरल तस्बिर वास्तवमा भियतनाम युद्धकालको हो ।,0,Pristine,"Nepal, Vietnam War, Photo","History, Society",22/01/2026,ne,https://nepalfactcheck.org/2026/01/viral-photo-not-nepali/,नेपालको भन्दै भाइरल फोटो भियतनाम युद्ध बेलाको
NFC_rabi-lamichhane-viral-photo-2,https://nepalfactcheck.org/wp-content/uploads/2026/01/rabi-2-300x169.png,अस्पतालको बेडमा रवि लामिछाने: भाइरल तस्बिर वास्तविक होइन,1,Fabricated,"Rabi Lamichhane, RSP, Hospital, AI Generated","Politics, Health",25/01/2026,ne,https://nepalfactcheck.org/2026/01/rabi-lamichhane-viral-photo-2/,अस्पतालको बेडमा रवि लामिछाने : भाइरल फोटो सही होइन
NFC_rabi-lamichhane-viral-photo-2,https://nepalfactcheck.org/wp-content/uploads/2026/01/rabi-2-300x169.png,अस्पतालको बेडमा रवि लामिछानेको भाइरल फोटो वास्तविक होइन । यो AI-उत्पन्न वा डिजिटल रूपमा हेरफेर गरिएको छ।,0,Pristine,"Rabi Lamichhane, RSP, Hospital, AI Generated","Politics, Health",25/01/2026,ne,https://nepalfactcheck.org/2026/01/rabi-lamichhane-viral-photo-2/,अस्पतालको बेडमा रवि लामिछाने : भाइरल फोटो सही होइन
NFC_misleading-modi-speech,https://nepalfactcheck.org/wp-content/uploads/2025/12/modi.jpg,के मोदीले नेपाली नेताहरुलाई जङ्गल राज चलाएको आरोप लगाए ?,1,Miscaptioned,"Narendra Modi, Nepal, India, Jungle Raj","International, Politics",18/12/2025,ne,https://nepalfactcheck.org/2025/12/misleading-modi-speech/,के मोदीले नेपालका नेताहरूलाई जङ्गलराजवाला आरोप लगाएका हुन् ?
NFC_misleading-modi-speech,https://nepalfactcheck.org/wp-content/uploads/2025/12/modi.jpg,भारतीय प्रधानमन्त्री मोदीले नेपाली नेताहरूलाई ‘जंगलराज’ (अवैध शासन) चलाएको आरोप लगाएको दाबी भ्रामक छ। भाषण गलत उद्धृत र गलत सन्दर्भ गरिएको थियो।,0,Pristine,"Narendra Modi, Nepal, India, Jungle Raj","International, Politics",18/12/2025,ne,https://nepalfactcheck.org/2025/12/misleading-modi-speech/,के मोदीले नेपालका नेताहरूलाई जङ्गलराजवाला आरोप लगाएका हुन् ?
NFC_pradip-gyawali-crying-video-by-ai,https://nepalfactcheck.org/wp-content/uploads/2025/12/pradip-gyawali-2.jpg,"रोए प्रदीप ज्ञवाली ? होइन, भाइरल भिडियो AI द्वारा बनाईएको हो",1,Fabricated,"Pradeep Gyawali, CPN-UML, AI Generated, Deepfake","Politics, Technology",20/12/2025,ne,https://nepalfactcheck.org/2025/12/pradip-gyawali-crying-video-by-ai/,"प्रदीप ज्ञवाली रोएको? होइन, भाइरल भिडियो एआईबाट बनेको"
NFC_pradip-gyawali-crying-video-by-ai,https://nepalfactcheck.org/wp-content/uploads/2025/12/pradip-gyawali-2.jpg,प्रदीप ज्ञवाली रोएको भाइरल भिडियो एआई जेनेरेट गरिएको हो । वास्तविक जीवनमा उनी रोएका थिएनन् ।,0,Pristine,"Pradeep Gyawali, CPN-UML, AI Generated, Deepfake","Politics, Technology",20/12/2025,ne,https://nepalfactcheck.org/2025/12/pradip-gyawali-crying-video-by-ai/,"प्रदीप ज्ञवाली रोएको? होइन, भाइरल भिडियो एआईबाट बनेको"
NFC_misleading-video-about-janakpur-hospital,https://nepalfactcheck.org/wp-content/uploads/2025/12/Hospital-300x169.png,जनकपुर अस्पतालमा डाक्टरले बिरामीलाई कुटपिट गरेको भिडियो भाइरल नै भारतको हो,1,Geographic_Mismatch,"Janakpur, Hospital, Doctor, India","Health, Society",22/12/2025,ne,https://nepalfactcheck.org/2025/12/misleading-video-about-janakpur-hospital/,जनकपुर अस्पतालका चिकित्सकले बिरामी कुटेको भन्दै भाइरल भिडियो वास्तवमा भारतको
NFC_misleading-video-about-janakpur-hospital,https://nepalfactcheck.org/wp-content/uploads/2025/12/Hospital-300x169.png,जनकपुर अस्पतालमा डाक्टरले बिरामीलाई कुटेको देखाएको भाइरल भिडियो नेपालको नभई भारतको हो ।,0,Pristine,"Janakpur, Hospital, Doctor, India","Health, Society",22/12/2025,ne,https://nepalfactcheck.org/2025/12/misleading-video-about-janakpur-hospital/,जनकपुर अस्पतालका चिकित्सकले बिरामी कुटेको भन्दै भाइरल भिडियो वास्तवमा भारतको
NFC_mahesh-basnet-fake-video,https://nepalfactcheck.org/wp-content/uploads/2025/12/mahesh-basnet.jpg,महेश बस्नेतलाई जुत्ताको माला लगाएर कालिलो हालेको भिडियो भ्रामक छ,1,Miscaptioned,"Mahesh Basnet, CPN-UML",Politics,25/12/2025,ne,https://nepalfactcheck.org/2025/12/mahesh-basnet-fake-video/,महेश बस्नेतलाई जुत्ताको माला लगाएर मोसो दलिएको भिडियो यसकारण भ्रामक
NFC_mahesh-basnet-fake-video,https://nepalfactcheck.org/wp-content/uploads/2025/12/mahesh-basnet.jpg,महेश बस्नेतलाई जुत्ताको माला लगाएर कालिले कालो हालेको भाइरल भिडियो भ्रामक छ । सन्दर्भ र पहिचान दावीहरू गलत थिए।,0,Pristine,"Mahesh Basnet, CPN-UML",Politics,25/12/2025,ne,https://nepalfactcheck.org/2025/12/mahesh-basnet-fake-video/,महेश बस्नेतलाई जुत्ताको माला लगाएर मोसो दलिएको भिडियो यसकारण भ्रामक
NFC_uml-convention-misleading,https://nepalfactcheck.org/wp-content/uploads/2025/12/uml-convention.jpg,एमाले महाधिवेशनका केही भाइरल तस्बिरहरू यी कारणले भ्रामक छन्,1,Miscaptioned,"CPN-UML, UML Convention, Nepal",Politics,28/12/2025,ne,https://nepalfactcheck.org/2025/12/uml-convention-misleading/,एमाले महाधिवेशनका केही भाइरल फोटोहरु यसकारण भ्रामक
NFC_uml-convention-misleading,https://nepalfactcheck.org/wp-content/uploads/2025/12/uml-convention.jpg,"CPN-UML अधिवेशनका धेरै भाइरल तस्बिरहरू भ्रामक, या त सन्दर्भ बाहिर वा डिजिटल रूपमा परिवर्तन गरिएको फेला पर्यो।",0,Pristine,"CPN-UML, UML Convention, Nepal",Politics,28/12/2025,ne,https://nepalfactcheck.org/2025/12/uml-convention-misleading/,एमाले महाधिवेशनका केही भाइरल फोटोहरु यसकारण भ्रामक
NFC_balen-viral-video-ai-claim,https://nepalfactcheck.org/wp-content/uploads/2026/01/balen-5.jpg,उम्मेदवारी दर्ताको दिन बलेनको रिस उठेको भिडियो एआईले बनाएको हो ?,1,Miscaptioned,"Balendra Shah, Balen, Nomination, AI","Politics, Election",28/01/2026,ne,https://nepalfactcheck.org/2026/01/balen-viral-video-ai-claim/,के उम्मेदवारी दर्ताका दिन बालेन रिसाएको भिडियो एआईबाट बनेको हो ?
NFC_balen-viral-video-ai-claim,https://nepalfactcheck.org/wp-content/uploads/2026/01/balen-5.jpg,उम्मेदवार दर्ताका क्रममा आक्रोशित देखिएका बलेन शाहको भाइरल भिडियोको छानबिन भएको छ । यो AI-उत्पन्न नभएको फेला पर्यो तर भ्रामक रूपमा क्याप्शन गरिएको थियो।,0,Pristine,"Balendra Shah, Balen, Nomination, AI","Politics, Election",28/01/2026,ne,https://nepalfactcheck.org/2026/01/balen-viral-video-ai-claim/,के उम्मेदवारी दर्ताका दिन बालेन रिसाएको भिडियो एआईबाट बनेको हो ?
NFC_viral-video-is-not-burj-khalifa,https://nepalfactcheck.org/wp-content/uploads/2025/11/viral-video-300x169.jpg,Viral video is not of Burj Khalifa but of Kuwait,1,Geographic_Mismatch,"Burj Khalifa, Dubai, Kuwait, Building",International,05/11/2025,ne-en,https://nepalfactcheck.org/2025/11/viral-video-is-not-burj-khalifa/,"भाइरल भिडियो बुर्ज खलिफाको होइन, कुवेतको"
NFC_viral-video-is-not-burj-khalifa,https://nepalfactcheck.org/wp-content/uploads/2025/11/viral-video-300x169.jpg,The viral video being shared as Burj Khalifa is not from Dubai's Burj Khalifa but from a building in Kuwait.,0,Pristine,"Burj Khalifa, Dubai, Kuwait, Building",International,05/11/2025,ne-en,https://nepalfactcheck.org/2025/11/viral-video-is-not-burj-khalifa/,"भाइरल भिडियो बुर्ज खलिफाको होइन, कुवेतको"
NFC_indian-flag-uml-convention,https://nepalfactcheck.org/wp-content/uploads/2025/12/uml-convention-2.jpg,एमाले अधिवेशनमा भारतीय झण्डा ? भ्रममा नपर्नुहोस् - तस्बिर भ्रामक हुन सम्पादन गरिएको थियो,1,Fabricated,"CPN-UML, Indian Flag, Edited Photo, UML Convention",Politics,02/12/2025,ne,https://nepalfactcheck.org/2025/12/indian-flag-uml-convention/,एमाले महाधिवेशनमा भारतीय झण्डा? नझुक्किनुस् फोटो सम्पादन गरी भ्रामक बनाइएको हो
NFC_indian-flag-uml-convention,https://nepalfactcheck.org/wp-content/uploads/2025/12/uml-convention-2.jpg,नेकपा एमालेको महाधिवेशनमा भारतीय झण्डा देखाइएको भाइरल फोटो भ्रामक छ । भारतीय झण्डा थप्न फोटो डिजिटल रूपमा सम्पादन गरिएको थियो।,0,Pristine,"CPN-UML, Indian Flag, Edited Photo, UML Convention",Politics,02/12/2025,ne,https://nepalfactcheck.org/2025/12/indian-flag-uml-convention/,एमाले महाधिवेशनमा भारतीय झण्डा? नझुक्किनुस् फोटो सम्पादन गरी भ्रामक बनाइएको हो
NFC_bronze-lead,https://nepalfactcheck.org/wp-content/uploads/2025/11/viral-video-300x169.png,के काँसाको भाँडो खाँदा स्वास्थ्यमा असर पर्छ ?,1,Fabricated,"Bronze, Lead, Health, Nepal","Health, Consumer",10/11/2025,ne,https://nepalfactcheck.org/2025/11/bronze-lead/,के चरेसको भाँडामा खाँदा स्वास्थ्यलाई असर गर्छ ?
NFC_bronze-lead,https://nepalfactcheck.org/wp-content/uploads/2025/11/viral-video-300x169.png,काँसा (कान्सा/कांस्य मिश्र धातु) भाँडाहरूबाट खाने स्वास्थ्य प्रभावहरूको बारेमा दावी अनुसन्धान गरियो। लेखले कांस्य बनाम सीसा प्रदूषणको बारेमा तथ्यहरूको समीक्षा गर्दछ।,0,Pristine,"Bronze, Lead, Health, Nepal","Health, Consumer",10/11/2025,ne,https://nepalfactcheck.org/2025/11/bronze-lead/,के चरेसको भाँडामा खाँदा स्वास्थ्यलाई असर गर्छ ?
NFC_oli-viral-video-old,https://nepalfactcheck.org/wp-content/uploads/2025/12/Copy-of-Fact-Check-1.jpg,"ओलीको सरकार विरोधी भनाइको भाइरल भिडियोः भर्खरको होइन, चार वर्ष पुरानो",1,Temporal_Mismatch,"KP Sharma Oli, CPN-UML, Government",Politics,05/01/2026,ne,https://nepalfactcheck.org/2025/12/oli-viral-video-old/,"ओलीको सरकारविरोधी अभिव्यक्तिको भाइरल भिडियो : अहिलेको होइन, चार वर्ष पुरानो"
NFC_oli-viral-video-old,https://nepalfactcheck.org/wp-content/uploads/2025/12/Copy-of-Fact-Check-1.jpg,"केपी शर्मा ओलीले सरकार विरोधी भनाइ गरेको भाइरल भिडियो चार वर्ष पुरानो हो, वर्तमान प्रधानमन्त्री हुँदाको होइन ।",0,Pristine,"KP Sharma Oli, CPN-UML, Government",Politics,05/01/2026,ne,https://nepalfactcheck.org/2025/12/oli-viral-video-old/,"ओलीको सरकारविरोधी अभिव्यक्तिको भाइरल भिडियो : अहिलेको होइन, चार वर्ष पुरानो"
NFC_sahakari-viral-claim,https://nepalfactcheck.org/wp-content/uploads/2026/01/gagan.jpg,के गगन थापाले सहकारी छानबिनमा माफी मागे ? यो यथार्थ हो,1,Miscaptioned,"Gagan Thapa, Nepali Congress, Cooperative, Sahakari","Politics, Finance",08/01/2026,ne,https://nepalfactcheck.org/2026/01/sahakari-viral-claim/,सहकारी छानबिनबारे गगन थापाले माफी मागेका हुन्? यस्तो छ वास्तविकता
NFC_sahakari-viral-claim,https://nepalfactcheck.org/wp-content/uploads/2026/01/gagan.jpg,सहकारी ठगी अनुसन्धानमा गगन थापाले माफी मागेको भाइरल दाबी गलत हो । उनको वास्तविक भनाइ फरक थियो।,0,Pristine,"Gagan Thapa, Nepali Congress, Cooperative, Sahakari","Politics, Finance",08/01/2026,ne,https://nepalfactcheck.org/2026/01/sahakari-viral-claim/,सहकारी छानबिनबारे गगन थापाले माफी मागेका हुन्? यस्तो छ वास्तविकता
NFC_did-gagan-thapa-say-nepali-congress-is-not-a-party-of-the-poor-and-squatters,https://nepalfactcheck.org/wp-content/uploads/2026/02/oli-misleading-1-300x169.png,गगन थापाले नेपाली कांग्रेस गरिबको पार्टी होइन भनेका थिए ?,1,Miscaptioned,"Gagan Thapa, Nepali Congress, Poor, Squatters",Politics,05/02/2026,ne,https://nepalfactcheck.org/2026/02/did-gagan-thapa-say-nepali-congress-is-not-a-party-of-the-poor-and-squatters/,के गगन थापाले कांग्रेस गरिब र सुकुम्बासीको पार्टी होइन भनेर बोलेका हुन्?
NFC_did-gagan-thapa-say-nepali-congress-is-not-a-party-of-the-poor-and-squatters,https://nepalfactcheck.org/wp-content/uploads/2026/02/oli-misleading-1-300x169.png,गगन थापाको भनाइलाई प्रसंगभन्दा बाहिर निकालियो । उनले एक सूक्ष्म सन्दर्भमा बयान दिए र भाइरल व्याख्या भ्रामक छ।,0,Pristine,"Gagan Thapa, Nepali Congress, Poor, Squatters",Politics,05/02/2026,ne,https://nepalfactcheck.org/2026/02/did-gagan-thapa-say-nepali-congress-is-not-a-party-of-the-poor-and-squatters/,के गगन थापाले कांग्रेस गरिब र सुकुम्बासीको पार्टी होइन भनेर बोलेका हुन्?
NFC_claim-of-election-cash-at-balens-home-is-false,https://nepalfactcheck.org/wp-content/uploads/2026/02/balen-300x169.png,बलेनको घरमा बोरामा चुनाव नगदको दाबी गलत हो,1,Fabricated,"Balendra Shah, Balen, Election Cash, Jhapa-5","Politics, Election",08/02/2026,ne,https://nepalfactcheck.org/2026/02/claim-of-election-cash-at-balens-home-is-false/,बालेनको घरमा चुनावको लागि बोरामा पैसा ओसारेको दाबी यसकारण मिथ्या
NFC_claim-of-election-cash-at-balens-home-is-false,https://nepalfactcheck.org/wp-content/uploads/2026/02/balen-300x169.png,बलेन शाहको घरमा चुनावी नगद बोरामा ल्याएको भाइरल दाबी झुटो र प्रमाणविना हो ।,0,Pristine,"Balendra Shah, Balen, Election Cash, Jhapa-5","Politics, Election",08/02/2026,ne,https://nepalfactcheck.org/2026/02/claim-of-election-cash-at-balens-home-is-false/,बालेनको घरमा चुनावको लागि बोरामा पैसा ओसारेको दाबी यसकारण मिथ्या
NFC_edited-video-of-oli-programme,https://nepalfactcheck.org/wp-content/uploads/2026/02/balen-1-300x169.png,झापामा ओलीको कार्यक्रममा घण्टी बज्यो ?,1,Fabricated,"KP Sharma Oli, Jhapa, RSP, Bell Slogans, CPN-UML","Politics, Election",10/02/2026,ne,https://nepalfactcheck.org/2026/02/edited-video-of-oli-programme/,के झापामा ओलीको कार्यक्रममा घण्टीको नारा लागेको हो ?
NFC_edited-video-of-oli-programme,https://nepalfactcheck.org/wp-content/uploads/2026/02/balen-1-300x169.png,झापामा केपी ओलीको कार्यक्रममा घण्टी (रासपाको पार्टी चिन्ह) नारा लगाइएको भाइरल दाबी सम्पादित भिडियोमा आधारित छ । मूल भिडियोमा एमालेका नाराहरू देखाइएको छ।,0,Pristine,"KP Sharma Oli, Jhapa, RSP, Bell Slogans, CPN-UML","Politics, Election",10/02/2026,ne,https://nepalfactcheck.org/2026/02/edited-video-of-oli-programme/,के झापामा ओलीको कार्यक्रममा घण्टीको नारा लागेको हो ?
NFC_nuwakot-rsp-misinformation,https://nepalfactcheck.org/wp-content/uploads/2026/02/FACT_CHECK-DESIGN-3-1-300x169.png,जाजरकोटमा भएको खेलकुद प्रतियोगिताको नुवाकोटमा आरएसपीले खेदेको भनी भाइरल भिडियो,1,Geographic_Mismatch,"RSP, Nuwakot, Jajarkot, Sports Competition","Politics, Sports",12/02/2026,ne,https://nepalfactcheck.org/2026/02/nuwakot-rsp-misinformation/,नुवाकोटमा रास्वपालाई लखेटे भन्दै भाइरल भिडियो जाजरकोटको खेलकुद प्रतियोगिताको
NFC_nuwakot-rsp-misinformation,https://nepalfactcheck.org/wp-content/uploads/2026/02/FACT_CHECK-DESIGN-3-1-300x169.png,नुवाकोटमा आरएसपी समर्थकलाई लखेटेको भाइरल भिडियो वास्तवमा जाजरकोटमा भएको खेलकुद प्रतियोगिताको फुटेज हो ।,0,Pristine,"RSP, Nuwakot, Jajarkot, Sports Competition","Politics, Sports",12/02/2026,ne,https://nepalfactcheck.org/2026/02/nuwakot-rsp-misinformation/,नुवाकोटमा रास्वपालाई लखेटे भन्दै भाइरल भिडियो जाजरकोटको खेलकुद प्रतियोगिताको
NFC_rajesh-hamal-edited-picture,https://nepalfactcheck.org/wp-content/uploads/2026/02/rajesh-hamal-300x169.png,"के राजेश हमालले चुनाव प्रचार गरे ? होइन, भाइरल फोटो सम्पादन गरिएको छ",1,Fabricated,"Rajesh Hamal, Election Campaign, Edited Photo","Entertainment, Election",15/02/2026,ne,https://nepalfactcheck.org/2026/02/rajesh-hamal-edited-picture/,"राजेश हमालले चुनाव प्रचार गरेको? होइन, भाइरल फोटो सम्पादन गरिएको हो"
NFC_rajesh-hamal-edited-picture,https://nepalfactcheck.org/wp-content/uploads/2026/02/rajesh-hamal-300x169.png,अभिनेता राजेश हमाललाई चुनावी प्रचार गर्दै गरेको भाइरल फोटो डिजिटल सम्पादन गरिएको छ । उनले प्रचारप्रसार गरेनन् ।,0,Pristine,"Rajesh Hamal, Election Campaign, Edited Photo","Entertainment, Election",15/02/2026,ne,https://nepalfactcheck.org/2026/02/rajesh-hamal-edited-picture/,"राजेश हमालले चुनाव प्रचार गरेको? होइन, भाइरल फोटो सम्पादन गरिएको हो"
NFC_ai-generated-viral-video-of-rsp,https://nepalfactcheck.org/wp-content/uploads/2026/02/FACT_CHECK-DESIGN-5-300x168.jpg,रुकुममा आरएसपी घण्टी समर्थकहरूको एआई-जेनरेट भाइरल भिडियो,1,Fabricated,"RSP, Rukum, AI Generated, Bell Supporters","Politics, Election",18/02/2026,ne,https://nepalfactcheck.org/2026/02/ai-generated-viral-video-of-rsp/,"नझुक्किनुस्, रुकुममा घण्टी समर्थक भन्दै भाइरल भिडियो एआईबाट बनेको हो"
NFC_ai-generated-viral-video-of-rsp,https://nepalfactcheck.org/wp-content/uploads/2026/02/FACT_CHECK-DESIGN-5-300x168.jpg,रुकुममा आरएसपी घण्टी समर्थकको जुलुस देखाउने भाइरल भिडियो एआई-जेनेरेट गरिएको हो।,0,Pristine,"RSP, Rukum, AI Generated, Bell Supporters","Politics, Election",18/02/2026,ne,https://nepalfactcheck.org/2026/02/ai-generated-viral-video-of-rsp/,"नझुक्किनुस्, रुकुममा घण्टी समर्थक भन्दै भाइरल भिडियो एआईबाट बनेको हो"
NFC_viral-video-claiming-anti-balen-protests-in-kathmandu-is-from-2022-not-recent,https://nepalfactcheck.org/wp-content/uploads/2026/02/balen-2-300x169.png,"चुनावी माहोलमा बलेन विरोधी नारा ? भ्रममा नपर्नुहोस्, भिडियो चार वर्ष पुरानो हो",1,Temporal_Mismatch,"Balendra Shah, Balen, Anti-Balen, Protest Video","Politics, Election",20/02/2026,ne,https://nepalfactcheck.org/2026/02/viral-video-claiming-anti-balen-protests-in-kathmandu-is-from-2022-not-recent/,"चुनावी माहौलमा बालेनविरोधी नाराबाजी? नझुक्किनुस्, भिडियो चार वर्ष पुरानो हो"
NFC_viral-video-claiming-anti-balen-protests-in-kathmandu-is-from-2022-not-recent,https://nepalfactcheck.org/wp-content/uploads/2026/02/balen-2-300x169.png,चुनावको समयमा बलेन शाह विरोधी प्रदर्शन देखाउने दाबी गर्ने भाइरल भिडियो चार वर्ष पुरानो र वर्तमान निर्वाचनसँग सम्बन्धित छैन।,0,Pristine,"Balendra Shah, Balen, Anti-Balen, Protest Video","Politics, Election",20/02/2026,ne,https://nepalfactcheck.org/2026/02/viral-video-claiming-anti-balen-protests-in-kathmandu-is-from-2022-not-recent/,"चुनावी माहौलमा बालेनविरोधी नाराबाजी? नझुक्किनुस्, भिडियो चार वर्ष पुरानो हो"
NFC_rekha-thapa-viral-photo-is-edited,https://nepalfactcheck.org/wp-content/uploads/2026/02/FACT_CHECK-DESIGN-3-300x169.png,"रेखा थापाले प्रचण्डको लागि प्रचार गरेनन्, भाइरल तस्बिर सम्पादन !",1,Fabricated,"Rekha Thapa, Prachanda, CPN Maoist, Edited Photo","Entertainment, Election",22/02/2026,ne,https://nepalfactcheck.org/2026/02/rekha-thapa-viral-photo-is-edited/,"रेखा थापाले प्रचण्डको पक्षमा मत मागेकी छैनन्, भाइरल फोटो सम्पादन गरिएको हो"
NFC_rekha-thapa-viral-photo-is-edited,https://nepalfactcheck.org/wp-content/uploads/2026/02/FACT_CHECK-DESIGN-3-300x169.png,अभिनेत्री रेखा थापाले पुष्पकमल दाहाल (प्रचण्ड) को प्रचारप्रसार गरिरहेको भाइरल फोटो डिजिटल सम्पादन गरिएको छ ।,0,Pristine,"Rekha Thapa, Prachanda, CPN Maoist, Edited Photo","Entertainment, Election",22/02/2026,ne,https://nepalfactcheck.org/2026/02/rekha-thapa-viral-photo-is-edited/,"रेखा थापाले प्रचण्डको पक्षमा मत मागेकी छैनन्, भाइरल फोटो सम्पादन गरिएको हो"
NFC_rajendra-lingden-false-quote,https://nepalfactcheck.org/wp-content/uploads/2026/02/FACT_CHECK-DESIGN-1-300x169.png,के राजेन्द्र लिङ्देनले भनेका थिए दलितलाई मन्दिरमा जान दिनु हुँदैन ?,1,Fabricated,"Rajendra Lingden, RPP, Dalit, Temple","Politics, Social",25/02/2026,ne,https://nepalfactcheck.org/2026/02/rajendra-lingden-false-quote/,के राजेन्द्र लिङ्देनले दलितलाई मन्दिर छिर्न दिनु हुन्न भनेका हुन्?
NFC_rajendra-lingden-false-quote,https://nepalfactcheck.org/wp-content/uploads/2026/02/FACT_CHECK-DESIGN-1-300x169.png,राप्रपाका अध्यक्ष राजेन्द्र लिङ्देनले दलितलाई मन्दिरमा पस्न दिनु हुँदैन भन्ने भाइरल भनाइ गलत हो ।,0,Pristine,"Rajendra Lingden, RPP, Dalit, Temple","Politics, Social",25/02/2026,ne,https://nepalfactcheck.org/2026/02/rajendra-lingden-false-quote/,के राजेन्द्र लिङ्देनले दलितलाई मन्दिर छिर्न दिनु हुन्न भनेका हुन्?
NFC_no-evidence-mahesh-basnet-was-assaulted-in-dhangadhi,https://nepalfactcheck.org/wp-content/uploads/2026/02/balen-3-300x169.png,धनगढीमा महेश बस्नेतमाथि कुटपिट भएको भाइरल भिडियो भ्रामक छ,1,Fabricated,"Mahesh Basnet, CPN-UML, Dhangadhi",Politics,28/02/2026,ne,https://nepalfactcheck.org/2026/02/no-evidence-mahesh-basnet-was-assaulted-in-dhangadhi/,धनगढीमा महेश बस्नेतले कुटाइ खाएको भन्दै भाइरल भिडियो भ्रामक
NFC_no-evidence-mahesh-basnet-was-assaulted-in-dhangadhi,https://nepalfactcheck.org/wp-content/uploads/2026/02/balen-3-300x169.png,धनगढीमा महेश बस्नेतमाथि कुटपिट भएको भाइरल भिडियो भ्रामक छ । यस्तो आक्रमणको कुनै प्रमाण छैन।,0,Pristine,"Mahesh Basnet, CPN-UML, Dhangadhi",Politics,28/02/2026,ne,https://nepalfactcheck.org/2026/02/no-evidence-mahesh-basnet-was-assaulted-in-dhangadhi/,धनगढीमा महेश बस्नेतले कुटाइ खाएको भन्दै भाइरल भिडियो भ्रामक
NFC_chainpur_viral_misinformation_uml_cadre_killed,https://nepalfactcheck.org/wp-content/uploads/2026/02/FACT_CHECK-DESIGN-1-1-300x169.png,चैनपुर संखुवासभामा भोट माग्न गएका एमाले कार्यकर्तामाथि खुकुरी प्रहार भयो ?,1,Fabricated,"CPN-UML, Sankhuwasabha, Chainpur, Khukuri Attack","Politics, Election",28/02/2026,ne,https://nepalfactcheck.org/2026/02/chainpur_viral_misinformation_uml_cadre_killed/,संखुवासभाको चैनपुरमा भोट माग्न गएका एमाले कार्यकर्तामाथि खुकुरी प्रहार भएको हो ?
NFC_chainpur_viral_misinformation_uml_cadre_killed,https://nepalfactcheck.org/wp-content/uploads/2026/02/FACT_CHECK-DESIGN-1-1-300x169.png,संखुवासभाको चैनपुरमा एमाले कार्यकर्तामाथि खुकुरी प्रहार भएको दाबी छानबिन गरी अप्रमाणित वा भ्रामक भएको पाइएको छ ।,0,Pristine,"CPN-UML, Sankhuwasabha, Chainpur, Khukuri Attack","Politics, Election",28/02/2026,ne,https://nepalfactcheck.org/2026/02/chainpur_viral_misinformation_uml_cadre_killed/,संखुवासभाको चैनपुरमा भोट माग्न गएका एमाले कार्यकर्तामाथि खुकुरी प्रहार भएको हो ?
NFC_sobita-gautam-misleading-rape-vs-slap-claim,https://nepalfactcheck.org/wp-content/uploads/2026/02/sobita-2-300x169.png,"शोविता गौतमको बलात्कार र थप्पडको भनाइलाई सन्दर्भ बाहिर निकालिएको छ, भ्रामक छ",1,Miscaptioned,"Sobita Gautam, RSP, Rape, Context","Politics, Social",02/03/2026,ne,https://nepalfactcheck.org/2026/02/sobita-gautam-misleading-rape-vs-slap-claim/,सन्दर्भ काटेर फैलाइएको सोविता गौतमको बलात्कार र थप्पड सम्बन्धी भनाइ भ्रामक
NFC_sobita-gautam-misleading-rape-vs-slap-claim,https://nepalfactcheck.org/wp-content/uploads/2026/02/sobita-2-300x169.png,शोविता गौतमले बलात्कार र थप्पडको तुलना गर्ने भनाइलाई प्रसंगभन्दा बाहिर निकालेर आफूले बलात्कारलाई कम गरेजस्तो देखाइयो । उनको पूर्ण भनाइको सन्दर्भ फरक थियो।,0,Pristine,"Sobita Gautam, RSP, Rape, Context","Politics, Social",02/03/2026,ne,https://nepalfactcheck.org/2026/02/sobita-gautam-misleading-rape-vs-slap-claim/,सन्दर्भ काटेर फैलाइएको सोविता गौतमको बलात्कार र थप्पड सम्बन्धी भनाइ भ्रामक
NFC_barman-pun-never-said-the-country-was-burned-on-prachandas-plan,https://nepalfactcheck.org/wp-content/uploads/2026/02/FACT_CHECK-DESIGN-3-2-300x169.png,के बर्मन पुनले भनेका थिए प्रचण्डको योजनामा ​​देश जल्यो ? भ्रामक भिडियो को तथ्य,1,Miscaptioned,"Barman Pun, Prachanda, CPN Maoist",Politics,03/03/2026,ne,https://nepalfactcheck.org/2026/02/barman-pun-never-said-the-country-was-burned-on-prachandas-plan/,वर्षमान पुनले प्रचण्डको योजनामा मुलुक जलाइएको भनेका हुन्? भ्रामक भिडियोको तथ्य
NFC_barman-pun-never-said-the-country-was-burned-on-prachandas-plan,https://nepalfactcheck.org/wp-content/uploads/2026/02/FACT_CHECK-DESIGN-3-2-300x169.png,बर्मन पुनले प्रचण्डको योजनामा ​​देश जलेको दाबी गरेको भाइरल भिडियो भ्रामक छ । उनको वास्तविक बयान सन्दर्भ बाहिर लिइएको थियो।,0,Pristine,"Barman Pun, Prachanda, CPN Maoist",Politics,03/03/2026,ne,https://nepalfactcheck.org/2026/02/barman-pun-never-said-the-country-was-burned-on-prachandas-plan/,वर्षमान पुनले प्रचण्डको योजनामा मुलुक जलाइएको भनेका हुन्? भ्रामक भिडियोको तथ्य
NFC_sudha-gautam-health-insurance-ordinance-misleading-claim,https://nepalfactcheck.org/wp-content/uploads/2026/02/himali-patrika-2-300x169.jpg,स्वास्थ्य मन्त्री सुधा गौतमले स्वास्थ्य बीमा हटाउन अध्यादेश ल्याउने तयारी गर्दै - भ्रामक,1,Miscaptioned,"Sudha Gautam, Health Insurance, Nepal Government","Health, Politics",04/03/2026,ne,https://nepalfactcheck.org/2026/02/sudha-gautam-health-insurance-ordinance-misleading-claim/,"नझुक्किनुस्, स्वास्थ्य मन्त्री सुधा शर्मा गौतमले स्वास्थ्य बीमा हटाउन अध्यादेश ल्याउने तयारी"
NFC_sudha-gautam-health-insurance-ordinance-misleading-claim,https://nepalfactcheck.org/wp-content/uploads/2026/02/himali-patrika-2-300x169.jpg,स्वास्थ्यमन्त्री सुधा शर्मा गौतमले स्वास्थ्य बीमा हटाउन अध्यादेश ल्याउन लागेको दाबी भ्रामक छ । वास्तविक नीति निर्देशन फरक छ।,0,Pristine,"Sudha Gautam, Health Insurance, Nepal Government","Health, Politics",04/03/2026,ne,https://nepalfactcheck.org/2026/02/sudha-gautam-health-insurance-ordinance-misleading-claim/,"नझुक्किनुस्, स्वास्थ्य मन्त्री सुधा शर्मा गौतमले स्वास्थ्य बीमा हटाउन अध्यादेश ल्याउने तयारी"
NFC_id-oli-say-he-would-reject-the-election-results-if-he-and-uml-were-defeated,https://nepalfactcheck.org/wp-content/uploads/2026/02/oli-misleading-300x169.png,के ओलीले आफू र एमाले पराजित भए चुनावी नतिजा खारेज हुन्छ भने ?,1,Miscaptioned,"KP Sharma Oli, CPN-UML, Election Results","Politics, Election",05/03/2026,ne,https://nepalfactcheck.org/2026/02/id-oli-say-he-would-reject-the-election-results-if-he-and-uml-were-defeated/,ओलीले म र एमाले पराजित भए चुनावको परिणाम अस्वीकार हुन्छ भनेका हुन्?
NFC_id-oli-say-he-would-reject-the-election-results-if-he-and-uml-were-defeated,https://nepalfactcheck.org/wp-content/uploads/2026/02/oli-misleading-300x169.png,केपी शर्मा ओलीले आफू र एमाले पराजित भए चुनावी नतिजा अस्वीकार गर्ने भनी भाइरल भइरहेका दाबी भ्रामक छन् । उनको भनाइलाई प्रसंगभन्दा बाहिर निकालिएको छ ।,0,Pristine,"KP Sharma Oli, CPN-UML, Election Results","Politics, Election",05/03/2026,ne,https://nepalfactcheck.org/2026/02/id-oli-say-he-would-reject-the-election-results-if-he-and-uml-were-defeated/,ओलीले म र एमाले पराजित भए चुनावको परिणाम अस्वीकार हुन्छ भनेका हुन्?
NFC_did-balen-shah-throw-a-garland-at-gajendra-narayan-singhs-statue-in-rajbiraj,https://nepalfactcheck.org/wp-content/uploads/2026/02/balen-7-300x169.jpg,राजविराजस्थित गजेन्द्रनारायण सिंहको शालिकमा बलेनले माला हाने कि समर्थकलाई ?,1,Miscaptioned,"Balendra Shah, Balen, Rajbiraj, Gajendra Narayan Singh","Politics, Election",06/03/2026,ne,https://nepalfactcheck.org/2026/02/did-balen-shah-throw-a-garland-at-gajendra-narayan-singhs-statue-in-rajbiraj/,राजविराजमा बालेनले शालिकमा माला फ्याँके कि समर्थकलाई दिए?
NFC_did-balen-shah-throw-a-garland-at-gajendra-narayan-singhs-statue-in-rajbiraj,https://nepalfactcheck.org/wp-content/uploads/2026/02/balen-7-300x169.jpg,"अनुसन्धानमा बलेन शाहले शालिकमा माला हालेको नभई नजिकैका समर्थकलाई दिएको पाइएको छ । ""फेक"" दावी भ्रामक थियो।",0,Pristine,"Balendra Shah, Balen, Rajbiraj, Gajendra Narayan Singh","Politics, Election",06/03/2026,ne,https://nepalfactcheck.org/2026/02/did-balen-shah-throw-a-garland-at-gajendra-narayan-singhs-statue-in-rajbiraj/,राजविराजमा बालेनले शालिकमा माला फ्याँके कि समर्थकलाई दिए?
NFC_abaki-bar-gagan-sarkar-boat-chant-video-is-from-nepal-not-abroad,https://nepalfactcheck.org/wp-content/uploads/2026/02/gagan-sarkar-nara-300x169.jpg,अबकी बार गगन सरकारको नारा विदेशमा सुनिएको दाबी भ्रामक छ,1,Geographic_Mismatch,"Gagan Thapa, Nepal Diaspora","Politics, Election",07/03/2026,ne,https://nepalfactcheck.org/2026/02/abaki-bar-gagan-sarkar-boat-chant-video-is-from-nepal-not-abroad/,विदेशमा अबकी बार गगन सरकार नारा गुञ्जिएको दावी भ्रामक
NFC_abaki-bar-gagan-sarkar-boat-chant-video-is-from-nepal-not-abroad,https://nepalfactcheck.org/wp-content/uploads/2026/02/gagan-sarkar-nara-300x169.jpg,‘अबकी बार गगन सरकार’ (अर्को पटक सरकारका लागि गगन थापा) नारा विदेशमा लगाइएको दाबी भ्रामक छ । भिडियो विदेशको होइन नेपालको हो ।,0,Pristine,"Gagan Thapa, Nepal Diaspora","Politics, Election",07/03/2026,ne,https://nepalfactcheck.org/2026/02/abaki-bar-gagan-sarkar-boat-chant-video-is-from-nepal-not-abroad/,विदेशमा अबकी बार गगन सरकार नारा गुञ्जिएको दावी भ्रामक
NFC_gagan_thapas_claim_goats_beaten_misleading,https://nepalfactcheck.org/wp-content/uploads/2026/02/FACT_CHECK-DESIGN-3-3-300x169.png,गगन थापाको अगाडि कसैले बच्चा नजनाएको भन्दै बाख्रालाई पिट्नु हुँदैन भनेको भ्रामक कुरा हो,1,Miscaptioned,"Gagan Thapa, Nepali Congress, Goat Metaphor","Politics, Election",08/03/2026,ne,https://nepalfactcheck.org/2026/02/gagan_thapas_claim_goats_beaten_misleading/,गगन थापाकै अघि बाख्रो ब्याएन भनेर बोको कुट्नु हुँदैन भनियो भन्ने दाबी भ्रामक
NFC_gagan_thapas_claim_goats_beaten_misleading,https://nepalfactcheck.org/wp-content/uploads/2026/02/FACT_CHECK-DESIGN-3-3-300x169.png,बाख्राबारे गगन थापाले दिएको बयानबारे भाइरल दाबी भ्रामक छ । प्रसंग अर्कै थियो ।,0,Pristine,"Gagan Thapa, Nepali Congress, Goat Metaphor","Politics, Election",08/03/2026,ne,https://nepalfactcheck.org/2026/02/gagan_thapas_claim_goats_beaten_misleading/,गगन थापाकै अघि बाख्रो ब्याएन भनेर बोको कुट्नु हुँदैन भनियो भन्ने दाबी भ्रामक
NFC_dailekh-1-basana-thapa-first-time-election-claim-misleading,https://nepalfactcheck.org/wp-content/uploads/2026/02/nagarik-daily-300x169.jpg,दैलेख–१ कांग्रेसका उम्मेदवार बसना थापा पहिलो पटक चुनाव लडिरहेको नागरिकको दाबी भ्रामक छ,1,Fabricated,"Basana Thapa, Dailekh, Nepali Congress, Nagarik","Politics, Election, Media",09/03/2026,ne,https://nepalfactcheck.org/2026/02/dailekh-1-basana-thapa-first-time-election-claim-misleading/,दैलेख–१ की कांग्रेस उम्मेदवार बासना थापा पहिलो पटक चुनावमा भन्ने नागरिकको दावी भ्रामक
NFC_dailekh-1-basana-thapa-first-time-election-claim-misleading,https://nepalfactcheck.org/wp-content/uploads/2026/02/nagarik-daily-300x169.jpg,दैलेख–१ कांग्रेसका उम्मेदवार बसना थापा पहिलो पटक चुनाव लडेको नागरिक दैनिकको दाबी भ्रामक छ । यसअघि पनि चुनाव लडेकी छिन् ।,0,Pristine,"Basana Thapa, Dailekh, Nepali Congress, Nagarik","Politics, Election, Media",09/03/2026,ne,https://nepalfactcheck.org/2026/02/dailekh-1-basana-thapa-first-time-election-claim-misleading/,दैलेख–१ की कांग्रेस उम्मेदवार बासना थापा पहिलो पटक चुनावमा भन्ने नागरिकको दावी भ्रामक
NFC_bagadiya-harka-sampang-context-cut-video,https://nepalfactcheck.org/wp-content/uploads/2026/02/harka_sampang_misleading-300x169.jpg,"के एमाले उम्मेदवारले हर्क साम्पाङलाई साथ दिए ? होइन, भाइरल भिडियो भ्रामक छ",1,Miscaptioned,"Harka Sampang, CPN-UML, Bagadiya","Politics, Election",10/03/2026,ne,https://nepalfactcheck.org/2026/02/bagadiya-harka-sampang-context-cut-video/,"हर्क साम्पाङलाई एमाले उम्मेदवारले समर्थन गरेको? होइन, भाइरल भिडियो भ्रामक"
NFC_bagadiya-harka-sampang-context-cut-video,https://nepalfactcheck.org/wp-content/uploads/2026/02/harka_sampang_misleading-300x169.jpg,एमाले उम्मेदवार हर्क साम्पाङलाई समर्थन गरेको भाइरल भिडियो भ्रामक छ। भिडियोलाई सन्दर्भ बाहिर निकालिएको हो।,0,Pristine,"Harka Sampang, CPN-UML, Bagadiya","Politics, Election",10/03/2026,ne,https://nepalfactcheck.org/2026/02/bagadiya-harka-sampang-context-cut-video/,"हर्क साम्पाङलाई एमाले उम्मेदवारले समर्थन गरेको? होइन, भाइरल भिडियो भ्रामक"
NFC_jhapa-goli-hanahan-greece-video-viral-misinformation,https://nepalfactcheck.org/wp-content/uploads/2026/02/FACT_CHECK-DESIGN-4-1-300x169.png,ग्रीसबाट आएको भिडियोले झापामा भएको गोलीकाण्डबारे गलत सूचना फैलाएको थियो,1,Geographic_Mismatch,"Jhapa, Greece, Shooting, Election","Society, Politics",10/03/2026,ne,https://nepalfactcheck.org/2026/02/jhapa-goli-hanahan-greece-video-viral-misinformation/,ग्रीसको भिडियो राखी झापामा गोली हानाहान भएको मिथ्या सूचना भाइरल बनाइँदै
NFC_jhapa-goli-hanahan-greece-video-viral-misinformation,https://nepalfactcheck.org/wp-content/uploads/2026/02/FACT_CHECK-DESIGN-4-1-300x169.png,नेपालको झापामा भएको गोलीकाण्डको गलत समाचार फैलाउन ग्रीसको भिडियो प्रयोग भइरहेको छ ।,0,Pristine,"Jhapa, Greece, Shooting, Election","Society, Politics",10/03/2026,ne,https://nepalfactcheck.org/2026/02/jhapa-goli-hanahan-greece-video-viral-misinformation/,ग्रीसको भिडियो राखी झापामा गोली हानाहान भएको मिथ्या सूचना भाइरल बनाइँदै
NFC_did-ram-kumari-jhankri-say-kp-oli-does-nothing-except-corruption,https://nepalfactcheck.org/wp-content/uploads/2026/02/Ramkumari-300x169.png,ओलीको आलोचना गर्ने रामकुमारी झाँक्रीको भाइरल भिडियोको सत्यता के हो ?,1,Miscaptioned,"Ram Kumari Jhankri, KP Sharma Oli, CPN-UML","Politics, Election",10/03/2026,ne,https://nepalfactcheck.org/2026/02/did-ram-kumari-jhankri-say-kp-oli-does-nothing-except-corruption/,ओलीको आलोचना गर्दै गरेको रामकुमारी झाँक्रीको भाइरल भिडियोको तथ्य के हो?
NFC_did-ram-kumari-jhankri-say-kp-oli-does-nothing-except-corruption,https://nepalfactcheck.org/wp-content/uploads/2026/02/Ramkumari-300x169.png,केपी शर्मा ओलीको आलोचना गर्ने रामकुमारी झाँक्रीको भनाइ यथार्थ हो तर भाइरल क्लिपको विशिष्ट फ्रेमिङलाई सन्दर्भ बाहिर निकाल्न सकिन्छ ।,0,Pristine,"Ram Kumari Jhankri, KP Sharma Oli, CPN-UML","Politics, Election",10/03/2026,ne,https://nepalfactcheck.org/2026/02/did-ram-kumari-jhankri-say-kp-oli-does-nothing-except-corruption/,ओलीको आलोचना गर्दै गरेको रामकुमारी झाँक्रीको भाइरल भिडियोको तथ्य के हो?
NFC_did-rabi-lamichhane-say-uml-is-a-party-with-good-leaders,https://nepalfactcheck.org/wp-content/uploads/2026/02/rabi-lamichhane-300x169.jpg,के रवि लामिछानेले भने एमाले असल नेता भएको पार्टी हो ? यो तथ्य हो,1,Miscaptioned,"Rabi Lamichhane, RSP, CPN-UML","Politics, Election",11/03/2026,ne,https://nepalfactcheck.org/2026/02/did-rabi-lamichhane-say-uml-is-a-party-with-good-leaders/,के रवि लामिछानेले एमाले राम्रो नेताहरू भएको पार्टी हो भनेका हुन्? तथ्य यस्तो छ
NFC_did-rabi-lamichhane-say-uml-is-a-party-with-good-leaders,https://nepalfactcheck.org/wp-content/uploads/2026/02/rabi-lamichhane-300x169.jpg,एमालेको तारिफ गरेको रवि लामिछानेको भाइरल क्लिप भ्रामक छ । उनको वास्तविक भनाइ पूर्ण सन्दर्भमा सुन्दा फरक थियो।,0,Pristine,"Rabi Lamichhane, RSP, CPN-UML","Politics, Election",11/03/2026,ne,https://nepalfactcheck.org/2026/02/did-rabi-lamichhane-say-uml-is-a-party-with-good-leaders/,के रवि लामिछानेले एमाले राम्रो नेताहरू भएको पार्टी हो भनेका हुन्? तथ्य यस्तो छ
NFC_surakshya-pant-hpv-vaccine-claim-review,https://nepalfactcheck.org/wp-content/uploads/2026/02/vaccine-1-300x169.jpg,"के HPV खोप असुरक्षित छ, अभिनेत्री सुरक्षा पन्तको शंका ?",1,Fabricated,"Surakshya Pant, HPV Vaccine, Nepal","Health, Entertainment",11/03/2026,ne,https://nepalfactcheck.org/2026/02/surakshya-pant-hpv-vaccine-claim-review/,के कलाकार सुरक्षा पन्तले शंका गरे जस्तै एचपिभी खोप लगाउनु असुरक्षित हो?
NFC_surakshya-pant-hpv-vaccine-claim-review,https://nepalfactcheck.org/wp-content/uploads/2026/02/vaccine-1-300x169.jpg,अभिनेत्री सुरक्षा पन्तले एचपीभी भ्याक्सिनको सुरक्षालाई लिएर उठाएको चिन्तालाई वैज्ञानिक प्रमाणले समर्थन गर्दैन। डब्ल्यूएचओले खोपलाई सुरक्षित मानेको छ।,0,Pristine,"Surakshya Pant, HPV Vaccine, Nepal","Health, Entertainment",11/03/2026,ne,https://nepalfactcheck.org/2026/02/surakshya-pant-hpv-vaccine-claim-review/,के कलाकार सुरक्षा पन्तले शंका गरे जस्तै एचपिभी खोप लगाउनु असुरक्षित हो?
NFC_siddhababa-temple-palpa-snow-ai-edited,https://nepalfactcheck.org/wp-content/uploads/2026/02/palpa-300x169.png,भ्रममा नपर्नुहोस् - हिउँले ढाकेको पाल्पाको सिद्धबाबा मन्दिरको फोटो वास्तविक होइन,1,Fabricated,"Siddhababa Temple, Palpa, Snow, AI Edited","Tourism, Religion",12/03/2026,ne,https://nepalfactcheck.org/2026/02/siddhababa-temple-palpa-snow-ai-edited/,"नझुक्किनुस्, हिउँले ढाकेको पाल्पाको सिद्धबाबा मन्दिरको फोटो सही होइन"
NFC_siddhababa-temple-palpa-snow-ai-edited,https://nepalfactcheck.org/wp-content/uploads/2026/02/palpa-300x169.png,हिउँले ढाकिएको पाल्पाको सिद्धबाबा मन्दिरको तस्बिर वास्तविक तस्विर नभई एआई सम्पादन गरिएको हो ।,0,Pristine,"Siddhababa Temple, Palpa, Snow, AI Edited","Tourism, Religion",12/03/2026,ne,https://nepalfactcheck.org/2026/02/siddhababa-temple-palpa-snow-ai-edited/,"नझुक्किनुस्, हिउँले ढाकेको पाल्पाको सिद्धबाबा मन्दिरको फोटो सही होइन"
NFC_harka-sampang-supporters-photo-factcheck,https://nepalfactcheck.org/wp-content/uploads/2026/02/Harka-FACT_CHECK-DESIGN-7-300x169.png,हर्क साम्पाङ समर्थकको भाइरल एयरपोर्ट फोटो एआई द्वारा उत्पन्न गरिएको हो,1,Fabricated,"Harka Sampang, Airport, AI Generated","Politics, Election",12/03/2026,ne,https://nepalfactcheck.org/2026/02/harka-sampang-supporters-photo-factcheck/,हर्क साम्पाङ समर्थकको भनिएको विमानस्थलको भाइरल फोटो एआईबाट बनेको
NFC_harka-sampang-supporters-photo-factcheck,https://nepalfactcheck.org/wp-content/uploads/2026/02/Harka-FACT_CHECK-DESIGN-7-300x169.png,एयरपोर्टमा भाइरल फोटोमा हर्क साम्पाङका समर्थकहरूलाई देखाउने दाबी गरिएको छ भने एआई-जेनरेट गरिएको छ।,0,Pristine,"Harka Sampang, Airport, AI Generated","Politics, Election",12/03/2026,ne,https://nepalfactcheck.org/2026/02/harka-sampang-supporters-photo-factcheck/,हर्क साम्पाङ समर्थकको भनिएको विमानस्थलको भाइरल फोटो एआईबाट बनेको
NFC_deepfake-video-of-modi,https://nepalfactcheck.org/wp-content/uploads/2026/03/modi-fake-gagan-300x169.png,मोदीले बलेनलाई चुनावमा बधाई दिएको दाबी गर्ने भिडियो वास्तविक होइन - डीपफेक,1,Fabricated,"Narendra Modi, Balendra Shah, Balen, Deepfake, AI","Politics, Election, International",13/03/2026,ne,https://nepalfactcheck.org/2026/03/deepfake-video-of-modi/,मोदीले बालेनलाई चुनावी शुभकामना दिए भनिएको भिडियो सही होइन
NFC_deepfake-video-of-modi,https://nepalfactcheck.org/wp-content/uploads/2026/03/modi-fake-gagan-300x169.png,भारतीय प्रधानमन्त्री मोदीले बलेन शाहलाई चुनावी अभियानमा बधाई दिएको दाबी गरेको भाइरल भिडियो गहिरो छ। मोदीले यस्तो अभिव्यक्ति दिएनन् ।,0,Pristine,"Narendra Modi, Balendra Shah, Balen, Deepfake, AI","Politics, Election, International",13/03/2026,ne,https://nepalfactcheck.org/2026/03/deepfake-video-of-modi/,मोदीले बालेनलाई चुनावी शुभकामना दिए भनिएको भिडियो सही होइन
NFC_rsp-army-tob-border-security-claim-misleading,https://nepalfactcheck.org/wp-content/uploads/2026/02/FACT_CHECK-DESIGN-300x169.png,सीमा सुरक्षाको जिम्मेवारी टिओबीलाई दिने राप्रपाको दावी सही होइन,1,Miscaptioned,"RSP, Border Security, TOB, Nepal Army","Politics, Security",13/03/2026,ne,https://nepalfactcheck.org/2026/02/rsp-army-tob-border-security-claim-misleading/,रास्वपाको वाचा पत्रमा सीमा सुरक्षाको जिम्मा टिओबीलाई दिने दावी सही होइन
NFC_rsp-army-tob-border-security-claim-misleading,https://nepalfactcheck.org/wp-content/uploads/2026/02/FACT_CHECK-DESIGN-300x169.png,सीमा सुरक्षाको जिम्मेवारी TOB (तिब्बती वा अन्य बल)लाई दिने रासपको प्रतिज्ञापत्रमा भएको दाबी गलत छ । प्रतिज्ञालाई गलत ढंगले प्रस्तुत गरियो।,0,Pristine,"RSP, Border Security, TOB, Nepal Army","Politics, Security",13/03/2026,ne,https://nepalfactcheck.org/2026/02/rsp-army-tob-border-security-claim-misleading/,रास्वपाको वाचा पत्रमा सीमा सुरक्षाको जिम्मा टिओबीलाई दिने दावी सही होइन
NFC_deuba-ai-video-misleading,https://nepalfactcheck.org/wp-content/uploads/2026/03/FACT_CHECK-DESIGN-8-300x168.jpg,कन्टेन्ट क्रिएटरले एआई खुलाएनन् - नक्कली नोटको बन्डलको भिडियोले देउवालाई भ्रम,1,Fabricated,"Sher Bahadur Deuba, AI Video, Election Cash","Politics, Technology",14/03/2026,ne,https://nepalfactcheck.org/2026/03/deuba-ai-video-misleading/,कन्टेन्ट क्रिएटरले स्पष्ट नखुलाउँदा देउवाले नोटको बिटो एआई नै हो भनेको भिडियोमा झुक्किए
NFC_deuba-ai-video-misleading,https://nepalfactcheck.org/wp-content/uploads/2026/03/FACT_CHECK-DESIGN-8-300x168.jpg,पूर्वप्रधानमन्त्री देउवालाई नोटको बन्डल देखाइएको एआईले बनाएको भिडियोले भ्रममा पारेको थियो । सामग्री निर्माताले खुलासा गरेन कि यो AI-उत्पन्न थियो।,0,Pristine,"Sher Bahadur Deuba, AI Video, Election Cash","Politics, Technology",14/03/2026,ne,https://nepalfactcheck.org/2026/03/deuba-ai-video-misleading/,कन्टेन्ट क्रिएटरले स्पष्ट नखुलाउँदा देउवाले नोटको बिटो एआई नै हो भनेको भिडियोमा झुक्किए
NFC_gagan-thapa-sarlahi-chased-viral-video-fact-check,https://nepalfactcheck.org/wp-content/uploads/2026/03/gagan-thapa-300x169.jpg,"के गगन थापालाई सर्लाहीमा खेदियो ? होइन, भाइरल भिडियो आठ वर्ष पुरानो हो",1,Temporal_Mismatch,"Gagan Thapa, Sarlahi, Nepali Congress","Politics, Election",15/03/2026,ne,https://nepalfactcheck.org/2026/03/gagan-thapa-sarlahi-chased-viral-video-fact-check/,"गगन थापालाई सर्लाहीमा लखेटियो? होइन, भाइरल भिडियो आठ वर्ष पुरानो"
NFC_gagan-thapa-sarlahi-chased-viral-video-fact-check,https://nepalfactcheck.org/wp-content/uploads/2026/03/gagan-thapa-300x169.jpg,सर्लाहीमा गगन थापालाई खेदेको भाइरल भिडियो आठ वर्ष पुरानो र वर्तमान निर्वाचनसँग सम्बन्धित छैन।,0,Pristine,"Gagan Thapa, Sarlahi, Nepali Congress","Politics, Election",15/03/2026,ne,https://nepalfactcheck.org/2026/03/gagan-thapa-sarlahi-chased-viral-video-fact-check/,"गगन थापालाई सर्लाहीमा लखेटियो? होइन, भाइरल भिडियो आठ वर्ष पुरानो"
NFC_butwal-congress-photo-ai-generated,https://nepalfactcheck.org/wp-content/uploads/2026/03/butwal-congress-300x169.jpg,बुटवलमा कांग्रेसको र्‍यालीमा बिरुवा देखाइएको तस्बिर एआईले बनाएको हो,1,Fabricated,"Nepali Congress, Butwal, AI Generated Photo","Politics, Election",15/03/2026,ne,https://nepalfactcheck.org/2026/03/butwal-congress-photo-ai-generated/,बुटवलको कांग्रेस सभामा बोटबिरुवासहित देखाइएको फोटो एआई–निर्मित
NFC_butwal-congress-photo-ai-generated,https://nepalfactcheck.org/wp-content/uploads/2026/03/butwal-congress-300x169.jpg,बुटवलमा बिरुवा/हरियाली सहितको कांग्रेसको र्‍याली देखाइएको तस्बिर एआई-जेनरेट गरिएको हो र वास्तविक फोटो होइन।,0,Pristine,"Nepali Congress, Butwal, AI Generated Photo","Politics, Election",15/03/2026,ne,https://nepalfactcheck.org/2026/03/butwal-congress-photo-ai-generated/,बुटवलको कांग्रेस सभामा बोटबिरुवासहित देखाइएको फोटो एआई–निर्मित
NFC_viral-video-claiming-u-s-attack-on-iran-found-to-be-ai-generated,https://nepalfactcheck.org/wp-content/uploads/2026/03/iran-attack-ai-300x169.jpg,Video going viral in Nepal claiming US attack on Iran is not true - AI generated,1,Fabricated,"Iran, USA, Attack, AI Generated Video",International,16/03/2026,ne-en,https://nepalfactcheck.org/2026/03/viral-video-claiming-u-s-attack-on-iran-found-to-be-ai-generated/,इरानमा भएको आक्रमण दावी गर्दै नेपालमा भाइरल भएको भिडिओ सत्य होइन
NFC_viral-video-claiming-u-s-attack-on-iran-found-to-be-ai-generated,https://nepalfactcheck.org/wp-content/uploads/2026/03/iran-attack-ai-300x169.jpg,The video going viral in Nepal claiming to show a US attack on Iran is AI-generated and not a real video of any attack.,0,Pristine,"Iran, USA, Attack, AI Generated Video",International,16/03/2026,ne-en,https://nepalfactcheck.org/2026/03/viral-video-claiming-u-s-attack-on-iran-found-to-be-ai-generated/,इरानमा भएको आक्रमण दावी गर्दै नेपालमा भाइरल भएको भिडिओ सत्य होइन
NFC_photo-of-congress-leader-carrying-tree-in-campaign-is-not-real,https://nepalfactcheck.org/wp-content/uploads/2026/02/FACT_CHECK-DESIGN-1-3-300x169.png,भ्रममा नपर्नुहोस् - चुनावी प्रचारमा रुख बोकेको कांग्रेस नेताको तस्बिर वास्तविक होइन,1,Fabricated,"Nepali Congress, Election Campaign, Tree Photo","Politics, Election",16/03/2026,ne,https://nepalfactcheck.org/2026/02/photo-of-congress-leader-carrying-tree-in-campaign-is-not-real/,"नझुक्किनुस्, कांग्रेस नेता रुख बोकेर चुनावी प्रचारमा हिँडेको फोटो वास्तविक होइन"
NFC_photo-of-congress-leader-carrying-tree-in-campaign-is-not-real,https://nepalfactcheck.org/wp-content/uploads/2026/02/FACT_CHECK-DESIGN-1-3-300x169.png,चुनावी प्रचारका क्रममा रुख बोकेर हिँडेको कांग्रेस नेताको भाइरल तस्बिर एआई-जेनरेट वा डिजिटल रूपमा हेरफेर गरिएको हो।,0,Pristine,"Nepali Congress, Election Campaign, Tree Photo","Politics, Election",16/03/2026,ne,https://nepalfactcheck.org/2026/02/photo-of-congress-leader-carrying-tree-in-campaign-is-not-real/,"नझुक्किनुस्, कांग्रेस नेता रुख बोकेर चुनावी प्रचारमा हिँडेको फोटो वास्तविक होइन"
NFC_sobita-gautam-gurung-tharu-remark-misleading,https://nepalfactcheck.org/wp-content/uploads/2026/03/sobita-gautam-1-300x169.jpg,प्रेस विज्ञप्तिमा शोविता गौतमले आदिवासीहरूले पैसाको लागि आफूलाई बेच्ने भ्रामक भएको दाबी गरे,1,Miscaptioned,"Sobita Gautam, RSP, Indigenous, Janajati","Politics, Social",17/03/2026,ne,https://nepalfactcheck.org/2026/03/sobita-gautam-gurung-tharu-remark-misleading/,सोविता गौतमले आदिवासी जनजातिलाई पैसामा बिक्ने भने दावीसहित विज्ञप्ति यसकारण भ्रामक
NFC_sobita-gautam-gurung-tharu-remark-misleading,https://nepalfactcheck.org/wp-content/uploads/2026/03/sobita-gautam-1-300x169.jpg,सोविता गौतमले दाबी गरेको प्रेस विज्ञप्तिमा आदिवासी/जनजाति समुदायले पैसाको लागि आफूलाई बेच्ने भ्रामक छ। उनको वास्तविक बयान सन्दर्भ बाहिर लिइएको थियो।,0,Pristine,"Sobita Gautam, RSP, Indigenous, Janajati","Politics, Social",17/03/2026,ne,https://nepalfactcheck.org/2026/03/sobita-gautam-gurung-tharu-remark-misleading/,सोविता गौतमले आदिवासी जनजातिलाई पैसामा बिक्ने भने दावीसहित विज्ञप्ति यसकारण भ्रामक
NFC_balen-rabi-misinformation,https://nepalfactcheck.org/wp-content/uploads/2026/02/rabi-misinfo-by-harka-sampang-supporter-300x169.jpg,के रवि लामिछानेले भनेका थिए बलेन शाहलाई प्रधानमन्त्री बनाउने सहमति ?,1,Miscaptioned,"Rabi Lamichhane, Balendra Shah, Balen, RSP, Prime Minister","Politics, Election",17/03/2026,ne,https://nepalfactcheck.org/2026/02/balen-rabi-misinformation/,के रवि लामिछानेले बालेन शाहलाई प्रधानमन्त्री बनाउने सहमति नभएको भनेका हुन्?
NFC_balen-rabi-misinformation,https://nepalfactcheck.org/wp-content/uploads/2026/02/rabi-misinfo-by-harka-sampang-supporter-300x169.jpg,बलेन शाहलाई प्रधानमन्त्री बनाउने कुनै पनि सम्झौतालाई अस्वीकार गरेको रवि लामिछानेको भाइरल क्लिपलाई पूर्ण सन्दर्भबाट बाहिर निकाल्दा भ्रामक छ।,0,Pristine,"Rabi Lamichhane, Balendra Shah, Balen, RSP, Prime Minister","Politics, Election",17/03/2026,ne,https://nepalfactcheck.org/2026/02/balen-rabi-misinformation/,के रवि लामिछानेले बालेन शाहलाई प्रधानमन्त्री बनाउने सहमति नभएको भनेका हुन्?
NFC_prachanda-viral-video-debunked,https://nepalfactcheck.org/wp-content/uploads/2026/02/FACT_CHECK-DESIGN-2-2-300x169.png,जित्नको लागि मतपेटिका परिवर्तन गर्ने भ्रामक दाबी गर्न प्रचण्डको भाषणको क्लिपहरू एकसाथ टाँसियो,1,Fabricated,"Pushpa Kamal Dahal, Prachanda, Ballot Box, Election","Politics, Election",17/03/2026,ne,https://nepalfactcheck.org/2026/02/prachanda-viral-video-debunked/,प्रचण्डको भाषणको टुक्रा जोडेर बनाइयो बाकसै बदलेर चुनाव जित्नुपर्ने भ्रामक दाबी
NFC_prachanda-viral-video-debunked,https://nepalfactcheck.org/wp-content/uploads/2026/02/FACT_CHECK-DESIGN-2-2-300x169.png,प्रचण्डले चुनाव जित्नको लागि मतपेटिका परिवर्तन गर्ने कुरालाई झूटो रूपमा बुझाउनका लागि प्रचण्डको भाषणका धेरै क्लिपहरू एकसाथ टाँसिएको थियो।,0,Pristine,"Pushpa Kamal Dahal, Prachanda, Ballot Box, Election","Politics, Election",17/03/2026,ne,https://nepalfactcheck.org/2026/02/prachanda-viral-video-debunked/,प्रचण्डको भाषणको टुक्रा जोडेर बनाइयो बाकसै बदलेर चुनाव जित्नुपर्ने भ्रामक दाबी
NFC_heavy-rain-claim-false-light-to-moderate-rain-in-kathmandu,https://nepalfactcheck.org/wp-content/uploads/2026/02/FACT_CHECK-DESIGN-4-2-300x169.png,"मंगलबार काठमाडौं क्षेत्रमा हल्कादेखि मध्यम वर्षा भएको छ, भारी वर्षा भएको छैन",1,Fabricated,"Kathmandu, Rain, Weather Forecast",Weather,18/03/2026,ne,https://nepalfactcheck.org/2026/02/heavy-rain-claim-false-light-to-moderate-rain-in-kathmandu/,"मंगलबार काठमाडौंसहितका स्थानमा भारी होइन, हल्कादेखि मध्यम वर्षा भएको हो"
NFC_heavy-rain-claim-false-light-to-moderate-rain-in-kathmandu,https://nepalfactcheck.org/wp-content/uploads/2026/02/FACT_CHECK-DESIGN-4-2-300x169.png,मंगलबार काठमाडौं र आसपासका क्षेत्रमा भारी वर्षा भएको दाबी गलत हो । हल्कादेखि मध्यम वर्षा मात्रै भएको थियो ।,0,Pristine,"Kathmandu, Rain, Weather Forecast",Weather,18/03/2026,ne,https://nepalfactcheck.org/2026/02/heavy-rain-claim-false-light-to-moderate-rain-in-kathmandu/,"मंगलबार काठमाडौंसहितका स्थानमा भारी होइन, हल्कादेखि मध्यम वर्षा भएको हो"
NFC_claim-that-u-s-army-marched-in-nepal-is-misleading,https://nepalfactcheck.org/wp-content/uploads/2026/02/us-army-factcheck-300x169.jpg,सेना दिवसमा सैन्य ब्यान्ड कार्यक्रम अमेरिकी परेड भएको दाबी भ्रामक छ,1,Miscaptioned,"Nepal Army, Military Band, USA, Army Day","Military, Politics",18/03/2026,ne,https://nepalfactcheck.org/2026/02/claim-that-u-s-army-marched-in-nepal-is-misleading/,सैनिक दिवसको ब्यान्ड कार्यक्रमलाई अमेरिकी परेड भनेर फैलाइएको दावी भ्रामक
NFC_claim-that-u-s-army-marched-in-nepal-is-misleading,https://nepalfactcheck.org/wp-content/uploads/2026/02/us-army-factcheck-300x169.jpg,मिलिट्री ब्यान्ड परेड जस्तो देखिने भाइरल भिडियोलाई नेपालमा मार्च गरिरहेको अमेरिकी सेनाको परेड हो भनी गलत दाबी गरिएको थियो । यो वास्तवमा नेपाली सेनाको ब्यान्ड कार्यक्रम हो।,0,Pristine,"Nepal Army, Military Band, USA, Army Day","Military, Politics",18/03/2026,ne,https://nepalfactcheck.org/2026/02/claim-that-u-s-army-marched-in-nepal-is-misleading/,सैनिक दिवसको ब्यान्ड कार्यक्रमलाई अमेरिकी परेड भनेर फैलाइएको दावी भ्रामक
NFC_ranbir-kapoors-video,https://nepalfactcheck.org/wp-content/uploads/2026/02/FACT_CHECK-DESIGN-1-4-300x169.png,"बलेन शाहको दावीलाई समर्थन गर्दै रणबीर कपुर सत्य होइन: भिजुअल वास्तविक, अडियो नक्कली",1,Fabricated,"Ranbir Kapoor, Balendra Shah, Balen, Fake Audio, Bollywood","Entertainment, Politics, Election",18/03/2026,ne,https://nepalfactcheck.org/2026/02/ranbir-kapoors-video/,"रणवीर कपुरले बालेन शाहको समर्थन गरेको दावी सही होइन : दृश्य वास्तविक, अडिओ नक्कली"
NFC_ranbir-kapoors-video,https://nepalfactcheck.org/wp-content/uploads/2026/02/FACT_CHECK-DESIGN-1-4-300x169.png,बलिउड अभिनेता रणवीर कपुरले बलेन शाहलाई समर्थन गरेको दाबी गरेको एउटा भिडियो नक्कली अडियोको साथ डब गरिएको थियो। दृश्यहरू वास्तविक छन् तर अडियो बनावटी छन्।,0,Pristine,"Ranbir Kapoor, Balendra Shah, Balen, Fake Audio, Bollywood","Entertainment, Politics, Election",18/03/2026,ne,https://nepalfactcheck.org/2026/02/ranbir-kapoors-video/,"रणवीर कपुरले बालेन शाहको समर्थन गरेको दावी सही होइन : दृश्य वास्तविक, अडिओ नक्कली"
NFC_balen-ai-viral-photo,https://nepalfactcheck.org/wp-content/uploads/2026/02/Balen-Shah_FACT_CHECK-DESIGN-300x169.png,बालेनको रक्सी पिउँदै गरेको भाइरल तस्बिर वास्तविक होइन,1,Fabricated,"Balendra Shah, Balen, Alcohol, AI Generated","Politics, Election",19/03/2026,ne,https://nepalfactcheck.org/2026/02/balen-ai-viral-photo/,बालेनले मदिरा पिउँदै गरेको भाइरल फोटो सही होइन
NFC_balen-ai-viral-photo,https://nepalfactcheck.org/wp-content/uploads/2026/02/Balen-Shah_FACT_CHECK-DESIGN-300x169.png,बलेन शाहले मदिरा सेवन गरेको देखाएको भाइरल तस्बिर एआईबाट बनेको हो र वास्तविक होइन ।,0,Pristine,"Balendra Shah, Balen, Alcohol, AI Generated","Politics, Election",19/03/2026,ne,https://nepalfactcheck.org/2026/02/balen-ai-viral-photo/,बालेनले मदिरा पिउँदै गरेको भाइरल फोटो सही होइन
NFC_samaa-thapas-facebook-post-on-public-holidays-for-elections-is-misleading,https://nepalfactcheck.org/wp-content/uploads/2026/03/journalist-sama-thapa-300x169.jpg,निर्वाचनका लागि ७ दिन बिदा र भारतमा शनिबार–आइतबार मात्रै मतदान हुने दाबी भ्रामक छन्,1,Fabricated,"Nepal Election, India Election, Public Holiday","Election, Government",19/03/2026,ne,https://nepalfactcheck.org/2026/03/samaa-thapas-facebook-post-on-public-holidays-for-elections-is-misleading/,चुनावका लागि ७ दिन विदा र भारतमा शनिबार–आइतबार मात्रै चुनाव हुने दावी भ्रामक
NFC_samaa-thapas-facebook-post-on-public-holidays-for-elections-is-misleading,https://nepalfactcheck.org/wp-content/uploads/2026/03/journalist-sama-thapa-300x169.jpg,नेपालमा चुनावका लागि ७ दिन बिदा हुने र भारतमा सप्ताहन्तमा मात्रै चुनाव हुने भाइरल दाबी भ्रामक छ ।,0,Pristine,"Nepal Election, India Election, Public Holiday","Election, Government",19/03/2026,ne,https://nepalfactcheck.org/2026/03/samaa-thapas-facebook-post-on-public-holidays-for-elections-is-misleading/,चुनावका लागि ७ दिन विदा र भारतमा शनिबार–आइतबार मात्रै चुनाव हुने दावी भ्रामक
NFC_claim-of-assault-and-khukuri-attack-on-vivek-thapaliya-found-to-be-false,https://nepalfactcheck.org/wp-content/uploads/2026/02/FACT_CHECK-DESIGN-6-2-300x169.png,विवेक थपलियामाथि खुकुरी प्रहार भएको छैन – भाइरल दाबी गलत,1,Fabricated,"Vivek Thapaliya, Khukuri Attack","Politics, Election",20/03/2026,ne,https://nepalfactcheck.org/2026/02/claim-of-assault-and-khukuri-attack-on-vivek-thapaliya-found-to-be-false/,"विवेक थपलियामाथि खुकुरी प्रहार भएको छैन, भाइरल दाबी मिथ्या"
NFC_claim-of-assault-and-khukuri-attack-on-vivek-thapaliya-found-to-be-false,https://nepalfactcheck.org/wp-content/uploads/2026/02/FACT_CHECK-DESIGN-6-2-300x169.png,विवेक थपलियामाथि खुकुरी प्रहार गरेको भाइरल दाबी गलत हो । त्यस्तो आक्रमण भएको छैन ।,0,Pristine,"Vivek Thapaliya, Khukuri Attack","Politics, Election",20/03/2026,ne,https://nepalfactcheck.org/2026/02/claim-of-assault-and-khukuri-attack-on-vivek-thapaliya-found-to-be-false/,"विवेक थपलियामाथि खुकुरी प्रहार भएको छैन, भाइरल दाबी मिथ्या"
NFC_misleading-image-falsely-claims-gagan-thapa-bowed-at-voters-feet-with-money,https://nepalfactcheck.org/wp-content/uploads/2026/03/gagan-thapa-fact-check-baner-1024x500-1-300x146.jpg,गगन थापाले मतदाताको खुट्टामा पैसा राखेर झुकेको भाइरल फोटो भ्रामक,1,Fabricated,"Gagan Thapa, Nepali Congress, Vote Buying","Politics, Election",20/03/2026,ne,https://nepalfactcheck.org/2026/03/misleading-image-falsely-claims-gagan-thapa-bowed-at-voters-feet-with-money/,गगन थापाले मतदाताको खुट्टामा पैसा राखेर ढोगेको दावीसहितको भाइरल फोटो यसकारण भ्रामक
NFC_misleading-image-falsely-claims-gagan-thapa-bowed-at-voters-feet-with-money,https://nepalfactcheck.org/wp-content/uploads/2026/03/gagan-thapa-fact-check-baner-1024x500-1-300x146.jpg,तथ्य/निश्कर्ष : भ्रामक सूचना। भाइरल फोटो गगन थापासँग सम्बन्धित छैन। उक्त फोटो २०७९ सालमा मेलम्ची नगरपालिका–१० का वडा अध्यक्ष उम्मेदवार अमृत खनालसँग सम्बन्धित पुरानो समाचारको हो। पुरानो फोटोलाई गलत सन्दर्भमा प्रस्तुत गरी भ्रम फैलाइएको हो।,0,Pristine,"Gagan Thapa, Nepali Congress, Vote Buying","Politics, Election",20/03/2026,ne,https://nepalfactcheck.org/2026/03/misleading-image-falsely-claims-gagan-thapa-bowed-at-voters-feet-with-money/,गगन थापाले मतदाताको खुट्टामा पैसा राखेर ढोगेको दावीसहितको भाइरल फोटो यसकारण भ्रामक
NFC_rabi-lamichhane-indian-ambassador-meeting-photo-misleading-election-claim,https://nepalfactcheck.org/wp-content/uploads/2026/02/FACT_CHECK-DESIGN-6-1-300x169.png,रवि लामिछाने र भारतीय राजदूत गोप्य भेटको भाइरल तस्बिर वास्तवमा २ वर्ष पुरानो शिष्टाचार भेट हो ।,1,Temporal_Mismatch,"Rabi Lamichhane, RSP, Indian Ambassador, India, Nepal","Politics, International",20/03/2026,ne,https://nepalfactcheck.org/2026/02/rabi-lamichhane-indian-ambassador-meeting-photo-misleading-election-claim/,रवि लामिछाने र भारतीय राजदूतको गोप्य भन्दै भाइरल फोटो वास्तवमा दुई वर्ष पुरानो शिष्टाचार
NFC_rabi-lamichhane-indian-ambassador-meeting-photo-misleading-election-claim,https://nepalfactcheck.org/wp-content/uploads/2026/02/FACT_CHECK-DESIGN-6-1-300x169.png,रवि लामिछाने र भारतीय राजदूतबीच गोप्य भेट भएको दाबी गर्ने भाइरल फोटो वास्तवमा दुई वर्ष पुरानो शिष्टाचार भेटको तस्बिर हो ।,0,Pristine,"Rabi Lamichhane, RSP, Indian Ambassador, India, Nepal","Politics, International",20/03/2026,ne,https://nepalfactcheck.org/2026/02/rabi-lamichhane-indian-ambassador-meeting-photo-misleading-election-claim/,रवि लामिछाने र भारतीय राजदूतको गोप्य भन्दै भाइरल फोटो वास्तवमा दुई वर्ष पुरानो शिष्टाचार
NFC_switzerland-sarco-suicide-pod-not-legally-approved,https://nepalfactcheck.org/wp-content/uploads/2026/02/sarco-pod-300x169.png,Viral post claim is not correct: Sarco Pod does not have legal approval,1,Fabricated,"Sarco Pod, Suicide Pod, Switzerland, Assisted Dying","International, Legal, Health",20/03/2026,ne-en,https://nepalfactcheck.org/2026/02/switzerland-sarco-suicide-pod-not-legally-approved/,भाइरल पोस्टको दावी सही होइन : सार्को पोड लाई कानुनी मान्यता छैन
NFC_switzerland-sarco-suicide-pod-not-legally-approved,https://nepalfactcheck.org/wp-content/uploads/2026/02/sarco-pod-300x169.png,The viral claim that Switzerland's Sarco suicide pod has received legal approval is not correct. It has not been legally approved.,0,Pristine,"Sarco Pod, Suicide Pod, Switzerland, Assisted Dying","International, Legal, Health",20/03/2026,ne-en,https://nepalfactcheck.org/2026/02/switzerland-sarco-suicide-pod-not-legally-approved/,भाइरल पोस्टको दावी सही होइन : सार्को पोड लाई कानुनी मान्यता छैन
NFC_did-gagan-thapa-insult-janajatis,https://nepalfactcheck.org/wp-content/uploads/2026/02/gagan-thapa-viral-video-300x169.jpg,"जनजातिबारे गगन थापाको भिडियो प्रसङ्ग काटेर भाइरल गरिएको, भ्रामक छ",1,Miscaptioned,"Gagan Thapa, Nepali Congress, Janajati, Indigenous","Politics, Social, Election",21/03/2026,ne,https://nepalfactcheck.org/2026/02/did-gagan-thapa-insult-janajatis/,सन्दर्भ काटेर भाइरल बनाइएको गगन थापाको जनजातिसम्बन्धी भिडियो भ्रामक
NFC_did-gagan-thapa-insult-janajatis,https://nepalfactcheck.org/wp-content/uploads/2026/02/gagan-thapa-viral-video-300x169.jpg,आदिवासी/जनजाति समुदायको बारेमा बोल्ने गगन थापाको क्लिपलाई सन्दर्भबाट काटेर उनीहरूलाई अपमान गरेको भ्रामक दाबीका साथ भाइरल गरियो।,0,Pristine,"Gagan Thapa, Nepali Congress, Janajati, Indigenous","Politics, Social, Election",21/03/2026,ne,https://nepalfactcheck.org/2026/02/did-gagan-thapa-insult-janajatis/,सन्दर्भ काटेर भाइरल बनाइएको गगन थापाको जनजातिसम्बन्धी भिडियो भ्रामक
NFC_jwala-sangraula-attack-misleading,https://nepalfactcheck.org/wp-content/uploads/2026/02/FACT_CHECK-DESIGN-7-300x169.png,आरएसपी नेतृ ज्वाला संग्रौलामाथि आक्रमणको दाबी भ्रामक छ,1,Fabricated,"Jwala Sangraula, RSP, Assault","Politics, Election",21/03/2026,ne,https://nepalfactcheck.org/2026/02/jwala-sangraula-attack-misleading/,रास्वपा नेतृ ज्वाला सङ्ग्रौलामाथि कुटपिट भएको दाबी भ्रामक
NFC_jwala-sangraula-attack-misleading,https://nepalfactcheck.org/wp-content/uploads/2026/02/FACT_CHECK-DESIGN-7-300x169.png,आरएसपी नेतृ ज्वाला संग्रौलालाई कुटपिट गरिएको भाइरल दाबी भ्रामक छ र प्रमाणित प्रमाणको अभाव छ।,0,Pristine,"Jwala Sangraula, RSP, Assault","Politics, Election",21/03/2026,ne,https://nepalfactcheck.org/2026/02/jwala-sangraula-attack-misleading/,रास्वपा नेतृ ज्वाला सङ्ग्रौलामाथि कुटपिट भएको दाबी भ्रामक
NFC_misleading-ai-generated-images-claiming-hospitalization-of-balen-shah,https://nepalfactcheck.org/wp-content/uploads/2026/02/FACT_CHECK-DESIGN-7-1-300x169.png,बालेन बिरामी छैनन् - भाइरल फोटोहरू एआई-उत्पन्न हुन्,1,Fabricated,"Balendra Shah, Balen, Hospital, AI Generated","Politics, Election",21/03/2026,ne,https://nepalfactcheck.org/2026/02/misleading-ai-generated-images-claiming-hospitalization-of-balen-shah/,"बालेन बिरामी भएका हैनन्, भाइरल फोटो एआईबाट बनेको"
NFC_misleading-ai-generated-images-claiming-hospitalization-of-balen-shah,https://nepalfactcheck.org/wp-content/uploads/2026/02/FACT_CHECK-DESIGN-7-1-300x169.png,बलेन शाह अस्पतालमा भर्ना छन् वा बिरामी छन् भनी भाइरल तस्बिरहरू एआई द्वारा उत्पन्न भएका हुन्। उहाँ बिरामी हुनुहुन्न।,0,Pristine,"Balendra Shah, Balen, Hospital, AI Generated","Politics, Election",21/03/2026,ne,https://nepalfactcheck.org/2026/02/misleading-ai-generated-images-claiming-hospitalization-of-balen-shah/,"बालेन बिरामी भएका हैनन्, भाइरल फोटो एआईबाट बनेको"
NFC_viral-photo-gorkha-debunked,https://nepalfactcheck.org/wp-content/uploads/2026/03/gorkha-rsp-300x169.jpg,"५ लाख नगदसहित पक्राउ नेताको फोटो भाइरल : टाउको बदलियो, दाबी झुटो",1,Fabricated,"Gorkha, Election, Cash Arrest, Edited Photo","Politics, Election",21/03/2026,ne,https://nepalfactcheck.org/2026/03/viral-photo-gorkha-debunked/,"५ लाख नगदसहित नेता पक्राउ परेको भाइरल फोटोको तथ्य: टाउको फेरिएको, दावी मिथ्या"
NFC_viral-photo-gorkha-debunked,https://nepalfactcheck.org/wp-content/uploads/2026/03/gorkha-rsp-300x169.jpg,५ लाख नगदसहित राजनीतिक नेता पक्राउ परेको भाइरल तस्बिरलाई डिजिटल हेरफेर गरिएको छ - एक व्यक्तिको टाउकोलाई राजनीतिज्ञको टाउकोले बदलिएको छ।,0,Pristine,"Gorkha, Election, Cash Arrest, Edited Photo","Politics, Election",21/03/2026,ne,https://nepalfactcheck.org/2026/03/viral-photo-gorkha-debunked/,"५ लाख नगदसहित नेता पक्राउ परेको भाइरल फोटोको तथ्य: टाउको फेरिएको, दावी मिथ्या"
NFC_digitally-altered-photo-of-surya-thapa-goes-viral,https://nepalfactcheck.org/wp-content/uploads/2026/02/FACT_CHECK-DESIGN-3-5-300x169.png,जुत्ताको माला लगाएको सुर्य थापाको दाबी सहितको तस्बिर भाइरल - के छ वास्तविकता ?,1,Fabricated,"Surya Thapa, Shoe Garland, Digitally Altered","Politics, Election",21/03/2026,ne,https://nepalfactcheck.org/2026/02/digitally-altered-photo-of-surya-thapa-goes-viral/,"भाइरल फोटोमा सूर्य थापाले जुत्ताको माला लगाएको दावी, वास्तविकता के हो?"
NFC_digitally-altered-photo-of-surya-thapa-goes-viral,https://nepalfactcheck.org/wp-content/uploads/2026/02/FACT_CHECK-DESIGN-3-5-300x169.png,सूर्य थापाले जुत्ताको माला लगाएको देखाएको भाइरल तस्बिरलाई डिजिटल परिवर्तन गरिएको छ ।,0,Pristine,"Surya Thapa, Shoe Garland, Digitally Altered","Politics, Election",21/03/2026,ne,https://nepalfactcheck.org/2026/02/digitally-altered-photo-of-surya-thapa-goes-viral/,"भाइरल फोटोमा सूर्य थापाले जुत्ताको माला लगाएको दावी, वास्तविकता के हो?"
NFC_harka-sampang-bell-vote-claim-misleading,https://nepalfactcheck.org/wp-content/uploads/2026/03/balen-rabi-modi-300x169.jpg,भ्रममा नपर्नुस्- केपी ओलीलाई हराउन हर्क साम्पाङले बेल (रासपा) लाई भोट माग्न भनेका छैनन् ।,1,Fabricated,"Harka Sampang, KP Sharma Oli, RSP, Bell Vote","Politics, Election",21/03/2026,ne,https://nepalfactcheck.org/2026/03/harka-sampang-bell-vote-claim-misleading/,"नझुक्किनुस्, हर्क साम्पाङले केपी ओलीलाई हराउन घण्टीमा भोट मागेका छैनन्"
NFC_harka-sampang-bell-vote-claim-misleading,https://nepalfactcheck.org/wp-content/uploads/2026/03/balen-rabi-modi-300x169.jpg,केपी शर्मा ओलीलाई हराउन हर्क साम्पाङले मतदातालाई घण्टी चिन्ह (रासपा) लाई भोट दिन आग्रह गरेको भाइरल दाबी गलत हो ।,0,Pristine,"Harka Sampang, KP Sharma Oli, RSP, Bell Vote","Politics, Election",21/03/2026,ne,https://nepalfactcheck.org/2026/03/harka-sampang-bell-vote-claim-misleading/,"नझुक्किनुस्, हर्क साम्पाङले केपी ओलीलाई हराउन घण्टीमा भोट मागेका छैनन्"
NFC_tashi-lhazoms-speech,https://nepalfactcheck.org/wp-content/uploads/2026/02/FACT_CHECK-DESIGN-8-1-300x169.png,म कांग्रेस उम्मेदवार हुँ भन्दै टासी ल्हाजोमको भिडियो यस कारण भ्रामक छ,1,Miscaptioned,"Tashi Lhazom, Nepali Congress, Candidate","Politics, Election",21/03/2026,ne,https://nepalfactcheck.org/2026/02/tashi-lhazoms-speech/,टासी ल्हान्जोमले म कांग्रेसको उम्मेदवार भनेको भिडियो यसकारण भ्रामक
NFC_tashi-lhazoms-speech,https://nepalfactcheck.org/wp-content/uploads/2026/02/FACT_CHECK-DESIGN-8-1-300x169.png,टाशी लाजोमले आफू कांग्रेस उम्मेदवार भएको दाबी गरेको भिडियो भ्रामक छ। उनको वास्तविक बयान अर्कै सन्दर्भमा थियो।,0,Pristine,"Tashi Lhazom, Nepali Congress, Candidate","Politics, Election",21/03/2026,ne,https://nepalfactcheck.org/2026/02/tashi-lhazoms-speech/,टासी ल्हान्जोमले म कांग्रेसको उम्मेदवार भनेको भिडियो यसकारण भ्रामक
NFC_no-heavy-snow-rain-in-6-provinces-today,https://nepalfactcheck.org/wp-content/uploads/2026/02/FACT_CHECK-DESIGN-1-2-300x169.png,लुम्बिनी र वाग्मतीसहित ६ प्रदेशमा आज भारी हिमपात र वर्षाको सम्भावना छैन,1,Fabricated,"Nepal, Weather, Snow, Rain, Provinces",Weather,21/03/2026,ne,https://nepalfactcheck.org/2026/02/no-heavy-snow-rain-in-6-provinces-today/,"नझुक्किनुस्, लुम्बिनी र बागमतीसहित ६ प्रदेशमा आज भारी हिमपात र वर्षाको सम्भावना होइन"
NFC_no-heavy-snow-rain-in-6-provinces-today,https://nepalfactcheck.org/wp-content/uploads/2026/02/FACT_CHECK-DESIGN-1-2-300x169.png,नेपालका ६ प्रदेशमा भारी हिमपात र वर्षा भएको भाइरल दाबी गलत वास्तविक मौसम पूर्वानुमान हल्कादेखि मध्यम वर्षाको लागि थियो।,0,Pristine,"Nepal, Weather, Snow, Rain, Provinces",Weather,21/03/2026,ne,https://nepalfactcheck.org/2026/02/no-heavy-snow-rain-in-6-provinces-today/,"नझुक्किनुस्, लुम्बिनी र बागमतीसहित ६ प्रदेशमा आज भारी हिमपात र वर्षाको सम्भावना होइन"
NFC_viral-claim-that-nepali-congress-appointed-leaders-relatives-as-proportional-mps-is-misleading,https://nepalfactcheck.org/wp-content/uploads/2026/03/nc-pr-300x169.jpg,"नेपाली कांग्रेसको समानुपातिक सांसदबारे भाइरल पोष्टः कोही सम्बन्ध सही, कोही गलत दाबी",1,Miscaptioned,"Nepali Congress, Proportional MPs, Relatives","Politics, Election",21/03/2026,ne,https://nepalfactcheck.org/2026/03/viral-claim-that-nepali-congress-appointed-leaders-relatives-as-proportional-mps-is-misleading/,"कांग्रेसका समानुपातिक सांसदबारे भाइरल पोस्ट: केही नाता सही, केही दावी गलत"
NFC_viral-claim-that-nepali-congress-appointed-leaders-relatives-as-proportional-mps-is-misleading,https://nepalfactcheck.org/wp-content/uploads/2026/03/nc-pr-300x169.jpg,नेपाली कांग्रेसका सबै समानुपातिक सांसदहरू पार्टीका नेताका आफन्त भएको भाइरल पोष्ट आंशिक रूपमा गलत हो । केही दावीहरू सहि छन् तर अरूहरू अतिरंजित वा गलत छन्।,0,Pristine,"Nepali Congress, Proportional MPs, Relatives","Politics, Election",21/03/2026,ne,https://nepalfactcheck.org/2026/03/viral-claim-that-nepali-congress-appointed-leaders-relatives-as-proportional-mps-is-misleading/,"कांग्रेसका समानुपातिक सांसदबारे भाइरल पोस्ट: केही नाता सही, केही दावी गलत"
NFC_viral-clip-of-kp-sharma-oli-predicting-7-seats-is-misleading,https://nepalfactcheck.org/wp-content/uploads/2026/03/FACT_CHECK-DESIGN-4-300x169.png,ओलीले ७ सिट आउँछ भन्ने भाइरल भिडियो भ्रामक छ,1,Miscaptioned,"KP Sharma Oli, CPN-UML, RSP, 7 Seats Prediction","Politics, Election",21/03/2026,ne,https://nepalfactcheck.org/2026/03/viral-clip-of-kp-sharma-oli-predicting-7-seats-is-misleading/,ओलीले ७ सिट आउने बताएको भनिएको भाइरल भिडिओ भ्रामक
NFC_viral-clip-of-kp-sharma-oli-predicting-7-seats-is-misleading,https://nepalfactcheck.org/wp-content/uploads/2026/03/FACT_CHECK-DESIGN-4-300x169.png,केपी शर्मा ओलीले राप्रपाको ७ सिटको भविष्यवाणी गरेको भाइरल क्लिप भ्रामक छ । क्लिप पुरानो अन्तर्वार्ताबाट सन्दर्भ बाहिर लिइएको हो।,0,Pristine,"KP Sharma Oli, CPN-UML, RSP, 7 Seats Prediction","Politics, Election",21/03/2026,ne,https://nepalfactcheck.org/2026/03/viral-clip-of-kp-sharma-oli-predicting-7-seats-is-misleading/,ओलीले ७ सिट आउने बताएको भनिएको भाइरल भिडिओ भ्रामक
NFC_kp-sharma-oli-viral-video-fact-check-old-interview-misleading-election-loss-claim,https://nepalfactcheck.org/wp-content/uploads/2026/03/oli-crying-misleading-300x169.jpg,चुनाव हारेपछि ओली रोएको दाबी गर्ने भिडियो भ्रामक - ९ वर्ष पुरानो अन्तर्वार्ता भाइरल,1,Temporal_Mismatch,"KP Sharma Oli, CPN-UML, Crying Video, Old Interview","Politics, Election",22/03/2026,ne,https://nepalfactcheck.org/2026/03/kp-sharma-oli-viral-video-fact-check-old-interview-misleading-election-loss-claim/,"चुनाव हारेपछि ओली रोए भन्ने भिडियो भ्रामक, ९ वर्ष पुरानो अन्तर्वार्ता भाइरल"
NFC_kp-sharma-oli-viral-video-fact-check-old-interview-misleading-election-loss-claim,https://nepalfactcheck.org/wp-content/uploads/2026/03/oli-crying-misleading-300x169.jpg,"चुनाव हारेपछि केपी शर्मा ओली रोएको भाइरल भिडियो भ्रामक छ । यो 9 वर्ष पुरानो अन्तर्वार्ताबाट हो, वर्तमान चुनावसँग सम्बन्धित छैन।",0,Pristine,"KP Sharma Oli, CPN-UML, Crying Video, Old Interview","Politics, Election",22/03/2026,ne,https://nepalfactcheck.org/2026/03/kp-sharma-oli-viral-video-fact-check-old-interview-misleading-election-loss-claim/,"चुनाव हारेपछि ओली रोए भन्ने भिडियो भ्रामक, ९ वर्ष पुरानो अन्तर्वार्ता भाइरल"
NFC_pradeep-gyawali-viral-quote-fact-check,https://nepalfactcheck.org/wp-content/uploads/2026/03/FACT_CHECK-DESIGN-3-300x169.png,प्रदिप ज्ञवालीले आफूलाई राप्रपाले धोका दिएको दाबी गलत हो,1,Fabricated,"Pradeep Gyawali, CPN-UML, RSP, Betrayal","Politics, Election",22/03/2026,ne,https://nepalfactcheck.org/2026/03/pradeep-gyawali-viral-quote-fact-check/,प्रदीप ज्ञवालीले रास्वपाबाट धोका भयो भनेको दावी मिथ्या
NFC_pradeep-gyawali-viral-quote-fact-check,https://nepalfactcheck.org/wp-content/uploads/2026/03/FACT_CHECK-DESIGN-3-300x169.png,प्रदीप ज्ञवालीले आफूलाई आरएसपीले धोका दिएको भनाइको भाइरल भनाई गलत हो । उनले त्यस्तो अभिव्यक्ति दिएनन् ।,0,Pristine,"Pradeep Gyawali, CPN-UML, RSP, Betrayal","Politics, Election",22/03/2026,ne,https://nepalfactcheck.org/2026/03/pradeep-gyawali-viral-quote-fact-check/,प्रदीप ज्ञवालीले रास्वपाबाट धोका भयो भनेको दावी मिथ्या
NFC_khagendra-sunar-teacher-remark-video-miscontextualized,https://nepalfactcheck.org/wp-content/uploads/2026/03/FACT_CHECK-DESIGN-7-300x169.png,सांसद बनेपछि खगेन्द्र सुनारको भएको भाइरल भिडियो वास्तवमा १० महिना पुरानो हो,1,Temporal_Mismatch,"Khagendra Sunar, Teacher Remark, Parliament",Politics,22/03/2026,ne,https://nepalfactcheck.org/2026/03/khagendra-sunar-teacher-remark-video-miscontextualized/,सांसद भएपछि बोलेको भन्दै भाइरल भिडियो वास्तवमा १० महिना पुरानो
NFC_khagendra-sunar-teacher-remark-video-miscontextualized,https://nepalfactcheck.org/wp-content/uploads/2026/03/FACT_CHECK-DESIGN-7-300x169.png,"खगेन्द्र सुनार सांसद बनेपछिको भाइरल भिडियो साँच्चै १० महिना पुरानो हो, जसमा उनको सांसद पद हो ।",0,Pristine,"Khagendra Sunar, Teacher Remark, Parliament",Politics,22/03/2026,ne,https://nepalfactcheck.org/2026/03/khagendra-sunar-teacher-remark-video-miscontextualized/,सांसद भएपछि बोलेको भन्दै भाइरल भिडियो वास्तवमा १० महिना पुरानो
NFC_invalid-votes-nepal-election-2082-misleading-claims-kantipur-gorkhapatra,https://nepalfactcheck.org/wp-content/uploads/2026/03/kantipur-gorkhapatra-300x169.jpg,अवैध भोटहरू ३५ वर्षमा सबैभन्दा बढी थिए वा घटेका थिए? कान्तिपुर र गोरखापत्रको दाबी किन फरक ?,1,Miscaptioned,"Invalid Votes, Kantipur, Gorkhapatra, Nepal Election 2082","Election, Media",22/03/2026,ne,https://nepalfactcheck.org/2026/03/invalid-votes-nepal-election-2082-misleading-claims-kantipur-gorkhapatra/,बदर मत ३५ वर्षयताकै सबैभन्दा बढी कि घट्यो ? कान्तिपुर र गोरखापत्रका दावी किन फरक?
NFC_invalid-votes-nepal-election-2082-misleading-claims-kantipur-gorkhapatra,https://nepalfactcheck.org/wp-content/uploads/2026/03/kantipur-gorkhapatra-300x169.jpg,कान्तिपुर र गोरखापत्रले नेपालको निर्वाचनमा अवैध मतको विवादास्पद दाबी प्रकाशित गरेका छन् । अनुसन्धानले पत्ता लगायो कि दुबै रिपोर्टहरूमा तिनीहरूको पद्धति वा डेटा व्याख्यामा समस्याहरू थिए।,0,Pristine,"Invalid Votes, Kantipur, Gorkhapatra, Nepal Election 2082","Election, Media",22/03/2026,ne,https://nepalfactcheck.org/2026/03/invalid-votes-nepal-election-2082-misleading-claims-kantipur-gorkhapatra/,बदर मत ३५ वर्षयताकै सबैभन्दा बढी कि घट्यो ? कान्तिपुर र गोरखापत्रका दावी किन फरक?
NFC_did-narendra-modi-say-nepal-and-other-countries-would-become-akhand-bharat-without-war,https://nepalfactcheck.org/wp-content/uploads/2026/03/modi-fake--300x169.jpg,Video of Modi saying Nepal and other countries will be merged into Akhand Bharat is deepfake,1,Fabricated,"Narendra Modi, Akhand Bharat, Nepal, India, Deepfake AI","International, Politics",22/03/2026,ne-en,https://nepalfactcheck.org/2026/03/did-narendra-modi-say-nepal-and-other-countries-would-become-akhand-bharat-without-war/,मोदीले नेपालसहितका देश अखण्ड भारतमा गाभिने भनेको भिडिओ डिपफेक
NFC_did-narendra-modi-say-nepal-and-other-countries-would-become-akhand-bharat-without-war,https://nepalfactcheck.org/wp-content/uploads/2026/03/modi-fake--300x169.jpg,The viral video of Indian PM Narendra Modi claiming Nepal and other countries would become part of Akhand Bharat (undivided India) is a deepfake created with AI.,0,Pristine,"Narendra Modi, Akhand Bharat, Nepal, India, Deepfake AI","International, Politics",22/03/2026,ne-en,https://nepalfactcheck.org/2026/03/did-narendra-modi-say-nepal-and-other-countries-would-become-akhand-bharat-without-war/,मोदीले नेपालसहितका देश अखण्ड भारतमा गाभिने भनेको भिडिओ डिपफेक
NFC_water-price-claim,https://nepalfactcheck.org/wp-content/uploads/2026/03/FACT_CHECK-DESIGN-9-1-300x169.png,पुरानो जानकारीको आधारमा पानीको मूल्य बारे भ्रामक समाचार,1,Temporal_Mismatch,"Water Price, Nepal, KUKL","Government, Consumer, Media",22/03/2026,ne,https://nepalfactcheck.org/2026/03/water-price-claim/,पुरानो सूचनालाई आधार बनाएर पानीको मूल्यबारे भ्रामक समाचार
NFC_water-price-claim,https://nepalfactcheck.org/wp-content/uploads/2026/03/FACT_CHECK-DESIGN-9-1-300x169.png,नेपालमा पानीको मूल्य निर्धारण बारे मिडिया रिपोर्टहरू भ्रामक थिए किनभने तिनीहरू हालैका परिवर्तनहरू स्वीकार नगरी पुरानो जानकारीमा आधारित थिए।,0,Pristine,"Water Price, Nepal, KUKL","Government, Consumer, Media",22/03/2026,ne,https://nepalfactcheck.org/2026/03/water-price-claim/,पुरानो सूचनालाई आधार बनाएर पानीको मूल्यबारे भ्रामक समाचार
NFC_tanka-dahal-bhattarai-koirala-claim-factcheck,https://nepalfactcheck.org/wp-content/uploads/2026/03/FACT_CHECK-DESIGN-8-300x169.png,२०५६ (१९९९) को निर्वाचनको इतिहासलाई तोडफोड गरेर भ्रामक दाबी फैलियो,1,Temporal_Mismatch,"Tanka Dahal, Baburam Bhattarai, Girija Prasad Koirala, 1999 Election","Politics, History, Election",22/03/2026,ne,https://nepalfactcheck.org/2026/03/tanka-dahal-bhattarai-koirala-claim-factcheck/,२०५६ सालको निर्वाचनको इतिहास तोडमोड गर्दै फैलाइयो भ्रामक दाबी
NFC_tanka-dahal-bhattarai-koirala-claim-factcheck,https://nepalfactcheck.org/wp-content/uploads/2026/03/FACT_CHECK-DESIGN-8-300x169.png,"टंक दाहाल, बाबुराम भट्टराई र गिरिजाप्रसाद कोइरालाले २०५६ साल (१९९९) को नेपालको निर्वाचनको इतिहासलाई तोडमोड गरेको भाइरल दाबी गरिएको छ ।",0,Pristine,"Tanka Dahal, Baburam Bhattarai, Girija Prasad Koirala, 1999 Election","Politics, History, Election",22/03/2026,ne,https://nepalfactcheck.org/2026/03/tanka-dahal-bhattarai-koirala-claim-factcheck/,२०५६ सालको निर्वाचनको इतिहास तोडमोड गर्दै फैलाइयो भ्रामक दाबी
NFC_heavy-rainfall-claim-misleading-nepal-weather-fact-check,https://nepalfactcheck.org/wp-content/uploads/2026/03/FACT_CHECK-DESIGN-10-1-300x169.png,"भारी वर्षाको दाबी गर्दै गलत सूचना फैलियो, वास्तविकता हल्का देखि मध्यम वर्षा हो",1,Fabricated,"Nepal, Rainfall, Weather Forecast",Weather,22/03/2026,ne,https://nepalfactcheck.org/2026/03/heavy-rainfall-claim-misleading-nepal-weather-fact-check/,"भारी वर्षा भन्दै फैलाइयो भ्रम, वास्तविकता हल्का र मध्यम वर्षा"
NFC_heavy-rainfall-claim-misleading-nepal-weather-fact-check,https://nepalfactcheck.org/wp-content/uploads/2026/03/FACT_CHECK-DESIGN-10-1-300x169.png,नेपालमा भारी वर्षाको भाइरल दाबी गलत वास्तविक मौसम अवलोकनले हल्कादेखि मध्यम वर्षा मात्र देखाएको छ।,0,Pristine,"Nepal, Rainfall, Weather Forecast",Weather,22/03/2026,ne,https://nepalfactcheck.org/2026/03/heavy-rainfall-claim-misleading-nepal-weather-fact-check/,"भारी वर्षा भन्दै फैलाइयो भ्रम, वास्तविकता हल्का र मध्यम वर्षा"
NFC_ai-image-manakamana,https://nepalfactcheck.org/wp-content/uploads/2026/03/FACT_CHECK-DESIGN-12-300x169.png,मनकामना रिटर्न माइक्रो दुर्घटनाको नाममा फैलिएका तस्बिरहरू एआई-जेनरेट हुन्,1,Fabricated,"Manakamana, Accident, AI Generated, Micro Vehicle",Society,22/03/2026,ne,https://nepalfactcheck.org/2026/03/ai-image-manakamana/,मनकामनाबाट फर्किएको माइक्रो दुर्घटनाका नाममा फैलाइएका फोटो एआई निर्मित
NFC_ai-image-manakamana,https://nepalfactcheck.org/wp-content/uploads/2026/03/FACT_CHECK-DESIGN-12-300x169.png,मनकामना मन्दिरबाट जाने बाटोमा माइक्रो गाडी दुर्घटना भएको देखाउने भाइरल तस्बिरहरू एआई-जेनरेट भएका हुन्।,0,Pristine,"Manakamana, Accident, AI Generated, Micro Vehicle",Society,22/03/2026,ne,https://nepalfactcheck.org/2026/03/ai-image-manakamana/,मनकामनाबाट फर्किएको माइक्रो दुर्घटनाका नाममा फैलाइएका फोटो एआई निर्मित
FL_youtube_hal_rudra_debunk_1,https://i.ytimg.com/vi/WHpZXqi6F_c/maxresdefault.jpg,A video with visuals of an air crash is being shared on social media platforms with the claim that Indian aircraft HAL Rudra was shot down by Nepali forces when it crossed the border to conduct airstrikes on Nepali territories.,1,Miscaptioned,"HAL Rudra, India, Nepal, The Telegraph, On-Demand News, Free Syrian Army, Syria, Eid Lib, Guardian, Google, Yandex",Politics,11/07/2020 00:00,en,https://i.ytimg.com/vi/WHpZXqi6F_c/maxresdefault.jpg,A video with visuals of an air crash is being shared on social media platforms with the claim that Indian aircraft HAL Rudra was shot down by Nepali f
FL_youtube_hal_rudra_debunk_1,https://i.ytimg.com/vi/WHpZXqi6F_c/maxresdefault.jpg,"The visuals are related to a helicopter crash that took place in the Syrian province of Idlib in 2012, where a Syrian army helicopter was shot down by rebel forces Free Syrian Army. An old video of the shooting down of a helicopter in Syria is being falsely shared as an Indian aircraft being shot down by Nepali forces.",0,Pristine,"HAL Rudra, India, Nepal, The Telegraph, On-Demand News, Free Syrian Army, Syria, Eid Lib, Guardian, Google, Yandex",Politics,11/07/2020 00:00,en,https://i.ytimg.com/vi/WHpZXqi6F_c/maxresdefault.jpg,A video with visuals of an air crash is being shared on social media platforms with the claim that Indian aircraft HAL Rudra was shot down by Nepali f
OK_ukraine_war_fact_check_4,https://english.onlinekhabar.com/wp-content/uploads/2022/03/fourth-photo-ukraine-war-637x1024.jpg,"Ukrainian President Volodymyr Zelensky in combat fatigues, gone viral on Twitter with false claims he was on the battlefield following the Russian invasion.",1,Temporal_Mismatch,"Ukraine, Volodymyr Zelensky, Russia",Politics,01/03/2022 00:00,en,https://english.onlinekhabar.com/wp-content/uploads/2022/03/fourth-photo-ukraine-war-637x1024.jpg,"Ukrainian President Volodymyr Zelensky in combat fatigues, gone viral on Twitter with false claims he was on the battlefield following the Russian inv"
OK_ukraine_war_fact_check_4,https://english.onlinekhabar.com/wp-content/uploads/2022/03/fourth-photo-ukraine-war-637x1024.jpg,"This photo shows President Zelensky on a visit to the conflict zone in eastern Ukraine on April 9, 2021.",0,Pristine,"Ukraine, Volodymyr Zelensky, Russia",Politics,01/03/2022 00:00,en,https://english.onlinekhabar.com/wp-content/uploads/2022/03/fourth-photo-ukraine-war-637x1024.jpg,"Ukrainian President Volodymyr Zelensky in combat fatigues, gone viral on Twitter with false claims he was on the battlefield following the Russian inv"
OK_ukraine_war_fact_check_2,https://english.onlinekhabar.com/wp-content/uploads/2022/03/Second-Photo-ukraine-war.jpg,"A child standing inside a room with broken walls and gaping holes, falsely claimed on Facebook to depict the current Ukraine war.",1,Temporal_Mismatch,"Facebook, Ukraine, Kyiv, Interior Ministry",Politics,01/03/2022 00:00,en,https://english.onlinekhabar.com/wp-content/uploads/2022/03/Second-Photo-ukraine-war.jpg,"A child standing inside a room with broken walls and gaping holes, falsely claimed on Facebook to depict the current Ukraine war."
OK_ukraine_war_fact_check_2,https://english.onlinekhabar.com/wp-content/uploads/2022/03/Second-Photo-ukraine-war.jpg,"This photo shows Independence Square in Kyiv during clashes between antigovernment protesters and Interior Ministry members and riot police on February 19, 2014.",0,Pristine,"Facebook, Ukraine, Kyiv, Interior Ministry",Politics,01/03/2022 00:00,en,https://english.onlinekhabar.com/wp-content/uploads/2022/03/Second-Photo-ukraine-war.jpg,"A child standing inside a room with broken walls and gaping holes, falsely claimed on Facebook to depict the current Ukraine war."
OK_ukraine_war_fact_check_1,https://english.onlinekhabar.com/wp-content/uploads/2022/03/First-Photo-ukraine-war.jpg,"A city square in flames and in ruins, falsely claimed to show the Ukraine war on Facebook.",1,Temporal_Mismatch,"Facebook, Ukraine, Palestine, Israel",Politics,01/03/2022 00:00,en,https://english.onlinekhabar.com/wp-content/uploads/2022/03/First-Photo-ukraine-war.jpg,"A city square in flames and in ruins, falsely claimed to show the Ukraine war on Facebook."
OK_ukraine_war_fact_check_1,https://english.onlinekhabar.com/wp-content/uploads/2022/03/First-Photo-ukraine-war.jpg,"The photo was taken after the ceasefire between Palestine and Israel on May 22, 2021.",0,Pristine,"Facebook, Ukraine, Palestine, Israel",Politics,01/03/2022 00:00,en,https://english.onlinekhabar.com/wp-content/uploads/2022/03/First-Photo-ukraine-war.jpg,"A city square in flames and in ruins, falsely claimed to show the Ukraine war on Facebook."
OK_ukraine_war_fact_check_3,https://english.onlinekhabar.com/wp-content/uploads/2022/03/Third-Photo-ukraine-war.jpg,"Dozens of tanks on the move, falsely presented as showing the current Ukraine war.",1,Temporal_Mismatch,"Ukraine, Russia, Belarus",Politics,01/03/2022 00:00,en,https://english.onlinekhabar.com/wp-content/uploads/2022/03/Third-Photo-ukraine-war.jpg,"Dozens of tanks on the move, falsely presented as showing the current Ukraine war."
OK_ukraine_war_fact_check_3,https://english.onlinekhabar.com/wp-content/uploads/2022/03/Third-Photo-ukraine-war.jpg,This photo shows the RussiaBelarus joint military exercise called Union Courage2022.,0,Pristine,"Ukraine, Russia, Belarus",Politics,01/03/2022 00:00,en,https://english.onlinekhabar.com/wp-content/uploads/2022/03/Third-Photo-ukraine-war.jpg,"Dozens of tanks on the move, falsely presented as showing the current Ukraine war."
vishvasnews_gautam_buddha_currency_1_v3,https://www.vishvasnews.com/wp-content/uploads/2023/03/Fake_News_1-6.jpg,Viral image claiming Nepal government included Gautam Buddhas picture on currency notes. The image is edited and the claim is false.,1,Fabricated,"Gautam Buddha, Nepal",Politics,01/03/2023 00:00,en,https://www.vishvasnews.com/wp-content/uploads/2023/03/Fake_News_1-6.jpg,Viral image claiming Nepal government included Gautam Buddhas picture on currency notes. The image is edited and the claim is false.
vishvasnews_gautam_buddha_currency_1_v3,https://www.vishvasnews.com/wp-content/uploads/2023/03/Fake_News_1-6.jpg,The viral photo claiming Gautam Buddhas picture on Nepals currency notes is fake and edited.,0,Pristine,"Gautam Buddha, Nepal",Politics,01/03/2023 00:00,en,https://www.vishvasnews.com/wp-content/uploads/2023/03/Fake_News_1-6.jpg,Viral image claiming Nepal government included Gautam Buddhas picture on currency notes. The image is edited and the claim is false.
OK_youtube_misinfo_president_flee,https://english.onlinekhabar.com/wp-content/uploads/2023/03/nk-misinfo-in-nepal.png,Misinformation in Nepal is a growing concern for stakeholders amid the rise of YouTube users.,1,Fabricated,,Politics,,en,https://english.onlinekhabar.com/wp-content/uploads/2023/03/nk-misinfo-in-nepal.png,Misinformation in Nepal is a growing concern for stakeholders amid the rise of YouTube users.
OK_youtube_misinfo_president_flee,https://english.onlinekhabar.com/wp-content/uploads/2023/03/nk-misinfo-in-nepal.png,"This image represents the prevalence of sensational headlines and misleading thumbnails among unregistered Nepali YouTube channels posing as news media. These include false claims, such as Prime Minister Pushpa Kamal Dahal fleeing his official residence by helicopter due to protests, and a political candidate pulling out of the presidential race, which are all fabricated.",0,Pristine,,Politics,,en,https://english.onlinekhabar.com/wp-content/uploads/2023/03/nk-misinfo-in-nepal.png,Misinformation in Nepal is a growing concern for stakeholders amid the rise of YouTube users.
OK_youtube_1_instance_1,https://english.onlinekhabar.com/wp-content/uploads/2023/03/misinfoyiutubenepal.png,Thumbnails of several YouTube videos are spreading misinformation in Nepal.,1,Miscaptioned,,Politics,,en,https://english.onlinekhabar.com/wp-content/uploads/2023/03/misinfoyiutubenepal.png,Thumbnails of several YouTube videos are spreading misinformation in Nepal.
OK_youtube_1_instance_1,https://english.onlinekhabar.com/wp-content/uploads/2023/03/misinfoyiutubenepal.png,"This image is a general representation of the problem of misleading YouTube thumbnails spreading misinformation in Nepal, as discussed throughout the article. One example cited is a Trishuli Khabar TV video falsely claiming the President of Nepals carcade killed a person.",0,Pristine,,Politics,,en,https://english.onlinekhabar.com/wp-content/uploads/2023/03/misinfoyiutubenepal.png,Thumbnails of several YouTube videos are spreading misinformation in Nepal.
KP_20220307_1_v2,https://assets-cdn.kathmandupost.com/uploads/source/news/2022/third-party/shutterstock58773429811zon-1646595524.jpg,"Misinformation, disinformation, false news and trial by social media",1,Fabricated,"Paul Shah, Nirmala Pant, Shuvam Dhungana, Nabindra Aryal, Pooja Sharma, Jaya Kishan Basnet, Dipendra Adhikari, Bishnu Kumar KC, Umesh Shrestha, Radhika Khatiwada, Hemanta Malla, Baburam Aryal, YouTube, Facebook, Twitter, TikTok, Nepal Police, Cyber Bureau",Politics,07/03/2022 00:00,ne-en,https://assets-cdn.kathmandupost.com/uploads/source/news/2022/third-party/shutterstock58773429811zon-1646595524.jpg,"Misinformation, disinformation, false news and trial by social media"
KP_20220307_1_v2,https://assets-cdn.kathmandupost.com/uploads/source/news/2022/third-party/shutterstock58773429811zon-1646595524.jpg,"The article from The Kathmandu Post discusses the pervasive nature of unchecked false news and videos online and their detrimental impact on criminal investigations and victims in Nepal, highlighting cases like the Paul Shah rape charge and the Nirmala Pant rape and murder case. It does not provide specific OOC_Media instances with their full misleading captionsclaims, detailed true contexts, and all associated imagevideo URLs.",0,Pristine,"Paul Shah, Nirmala Pant, Shuvam Dhungana, Nabindra Aryal, Pooja Sharma, Jaya Kishan Basnet, Dipendra Adhikari, Bishnu Kumar KC, Umesh Shrestha, Radhika Khatiwada, Hemanta Malla, Baburam Aryal, YouTube, Facebook, Twitter, TikTok, Nepal Police, Cyber Bureau",Politics,07/03/2022 00:00,ne-en,https://assets-cdn.kathmandupost.com/uploads/source/news/2022/third-party/shutterstock58773429811zon-1646595524.jpg,"Misinformation, disinformation, false news and trial by social media"
RN_20200517_1_v2,https://assets.rumsan.net/clients/recordnepal/img-2429.jpg,"Video clip of antiIndia demonstration being circulated on social media is six months old, with the viral claim Students in Butwal stage huge demonstration against India claiming Kalapani and Lipulekh is ours.",1,Fabricated,"Sanjog Shiwakoti, Students, Butwal, India, Kalapani, Lipulekh",Politics,17/05/2020 00:00,en,https://assets.rumsan.net/clients/recordnepal/img-2429.jpg,"Video clip of antiIndia demonstration being circulated on social media is six months old, with the viral claim Students in Butwal stage huge demonstra"
RN_20200517_1_v2,https://assets.rumsan.net/clients/recordnepal/img-2429.jpg,"The video, which went viral on May 16, 2020, was presented as a recent antiIndia demonstration by students in Butwal. However, the video was actually recorded in November 2019 during a demonstration in Butwal against Indias updated political map.",0,Pristine,"Sanjog Shiwakoti, Students, Butwal, India, Kalapani, Lipulekh",Politics,17/05/2020 00:00,en,https://assets.rumsan.net/clients/recordnepal/img-2429.jpg,"Video clip of antiIndia demonstration being circulated on social media is six months old, with the viral claim Students in Butwal stage huge demonstra"
thehimalayantimes_20230908_1,https://www.thehimalayantimes.com/thehimalayantimes/uploads/images/2023/09/08/26330.jpg,Vector illustration,1,Fabricated,"Tilak Prasad Pathak, Ujjwal Prajapati, Centre for Media Research-Nepal, Kiran Chapagain, Election Commission of Nepal, Umesh Shrestha, Nepalfactcheck.org, Nepali Congress, Maoist",Politics,08/09/2023 00:00,ne-en,https://www.thehimalayantimes.com/thehimalayantimes/uploads/images/2023/09/08/26330.jpg,thehimalayantimes 20230908 1
thehimalayantimes_20230908_1,https://www.thehimalayantimes.com/thehimalayantimes/uploads/images/2023/09/08/26330.jpg,The image is used in an article discussing misinformation and disinformation during election campaigning in Nepal.,0,Pristine,"Tilak Prasad Pathak, Ujjwal Prajapati, Centre for Media Research-Nepal, Kiran Chapagain, Election Commission of Nepal, Umesh Shrestha, Nepalfactcheck.org, Nepali Congress, Maoist",Politics,08/09/2023 00:00,ne-en,https://www.thehimalayantimes.com/thehimalayantimes/uploads/images/2023/09/08/26330.jpg,thehimalayantimes 20230908 1
OK_202208_local_election_voting,https://english.onlinekhabar.com/wp-content/uploads/2022/08/local-election-voting-2079-13-1024x683-1.jpg,The image depicts police personnel guarding the ballot box during the local elections on May 14.,1,Fabricated,"Election Commission, Nepali Congress, CPN Maoist Center, Martin Chautari, National Democratic Institute, Media Action Nepal, South Asia Check, UML, Dinesh Kumar Thapaliya, Harsha Man Maharjan, Bongbong Marcos, Ferdinand Marcos, Pushpa Kamal Dahal ‘Prachanda’, Pradeep Gyawali, Mohan Mainali, Deepak Adhikari, Kathmandu, Jumla, Kavre, Ramechhap, Rautahat, Saptari, United States of America, Philippines, Gorkha",Politics,13/12/2022 00:00,en,https://english.onlinekhabar.com/wp-content/uploads/2022/08/local-election-voting-2079-13-1024x683-1.jpg,The image depicts police personnel guarding the ballot box during the local elections on May 14.
OK_202208_local_election_voting,https://english.onlinekhabar.com/wp-content/uploads/2022/08/local-election-voting-2079-13-1024x683-1.jpg,The image depicts police personnel guarding ballot boxes during local elections in Nepal. It serves as a visual element in an article that exposes and discusses various forms of misinformation during the Nepal general elections.,0,Pristine,"Election Commission, Nepali Congress, CPN Maoist Center, Martin Chautari, National Democratic Institute, Media Action Nepal, South Asia Check, UML, Dinesh Kumar Thapaliya, Harsha Man Maharjan, Bongbong Marcos, Ferdinand Marcos, Pushpa Kamal Dahal ‘Prachanda’, Pradeep Gyawali, Mohan Mainali, Deepak Adhikari, Kathmandu, Jumla, Kavre, Ramechhap, Rautahat, Saptari, United States of America, Philippines, Gorkha",Politics,13/12/2022 00:00,en,https://english.onlinekhabar.com/wp-content/uploads/2022/08/local-election-voting-2079-13-1024x683-1.jpg,The image depicts police personnel guarding the ballot box during the local elections on May 14.
KP_20230219_1,https://assets-cdn.kathmandupost.com/uploads/source/news/2023/third-party/fakenews-1676771909.jpg,The article discusses screenshots purporting to be of a secret circular issued by the Nepali Congress that were doctored and uploaded on social networking sites with the intent of spreading false information. Another example is fake videos and photographs of Yeti Airlines crash in Pokhara that were circulated.,1,Fabricated,"Nepali Congress, CPN (Maoist Centre), Yeti Airlines, Pokhara",Politics,19/02/2023 00:00,ne-en,https://assets-cdn.kathmandupost.com/uploads/source/news/2023/third-party/fakenews-1676771909.jpg,The article discusses screenshots purporting to be of a secret circular issued by the Nepali Congress that were doctored and uploaded on social networ
KP_20230219_1,https://assets-cdn.kathmandupost.com/uploads/source/news/2023/third-party/fakenews-1676771909.jpg,"The article discusses the spread of fake news and disinformation in Nepal, primarily through social media platforms. It highlights cases like the doctored political circulars and fake accident visuals circulating, attributing these issues to a lack of national policy on misinformation.",0,Pristine,"Nepali Congress, CPN (Maoist Centre), Yeti Airlines, Pokhara",Politics,19/02/2023 00:00,ne-en,https://assets-cdn.kathmandupost.com/uploads/source/news/2023/third-party/fakenews-1676771909.jpg,The article discusses screenshots purporting to be of a secret circular issued by the Nepali Congress that were doctored and uploaded on social networ
OK_misinformation_oli_lilliput_v3,https://english.onlinekhabar.com/wp-content/uploads/2021/02/PMDahachowk-750x362-1-300x145.jpg,KP Sharma Oli wrongly refers to little people of Africa as Lilliput,1,Miscaptioned,"KP Sharma Oli, Africa, Lilliput",Politics,,en,https://english.onlinekhabar.com/wp-content/uploads/2021/02/PMDahachowk-750x362-1-300x145.jpg,KP Sharma Oli wrongly refers to little people of Africa as Lilliput
OK_misinformation_oli_lilliput_v3,https://english.onlinekhabar.com/wp-content/uploads/2021/02/PMDahachowk-750x362-1-300x145.jpg,The article reports on KP Sharma Olis incorrect reference to people from Africa as Lilliput.,0,Pristine,"KP Sharma Oli, Africa, Lilliput",Politics,,en,https://english.onlinekhabar.com/wp-content/uploads/2021/02/PMDahachowk-750x362-1-300x145.jpg,KP Sharma Oli wrongly refers to little people of Africa as Lilliput
OK_misinformation_election_v3,https://english.onlinekhabar.com/wp-content/uploads/2022/08/local-election-voting-2079-13-1024x683-1-300x200.jpg,Doctored images and outofcontext videos spread misinformation during Nepal elections,1,Fabricated,"Nepal, KP Oli, Indian Special Task Force, Vishvas News, Nepali Congress, CPN Maoist Center, Harsha Man Maharjan, Martin Chautari, United States of America, Philippines, Bongbong Marcos, Ferdinand Marcos, National Democratic Institute, Pushpa Kamal Dahal ‘Prachanda’, Kathmandu, Gorkha, UML, Pradeep Gyawali, Media Action Nepal, Mohan Mainali, South Asia Check",Politics,,en,https://english.onlinekhabar.com/wp-content/uploads/2022/08/local-election-voting-2079-13-1024x683-1-300x200.jpg,Doctored images and outofcontext videos spread misinformation during Nepal elections
OK_misinformation_election_v3,https://english.onlinekhabar.com/wp-content/uploads/2022/08/local-election-voting-2079-13-1024x683-1-300x200.jpg,The Vishvas News screenshot was fabricated. The Nepali Congress circular was fabricated to foster dissatisfaction with the alliance. The Prachanda video was old and out of context. The Pradeep Gyawali video was trimmed and misrepresented. The claims about UML candidates handing out money were false.,0,Pristine,"Nepal, KP Oli, Indian Special Task Force, Vishvas News, Nepali Congress, CPN Maoist Center, Harsha Man Maharjan, Martin Chautari, United States of America, Philippines, Bongbong Marcos, Ferdinand Marcos, National Democratic Institute, Pushpa Kamal Dahal ‘Prachanda’, Kathmandu, Gorkha, UML, Pradeep Gyawali, Media Action Nepal, Mohan Mainali, South Asia Check",Politics,,en,https://english.onlinekhabar.com/wp-content/uploads/2022/08/local-election-voting-2079-13-1024x683-1-300x200.jpg,Doctored images and outofcontext videos spread misinformation during Nepal elections
OK_misinformation_saurabh_map_v3,https://english.onlinekhabar.com/wp-content/uploads/2021/07/saurabh-1-300x165.jpg,Commentator Saurabh falsely claims a 1958 postage stamp had a pointy map of Nepal,1,Fabricated,"Saurabh, Nepal",Politics,,en,https://english.onlinekhabar.com/wp-content/uploads/2021/07/saurabh-1-300x165.jpg,Commentator Saurabh falsely claims a 1958 postage stamp had a pointy map of Nepal
OK_misinformation_saurabh_map_v3,https://english.onlinekhabar.com/wp-content/uploads/2021/07/saurabh-1-300x165.jpg,The article reports on Commentator Saurabhs false claim that a 1958 postage stamp depicted a pointy map of Nepal.,0,Pristine,"Saurabh, Nepal",Politics,,en,https://english.onlinekhabar.com/wp-content/uploads/2021/07/saurabh-1-300x165.jpg,Commentator Saurabh falsely claims a 1958 postage stamp had a pointy map of Nepal
OK_misinformation_jhakri_vaccine_v3,https://english.onlinekhabar.com/wp-content/uploads/2021/08/ram-kumari-jhakri-south-asia-check-300x157.jpg,Ram Kumari Jhakris claim that Oli didnt bring any Covid19 vaccine was false,1,Fabricated,"Ram Kumari Jhakri, Oli, Covid-19",Politics,,en,https://english.onlinekhabar.com/wp-content/uploads/2021/08/ram-kumari-jhakri-south-asia-check-300x157.jpg,Ram Kumari Jhakris claim that Oli didnt bring any Covid19 vaccine was false
OK_misinformation_jhakri_vaccine_v3,https://english.onlinekhabar.com/wp-content/uploads/2021/08/ram-kumari-jhakri-south-asia-check-300x157.jpg,The article debunks Ram Kumari Jhakris false claim that Oli did not bring any Covid19 vaccine.,0,Pristine,"Ram Kumari Jhakri, Oli, Covid-19",Politics,,en,https://english.onlinekhabar.com/wp-content/uploads/2021/08/ram-kumari-jhakri-south-asia-check-300x157.jpg,Ram Kumari Jhakris claim that Oli didnt bring any Covid19 vaccine was false
OK_misinformation_tiktok_v3,https://english.onlinekhabar.com/wp-content/uploads/2021/10/tiktok-300x200.jpg,"TikToks rising popularity pushes more Nepalis into fake news, misinformation, disinformation",1,Fabricated,"Sandesh Poudel, Nepal Check, United States, Europe, Canada, BBC, Deepak Adhikari, Facebook, Twitter, YouTube, International Fact-Checking Network, Umesh Shrestha, Netra Prasad Subedi, Ministry of Communications and Information Technology, Chiranjibi Adhikari, CAN Federation, Ghamaraj Luitel, Tribhuvan University Department of Journalism and Mass Communication",Politics,,en,https://english.onlinekhabar.com/wp-content/uploads/2021/10/tiktok-300x200.jpg,"TikToks rising popularity pushes more Nepalis into fake news, misinformation, disinformation"
OK_misinformation_tiktok_v3,https://english.onlinekhabar.com/wp-content/uploads/2021/10/tiktok-300x200.jpg,"This was a piece of fake news, as confirmed by Nepal Check.",0,Pristine,"Sandesh Poudel, Nepal Check, United States, Europe, Canada, BBC, Deepak Adhikari, Facebook, Twitter, YouTube, International Fact-Checking Network, Umesh Shrestha, Netra Prasad Subedi, Ministry of Communications and Information Technology, Chiranjibi Adhikari, CAN Federation, Ghamaraj Luitel, Tribhuvan University Department of Journalism and Mass Communication",Politics,,en,https://english.onlinekhabar.com/wp-content/uploads/2021/10/tiktok-300x200.jpg,"TikToks rising popularity pushes more Nepalis into fake news, misinformation, disinformation"
OK_misinformation_covid_trauma_v3,https://english.onlinekhabar.com/wp-content/uploads/2018/06/child-adoption-300x200.jpg,Fake news during Covid19 crisis may lead kids to trauma. Heres what psychologists have to say,1,Fabricated,"Covid-19, kids, psychologists",Politics,,en,https://english.onlinekhabar.com/wp-content/uploads/2018/06/child-adoption-300x200.jpg,Fake news during Covid19 crisis may lead kids to trauma. Heres what psychologists have to say
OK_misinformation_covid_trauma_v3,https://english.onlinekhabar.com/wp-content/uploads/2018/06/child-adoption-300x200.jpg,"The article discusses how fake news during the Covid19 crisis may lead to trauma in children, and presents psychologists perspectives.",0,Pristine,"Covid-19, kids, psychologists",Politics,,en,https://english.onlinekhabar.com/wp-content/uploads/2018/06/child-adoption-300x200.jpg,Fake news during Covid19 crisis may lead kids to trauma. Heres what psychologists have to say
CS_20241210_illustrative_image,https://www.csohate.org/wp-content/uploads/2024/12/Nepal-e1733865905726.jpg,"Men passing time in front of a shop in Bhaktapur, Nepal. Photo Bryon Lippincott via Flickr",1,Miscaptioned,"Bhaktapur, Nepal, Bryon Lippincott, Flickr",Politics,10/12/2024 00:00,en,https://www.csohate.org/wp-content/uploads/2024/12/Nepal-e1733865905726.jpg,"Men passing time in front of a shop in Bhaktapur, Nepal. Photo Bryon Lippincott via Flickr"
CS_20241210_illustrative_image,https://www.csohate.org/wp-content/uploads/2024/12/Nepal-e1733865905726.jpg,"The image depicts men in Bhaktapur, Nepal, and is used to illustrate an article about misinformation and disinformation in Nepal.",0,Pristine,"Bhaktapur, Nepal, Bryon Lippincott, Flickr",Politics,10/12/2024 00:00,en,https://www.csohate.org/wp-content/uploads/2024/12/Nepal-e1733865905726.jpg,"Men passing time in front of a shop in Bhaktapur, Nepal. Photo Bryon Lippincott via Flickr"
GI_nepal_royal_massacre_2,https://media.gettyimages.com/id/1312338/photo/mourners-pass-a-shrine-with-a-portrait-of-nepalese-king-birendra-and-a-photograph-of-the-king.jpg?s=612x612&w=0&k=20&c=9vZWWk-DQpOttkayXCNBnfMz5vLS8THCW2vGsWsG5eQ=,Nepal Mourns Loss Of Royal Family,1,Miscaptioned,"Nepal, Royal Family, King Birendra",Politics,,ne,https://media.gettyimages.com/id/1312338/photo/mourners-pass-a-shrine-with-a-portrait-of-nepalese-king-birendra-and-a-photograph-of-the-king.jpg?s=612x612&w=0&k=20&c=9vZWWk-DQpOttkayXCNBnfMz5vLS8THCW2vGsWsG5eQ=,Nepal Mourns Loss Of Royal Family
GI_nepal_royal_massacre_2,https://media.gettyimages.com/id/1312338/photo/mourners-pass-a-shrine-with-a-portrait-of-nepalese-king-birendra-and-a-photograph-of-the-king.jpg?s=612x612&w=0&k=20&c=9vZWWk-DQpOttkayXCNBnfMz5vLS8THCW2vGsWsG5eQ=,"This image shows mourners passing a shrine with a portrait of King Birendra, related to the Nepalese Royal Massacre. Similar to the previous instance, its use in a misleading context would qualify it as OOC media.",0,Pristine,"Nepal, Royal Family, King Birendra",Politics,,ne,https://media.gettyimages.com/id/1312338/photo/mourners-pass-a-shrine-with-a-portrait-of-nepalese-king-birendra-and-a-photograph-of-the-king.jpg?s=612x612&w=0&k=20&c=9vZWWk-DQpOttkayXCNBnfMz5vLS8THCW2vGsWsG5eQ=,Nepal Mourns Loss Of Royal Family
GI_nepal_royal_massacre_3,https://media.gettyimages.com/id/1319541/photo/dr-rajiv-shahi-points-to-a-diagram-june-7-2001-during-a-press-conference-at-the-military.jpg?s=612x612&w=0&k=20&c=_tAdoLsWbLWOjjQDfMpOfGi9Fx0hCyHBblENLLIsGR8=,Nepal Royal Family Massacre Explained,1,Miscaptioned,"Nepal Royal Family, Dr. Rajiv Shahi",Politics,,ne,https://media.gettyimages.com/id/1319541/photo/dr-rajiv-shahi-points-to-a-diagram-june-7-2001-during-a-press-conference-at-the-military.jpg?s=612x612&w=0&k=20&c=_tAdoLsWbLWOjjQDfMpOfGi9Fx0hCyHBblENLLIsGR8=,Nepal Royal Family Massacre Explained
GI_nepal_royal_massacre_3,https://media.gettyimages.com/id/1319541/photo/dr-rajiv-shahi-points-to-a-diagram-june-7-2001-during-a-press-conference-at-the-military.jpg?s=612x612&w=0&k=20&c=_tAdoLsWbLWOjjQDfMpOfGi9Fx0hCyHBblENLLIsGR8=,This image depicts a press conference related to the Nepalese Royal Massacre. Its use in a misleading context would qualify it as OOC media.,0,Pristine,"Nepal Royal Family, Dr. Rajiv Shahi",Politics,,ne,https://media.gettyimages.com/id/1319541/photo/dr-rajiv-shahi-points-to-a-diagram-june-7-2001-during-a-press-conference-at-the-military.jpg?s=612x612&w=0&k=20&c=_tAdoLsWbLWOjjQDfMpOfGi9Fx0hCyHBblENLLIsGR8=,Nepal Royal Family Massacre Explained
GI_fake_news_internet_5,https://media.gettyimages.com/id/1300681887/photo/fake-news-abstract-3d-concept.jpg?s=612x612&w=0&k=20&c=eZf4eEKptgdZ0FdSsAe9DZaKcmHiE2pHkr9YhU-wqMQ=,fake news abstract 3d concept,1,Fabricated,,Politics,,ne,https://media.gettyimages.com/id/1300681887/photo/fake-news-abstract-3d-concept.jpg?s=612x612&w=0&k=20&c=eZf4eEKptgdZ0FdSsAe9DZaKcmHiE2pHkr9YhU-wqMQ=,fake news abstract 3d concept
GI_fake_news_internet_5,https://media.gettyimages.com/id/1300681887/photo/fake-news-abstract-3d-concept.jpg?s=612x612&w=0&k=20&c=eZf4eEKptgdZ0FdSsAe9DZaKcmHiE2pHkr9YhU-wqMQ=,"This image is a generic stock photo illustrating an abstract 3D concept of fake news, not a specific outofcontext political media instance.",0,Pristine,,Politics,,ne,https://media.gettyimages.com/id/1300681887/photo/fake-news-abstract-3d-concept.jpg?s=612x612&w=0&k=20&c=eZf4eEKptgdZ0FdSsAe9DZaKcmHiE2pHkr9YhU-wqMQ=,fake news abstract 3d concept
OK_fakenews_tu_psychologist_v2,https://english.onlinekhabar.com/wp-content/uploads/2020/04/Capture-2-750x415-300x166.jpg,TU psychologist makes several false claims in popular YouTube interview,1,Fabricated,"TU psychologist, YouTube interview",Politics,29/07/2020 00:00,en,https://english.onlinekhabar.com/wp-content/uploads/2020/04/Capture-2-750x415-300x166.jpg,TU psychologist makes several false claims in popular YouTube interview
OK_fakenews_tu_psychologist_v2,https://english.onlinekhabar.com/wp-content/uploads/2020/04/Capture-2-750x415-300x166.jpg,The article reports on a TU psychologist making several false claims in a popular YouTube interview.,0,Pristine,"TU psychologist, YouTube interview",Politics,29/07/2020 00:00,en,https://english.onlinekhabar.com/wp-content/uploads/2020/04/Capture-2-750x415-300x166.jpg,TU psychologist makes several false claims in popular YouTube interview
GI_fake_news_internet_2,https://media.gettyimages.com/id/1368872054/vector/online-news-search-and-reading-news-updates-news-websites-information-on-newspapers-public.jpg?s=612x612&w=0&k=20&c=lnqRsfz6XqoOSHNMXCazLduB5RELyp9e-M0UoKQq4jY=,"online news search and reading, news updates, news websites, information on newspapers, public events, events, announcements on smartphone screen",1,Fabricated,smartphone,Politics,,ne,https://media.gettyimages.com/id/1368872054/vector/online-news-search-and-reading-news-updates-news-websites-information-on-newspapers-public.jpg?s=612x612&w=0&k=20&c=lnqRsfz6XqoOSHNMXCazLduB5RELyp9e-M0UoKQq4jY=,"online news search and reading, news updates, news websites, information on newspapers, public events, events, announcements on smartphone screen"
GI_fake_news_internet_2,https://media.gettyimages.com/id/1368872054/vector/online-news-search-and-reading-news-updates-news-websites-information-on-newspapers-public.jpg?s=612x612&w=0&k=20&c=lnqRsfz6XqoOSHNMXCazLduB5RELyp9e-M0UoKQq4jY=,"This image is a generic stock photo illustrating the concept of online news and information consumption, not a specific outofcontext political media instance.",0,Pristine,smartphone,Politics,,ne,https://media.gettyimages.com/id/1368872054/vector/online-news-search-and-reading-news-updates-news-websites-information-on-newspapers-public.jpg?s=612x612&w=0&k=20&c=lnqRsfz6XqoOSHNMXCazLduB5RELyp9e-M0UoKQq4jY=,"online news search and reading, news updates, news websites, information on newspapers, public events, events, announcements on smartphone screen"
OK_fakenews_arrest_journalists_v2,https://english.onlinekhabar.com/wp-content/uploads/2021/04/journalist-anish-tamang-arrested-300x182.jpg,"Defying court order, Kathmandu police arrest 2 journalists for publishing fake news",1,Fabricated,"Kathmandu police, journalists",Politics,29/07/2021 00:00,en,https://english.onlinekhabar.com/wp-content/uploads/2021/04/journalist-anish-tamang-arrested-300x182.jpg,"Defying court order, Kathmandu police arrest 2 journalists for publishing fake news"
OK_fakenews_arrest_journalists_v2,https://english.onlinekhabar.com/wp-content/uploads/2021/04/journalist-anish-tamang-arrested-300x182.jpg,"The article reports on the arrest of two journalists by Kathmandu police for publishing fake news, despite a court order.",0,Pristine,"Kathmandu police, journalists",Politics,29/07/2021 00:00,en,https://english.onlinekhabar.com/wp-content/uploads/2021/04/journalist-anish-tamang-arrested-300x182.jpg,"Defying court order, Kathmandu police arrest 2 journalists for publishing fake news"
GI_nepal_royal_massacre_6,https://media.gettyimages.com/id/1320214/photo/file-photo-crown-prince-dipendra-sits-for-a-portrait-in-2000-in-nepal-the-public-continues-to.jpg?s=612x612&w=0&k=20&c=8pokMmEghZACMT-B0SGgtK_1zmO1Oj9hQHGaPhOtW2Q=,Nepalese Royal Family,1,Miscaptioned,"Nepalese Royal Family, Crown Prince Dipendra, Nepal",Politics,,ne,https://media.gettyimages.com/id/1320214/photo/file-photo-crown-prince-dipendra-sits-for-a-portrait-in-2000-in-nepal-the-public-continues-to.jpg?s=612x612&w=0&k=20&c=8pokMmEghZACMT-B0SGgtK_1zmO1Oj9hQHGaPhOtW2Q=,Nepalese Royal Family
GI_nepal_royal_massacre_6,https://media.gettyimages.com/id/1320214/photo/file-photo-crown-prince-dipendra-sits-for-a-portrait-in-2000-in-nepal-the-public-continues-to.jpg?s=612x612&w=0&k=20&c=8pokMmEghZACMT-B0SGgtK_1zmO1Oj9hQHGaPhOtW2Q=,This image is a file photo of Crown Prince Dipendra in Nepal. Its use in a misleading context would qualify it as OOC media.,0,Pristine,"Nepalese Royal Family, Crown Prince Dipendra, Nepal",Politics,,ne,https://media.gettyimages.com/id/1320214/photo/file-photo-crown-prince-dipendra-sits-for-a-portrait-in-2000-in-nepal-the-public-continues-to.jpg?s=612x612&w=0&k=20&c=8pokMmEghZACMT-B0SGgtK_1zmO1Oj9hQHGaPhOtW2Q=,Nepalese Royal Family
GI_nepal_royal_massacre_11,https://media.gettyimages.com/id/1608097057/photo/crown-prince-dipendra-of-nepal-at-kathmandu-airport-awaiting-the-arrival-of-princess-diana-of.jpg?s=612x612&w=0&k=20&c=Ki1-AXlDzQ1CuTELDGgv2ly6a19dTSp9_bODxrUEz0o=,Crown Prince Dipendra Of Nepal,1,Miscaptioned,"Crown Prince Dipendra, Nepal, Kathmandu Airport, Princess Diana",Politics,,ne,https://media.gettyimages.com/id/1608097057/photo/crown-prince-dipendra-of-nepal-at-kathmandu-airport-awaiting-the-arrival-of-princess-diana-of.jpg?s=612x612&w=0&k=20&c=Ki1-AXlDzQ1CuTELDGgv2ly6a19dTSp9_bODxrUEz0o=,Crown Prince Dipendra Of Nepal
GI_nepal_royal_massacre_11,https://media.gettyimages.com/id/1608097057/photo/crown-prince-dipendra-of-nepal-at-kathmandu-airport-awaiting-the-arrival-of-princess-diana-of.jpg?s=612x612&w=0&k=20&c=Ki1-AXlDzQ1CuTELDGgv2ly6a19dTSp9_bODxrUEz0o=,This image shows Crown Prince Dipendra of Nepal at Kathmandu Airport. Its use in a misleading context would qualify it as OOC media.,0,Pristine,"Crown Prince Dipendra, Nepal, Kathmandu Airport, Princess Diana",Politics,,ne,https://media.gettyimages.com/id/1608097057/photo/crown-prince-dipendra-of-nepal-at-kathmandu-airport-awaiting-the-arrival-of-princess-diana-of.jpg?s=612x612&w=0&k=20&c=Ki1-AXlDzQ1CuTELDGgv2ly6a19dTSp9_bODxrUEz0o=,Crown Prince Dipendra Of Nepal
GI_nepal_royal_massacre_8,https://media.gettyimages.com/id/57366825/photo/to-go-with-afp-story-on-german-wire-19-april-2006-files-photo-dated-20-april-2000-shows-prince.jpg?s=612x612&w=0&k=20&c=3rHhdfFanbRhW6LuF8T-A1DlG_jtifWxCQ8lP5PoYMw=,TO GO WITH AFP STORY on German wire 19 A,1,Miscaptioned,"AFP, German wire",Politics,,ne,https://media.gettyimages.com/id/57366825/photo/to-go-with-afp-story-on-german-wire-19-april-2006-files-photo-dated-20-april-2000-shows-prince.jpg?s=612x612&w=0&k=20&c=3rHhdfFanbRhW6LuF8T-A1DlG_jtifWxCQ8lP5PoYMw=,TO GO WITH AFP STORY on German wire 19 A
GI_nepal_royal_massacre_8,https://media.gettyimages.com/id/57366825/photo/to-go-with-afp-story-on-german-wire-19-april-2006-files-photo-dated-20-april-2000-shows-prince.jpg?s=612x612&w=0&k=20&c=3rHhdfFanbRhW6LuF8T-A1DlG_jtifWxCQ8lP5PoYMw=,This image is related to an AFP story on German wire. Its use in a misleading context would qualify it as OOC media.,0,Pristine,"AFP, German wire",Politics,,ne,https://media.gettyimages.com/id/57366825/photo/to-go-with-afp-story-on-german-wire-19-april-2006-files-photo-dated-20-april-2000-shows-prince.jpg?s=612x612&w=0&k=20&c=3rHhdfFanbRhW6LuF8T-A1DlG_jtifWxCQ8lP5PoYMw=,TO GO WITH AFP STORY on German wire 19 A
GI_fake_news_internet_1,https://media.gettyimages.com/id/1662708140/vector/man-hypnotized-by-smartphone-vector-illustration.jpg?s=612x612&w=0&k=20&c=fvoEUvnDiNwj-BWUfRJhj5BEh72StMHg9PdaeHRg11s=,man hypnotized by smartphone vector illustration,1,Fabricated,smartphone,Politics,,ne,https://media.gettyimages.com/id/1662708140/vector/man-hypnotized-by-smartphone-vector-illustration.jpg?s=612x612&w=0&k=20&c=fvoEUvnDiNwj-BWUfRJhj5BEh72StMHg9PdaeHRg11s=,man hypnotized by smartphone vector illustration
GI_fake_news_internet_1,https://media.gettyimages.com/id/1662708140/vector/man-hypnotized-by-smartphone-vector-illustration.jpg?s=612x612&w=0&k=20&c=fvoEUvnDiNwj-BWUfRJhj5BEh72StMHg9PdaeHRg11s=,"This image is a generic stock photo illustrating the concept of fake news and internet usage, not a specific outofcontext political media instance.",0,Pristine,smartphone,Politics,,ne,https://media.gettyimages.com/id/1662708140/vector/man-hypnotized-by-smartphone-vector-illustration.jpg?s=612x612&w=0&k=20&c=fvoEUvnDiNwj-BWUfRJhj5BEh72StMHg9PdaeHRg11s=,man hypnotized by smartphone vector illustration
GI_nepal_royal_massacre_5,https://media.gettyimages.com/id/1310791/photo/in-this-file-photo-dated-april-26-nepalese-crown-prince-dipendra-bir-bikram-shah-dev-visits-the.jpg?s=612x612&w=0&k=20&c=Hf-EHrbsqPqnBtk-ysSAqiE_tA2kAQQzpd0cSpOO0fA=,Nepals Crown Prince Massacres Royal Family,1,Miscaptioned,"Nepal''s Crown Prince, Royal Family, Dipendra Bir Bikram Shah Dev",Politics,,ne,https://media.gettyimages.com/id/1310791/photo/in-this-file-photo-dated-april-26-nepalese-crown-prince-dipendra-bir-bikram-shah-dev-visits-the.jpg?s=612x612&w=0&k=20&c=Hf-EHrbsqPqnBtk-ysSAqiE_tA2kAQQzpd0cSpOO0fA=,Nepals Crown Prince Massacres Royal Family
GI_nepal_royal_massacre_5,https://media.gettyimages.com/id/1310791/photo/in-this-file-photo-dated-april-26-nepalese-crown-prince-dipendra-bir-bikram-shah-dev-visits-the.jpg?s=612x612&w=0&k=20&c=Hf-EHrbsqPqnBtk-ysSAqiE_tA2kAQQzpd0cSpOO0fA=,This image is a file photo of Nepalese Crown Prince Dipendra. Its use in a misleading context would qualify it as OOC media.,0,Pristine,"Nepal''s Crown Prince, Royal Family, Dipendra Bir Bikram Shah Dev",Politics,,ne,https://media.gettyimages.com/id/1310791/photo/in-this-file-photo-dated-april-26-nepalese-crown-prince-dipendra-bir-bikram-shah-dev-visits-the.jpg?s=612x612&w=0&k=20&c=Hf-EHrbsqPqnBtk-ysSAqiE_tA2kAQQzpd0cSpOO0fA=,Nepals Crown Prince Massacres Royal Family
GI_nepal_royal_massacre_10,https://media.gettyimages.com/id/1608098753/photo/crown-prince-dipendra-of-nepal-at-kathmandu-airport-awaiting-the-arrival-of-princess-diana-of.jpg?s=612x612&w=0&k=20&c=EHbO5_H5dhgwTfBamVnuCj1T0476Fx3FdA_VFXkv4a8=,Crown Prince Dipendra of Nepal,1,Miscaptioned,"Crown Prince Dipendra, Nepal, Kathmandu Airport, Princess Diana",Politics,,ne,https://media.gettyimages.com/id/1608098753/photo/crown-prince-dipendra-of-nepal-at-kathmandu-airport-awaiting-the-arrival-of-princess-diana-of.jpg?s=612x612&w=0&k=20&c=EHbO5_H5dhgwTfBamVnuCj1T0476Fx3FdA_VFXkv4a8=,Crown Prince Dipendra of Nepal
GI_nepal_royal_massacre_10,https://media.gettyimages.com/id/1608098753/photo/crown-prince-dipendra-of-nepal-at-kathmandu-airport-awaiting-the-arrival-of-princess-diana-of.jpg?s=612x612&w=0&k=20&c=EHbO5_H5dhgwTfBamVnuCj1T0476Fx3FdA_VFXkv4a8=,This image shows Crown Prince Dipendra of Nepal at Kathmandu Airport. Its use in a misleading context would qualify it as OOC media.,0,Pristine,"Crown Prince Dipendra, Nepal, Kathmandu Airport, Princess Diana",Politics,,ne,https://media.gettyimages.com/id/1608098753/photo/crown-prince-dipendra-of-nepal-at-kathmandu-airport-awaiting-the-arrival-of-princess-diana-of.jpg?s=612x612&w=0&k=20&c=EHbO5_H5dhgwTfBamVnuCj1T0476Fx3FdA_VFXkv4a8=,Crown Prince Dipendra of Nepal
GI_fake_news_internet_4,https://media.gettyimages.com/id/1413885459/vector/misinformation-warning-chat-speech-bubble.jpg?s=612x612&w=0&k=20&c=bVaqm1fExtyfPZcvX2hShHNlmsnDwZOH0kYuvNJ5mlI=,misinformation warning chat speech bubble,1,Fabricated,,Politics,,ne,https://media.gettyimages.com/id/1413885459/vector/misinformation-warning-chat-speech-bubble.jpg?s=612x612&w=0&k=20&c=bVaqm1fExtyfPZcvX2hShHNlmsnDwZOH0kYuvNJ5mlI=,misinformation warning chat speech bubble
GI_fake_news_internet_4,https://media.gettyimages.com/id/1413885459/vector/misinformation-warning-chat-speech-bubble.jpg?s=612x612&w=0&k=20&c=bVaqm1fExtyfPZcvX2hShHNlmsnDwZOH0kYuvNJ5mlI=,"This image is a generic stock photo illustrating a misinformation warning in a chat bubble, not a specific outofcontext political media instance.",0,Pristine,,Politics,,ne,https://media.gettyimages.com/id/1413885459/vector/misinformation-warning-chat-speech-bubble.jpg?s=612x612&w=0&k=20&c=bVaqm1fExtyfPZcvX2hShHNlmsnDwZOH0kYuvNJ5mlI=,misinformation warning chat speech bubble
OK_fakenews_naturopath_arrested_v2,https://english.onlinekhabar.com/wp-content/uploads/2020/09/Subas-Limbu-300x214.jpg,Naturopath who accused docs of removing organs from Covid19 victims arrested,1,Fabricated,"Naturopath, Covid-19, Subas Limbu",Politics,29/07/2020 00:00,en,https://english.onlinekhabar.com/wp-content/uploads/2020/09/Subas-Limbu-300x214.jpg,Naturopath who accused docs of removing organs from Covid19 victims arrested
OK_fakenews_naturopath_arrested_v2,https://english.onlinekhabar.com/wp-content/uploads/2020/09/Subas-Limbu-300x214.jpg,The article reports on the arrest of a naturopath who falsely accused doctors of removing organs from Covid19 victims.,0,Pristine,"Naturopath, Covid-19, Subas Limbu",Politics,29/07/2020 00:00,en,https://english.onlinekhabar.com/wp-content/uploads/2020/09/Subas-Limbu-300x214.jpg,Naturopath who accused docs of removing organs from Covid19 victims arrested
GI_fake_news_internet_3,https://media.gettyimages.com/id/1441611425/photo/man-reading-fake-news-on-laptop.jpg?s=612x612&w=0&k=20&c=UeuQWSjnvh6X8DDgRolOtYpCnxxiQbnv7nyppsBAaHw=,man reading fake news on laptop,1,Fabricated,laptop,Politics,,ne,https://media.gettyimages.com/id/1441611425/photo/man-reading-fake-news-on-laptop.jpg?s=612x612&w=0&k=20&c=UeuQWSjnvh6X8DDgRolOtYpCnxxiQbnv7nyppsBAaHw=,man reading fake news on laptop
GI_fake_news_internet_3,https://media.gettyimages.com/id/1441611425/photo/man-reading-fake-news-on-laptop.jpg?s=612x612&w=0&k=20&c=UeuQWSjnvh6X8DDgRolOtYpCnxxiQbnv7nyppsBAaHw=,"This image is a generic stock photo illustrating the concept of a man reading fake news on a laptop, not a specific outofcontext political media instance.",0,Pristine,laptop,Politics,,ne,https://media.gettyimages.com/id/1441611425/photo/man-reading-fake-news-on-laptop.jpg?s=612x612&w=0&k=20&c=UeuQWSjnvh6X8DDgRolOtYpCnxxiQbnv7nyppsBAaHw=,man reading fake news on laptop
GI_nepal_royal_massacre_9,https://media.gettyimages.com/id/2194841023/photo/photo-dated-20-april-2000-shows-the-late-king-dipendra-of-nepal-at-a-medal-distribution.jpg?s=612x612&w=0&k=20&c=H5qzTFCM7nSXbyGc_B7l_U-uemqMRSM_Za6b_zsXqnc=,NEPALROYALDIPENDRA,1,Miscaptioned,"Nepal, King Dipendra",Politics,,ne,https://media.gettyimages.com/id/2194841023/photo/photo-dated-20-april-2000-shows-the-late-king-dipendra-of-nepal-at-a-medal-distribution.jpg?s=612x612&w=0&k=20&c=H5qzTFCM7nSXbyGc_B7l_U-uemqMRSM_Za6b_zsXqnc=,Photo Dated 20 April Shows The Late King Dipendra Of Nepal At A Medal Distribution
GI_nepal_royal_massacre_9,https://media.gettyimages.com/id/2194841023/photo/photo-dated-20-april-2000-shows-the-late-king-dipendra-of-nepal-at-a-medal-distribution.jpg?s=612x612&w=0&k=20&c=H5qzTFCM7nSXbyGc_B7l_U-uemqMRSM_Za6b_zsXqnc=,This image shows the late King Dipendra of Nepal at a medal distribution. Its use in a misleading context would qualify it as OOC media.,0,Pristine,"Nepal, King Dipendra",Politics,,ne,https://media.gettyimages.com/id/2194841023/photo/photo-dated-20-april-2000-shows-the-late-king-dipendra-of-nepal-at-a-medal-distribution.jpg?s=612x612&w=0&k=20&c=H5qzTFCM7nSXbyGc_B7l_U-uemqMRSM_Za6b_zsXqnc=,Photo Dated 20 April Shows The Late King Dipendra Of Nepal At A Medal Distribution
OK_fakenews_indian_flag_v2,https://english.onlinekhabar.com/wp-content/uploads/2021/02/or-vs-ed-750x269-1-300x108.jpg,Old photo photoshopped to show Indian flag in February 10 demonstration,1,Fabricated,"Indian flag, February 10 demonstration",Politics,29/07/2021 00:00,en,https://english.onlinekhabar.com/wp-content/uploads/2021/02/or-vs-ed-750x269-1-300x108.jpg,Old photo photoshopped to show Indian flag in February 10 demonstration
OK_fakenews_indian_flag_v2,https://english.onlinekhabar.com/wp-content/uploads/2021/02/or-vs-ed-750x269-1-300x108.jpg,The article discusses an old photo that was photoshopped to show an Indian flag in a February 10 demonstration.,0,Pristine,"Indian flag, February 10 demonstration",Politics,29/07/2021 00:00,en,https://english.onlinekhabar.com/wp-content/uploads/2021/02/or-vs-ed-750x269-1-300x108.jpg,Old photo photoshopped to show Indian flag in February 10 demonstration
OK_fakenews_red_mercury_v2,https://english.onlinekhabar.com/wp-content/uploads/2020/10/red-mercury-collage-1-750x563-1-300x225.jpg,Red mercury claims on social media just a hoax,1,Fabricated,"Red mercury, social media",Politics,29/07/2020 00:00,en,https://english.onlinekhabar.com/wp-content/uploads/2020/10/red-mercury-collage-1-750x563-1-300x225.jpg,Red mercury claims on social media just a hoax
OK_fakenews_red_mercury_v2,https://english.onlinekhabar.com/wp-content/uploads/2020/10/red-mercury-collage-1-750x563-1-300x225.jpg,The article reports that claims about red mercury on social media are just a hoax.,0,Pristine,"Red mercury, social media",Politics,29/07/2020 00:00,en,https://english.onlinekhabar.com/wp-content/uploads/2020/10/red-mercury-collage-1-750x563-1-300x225.jpg,Red mercury claims on social media just a hoax
FL_20220908_7,https://factly.in/wp-content/uploads//2022/09/Child-kidnappers-who-entered-to-Nepal-from-India-Image-4.jpg,Screenshot from a scripted child kidnapping video by Comedy Plus with Neetuarya.,1,Fabricated,Comedy Plus with Neetuarya,Politics,,en,https://factly.in/wp-content/uploads//2022/09/Child-kidnappers-who-entered-to-Nepal-from-India-Image-4.jpg,Screenshot from a scripted child kidnapping video by Comedy Plus with Neetuarya.
FL_20220908_7,https://factly.in/wp-content/uploads//2022/09/Child-kidnappers-who-entered-to-Nepal-from-India-Image-4.jpg,"This screenshot is from a scripted child kidnapping video by Comedy Plus with Neetuarya, falsely presented as a real kidnapping incident.",0,Pristine,Comedy Plus with Neetuarya,Politics,,en,https://factly.in/wp-content/uploads//2022/09/Child-kidnappers-who-entered-to-Nepal-from-India-Image-4.jpg,Screenshot from a scripted child kidnapping video by Comedy Plus with Neetuarya.
FL_20220908_5,https://factly.in/wp-content/uploads//2022/09/Child-kidnappers-who-entered-to-Nepal-from-India-Image-3-1024x301.jpg,Thumbnail image of a scripted comedy video by Comedy Plus with Neetuarya YouTube channel.,1,Fabricated,"Comedy Plus with Neetuarya, YouTube",Politics,,en,https://factly.in/wp-content/uploads//2022/09/Child-kidnappers-who-entered-to-Nepal-from-India-Image-3-1024x301.jpg,Thumbnail image of a scripted comedy video by Comedy Plus with Neetuarya YouTube channel.
FL_20220908_5,https://factly.in/wp-content/uploads//2022/09/Child-kidnappers-who-entered-to-Nepal-from-India-Image-3-1024x301.jpg,"This thumbnail is from a scripted comedy video by Comedy Plus with Neetuarya YouTube channel, falsely presented as a real kidnapping incident.",0,Pristine,"Comedy Plus with Neetuarya, YouTube",Politics,,en,https://factly.in/wp-content/uploads//2022/09/Child-kidnappers-who-entered-to-Nepal-from-India-Image-3-1024x301.jpg,Thumbnail image of a scripted comedy video by Comedy Plus with Neetuarya YouTube channel.
FL_20220908_1,https://factly.in/wp-content/uploads//2022/09/Child-kidnappers-who-entered-to-Nepal-from-India-Claim.jpg,Collage of images shared on social media claiming kidnapping gangs entered Nepal from India.,1,Fabricated,"Nepal, India",Politics,,en,https://factly.in/wp-content/uploads//2022/09/Child-kidnappers-who-entered-to-Nepal-from-India-Claim.jpg,Collage of images shared on social media claiming kidnapping gangs entered Nepal from India.
FL_20220908_1,https://factly.in/wp-content/uploads//2022/09/Child-kidnappers-who-entered-to-Nepal-from-India-Claim.jpg,These images and videos are from scripted dramas and not real kidnapping incidents. They are falsely shared as real events of kidnapping gangs entering Nepal from India.,0,Pristine,"Nepal, India",Politics,,en,https://factly.in/wp-content/uploads//2022/09/Child-kidnappers-who-entered-to-Nepal-from-India-Claim.jpg,Collage of images shared on social media claiming kidnapping gangs entered Nepal from India.
FL_20220908_4,https://factly.in/wp-content/uploads//2022/09/Child-kidnappers-who-entered-to-Nepal-from-India-Image-2.jpg,Screenshot from a scripted drama.,1,Fabricated,,Politics,,en,https://factly.in/wp-content/uploads//2022/09/Child-kidnappers-who-entered-to-Nepal-from-India-Image-2.jpg,Screenshot from a scripted drama.
FL_20220908_4,https://factly.in/wp-content/uploads//2022/09/Child-kidnappers-who-entered-to-Nepal-from-India-Image-2.jpg,"This screenshot is from a scripted drama, falsely presented as a real kidnapping incident.",0,Pristine,,Politics,,en,https://factly.in/wp-content/uploads//2022/09/Child-kidnappers-who-entered-to-Nepal-from-India-Image-2.jpg,Screenshot from a scripted drama.
FL_20220908_2,https://factly.in/wp-content/uploads//2022/09/Child-kidnappers-who-entered-to-Nepal-from-India-Image-1.jpg,Screenshot from a scripted video by Praveen Kumar SM.,1,Fabricated,Praveen Kumar SM,Politics,,en,https://factly.in/wp-content/uploads//2022/09/Child-kidnappers-who-entered-to-Nepal-from-India-Image-1.jpg,Screenshot from a scripted video by Praveen Kumar SM.
FL_20220908_2,https://factly.in/wp-content/uploads//2022/09/Child-kidnappers-who-entered-to-Nepal-from-India-Image-1.jpg,"This screenshot is from a scripted drama by Praveen Kumar SM, falsely presented as a real kidnapping incident.",0,Pristine,Praveen Kumar SM,Politics,,en,https://factly.in/wp-content/uploads//2022/09/Child-kidnappers-who-entered-to-Nepal-from-India-Image-1.jpg,Screenshot from a scripted video by Praveen Kumar SM.
FL_20240507_3,https://factly.in/wp-content/uploads//2024/05/School-Children-crossing-a-river-in-Kerala-Image-02--1024x708.jpg,Still from the documentary Most Dangerous Ways To School showing children crossing a river in Nepal.,1,Miscaptioned,"Most Dangerous Ways To School, Nepal, @FreeDocumentary, Kerala",Politics,06/05/2024 00:00,en,https://factly.in/wp-content/uploads//2024/05/School-Children-crossing-a-river-in-Kerala-Image-02--1024x708.jpg,Still from the documentary Most Dangerous Ways To School showing children crossing a river in Nepal.
FL_20240507_3,https://factly.in/wp-content/uploads//2024/05/School-Children-crossing-a-river-in-Kerala-Image-02--1024x708.jpg,"This video clip is from a documentary series, Most Dangerous Ways To School, Nepal episode, confirming it as the original source of the viral video and reinforcing that it depicts children in Nepal.",0,Pristine,"Most Dangerous Ways To School, Nepal, @FreeDocumentary, Kerala",Politics,06/05/2024 00:00,en,https://factly.in/wp-content/uploads//2024/05/School-Children-crossing-a-river-in-Kerala-Image-02--1024x708.jpg,Still from the documentary Most Dangerous Ways To School showing children crossing a river in Nepal.
FL_20240507_2,https://factly.in/wp-content/uploads//2024/05/School-Children-crossing-a-river-in-Kerala-Image-01--1024x956.jpg,School children crossing a river in Nepal on a cable crossing to reach school.,1,Miscaptioned,"Nepal, Kerala",Politics,06/05/2024 00:00,en,https://factly.in/wp-content/uploads//2024/05/School-Children-crossing-a-river-in-Kerala-Image-01--1024x956.jpg,School children crossing a river in Nepal on a cable crossing to reach school.
FL_20240507_2,https://factly.in/wp-content/uploads//2024/05/School-Children-crossing-a-river-in-Kerala-Image-01--1024x956.jpg,"This video clip is from a documentary series, Most Dangerous Ways To School. This clip has been taken from the Nepal episode of this series, which shows school children from the mountain village of Kumpur, Nepal, crossing a river on a Cable crossing Tuin to attend their school.",0,Pristine,"Nepal, Kerala",Politics,06/05/2024 00:00,en,https://factly.in/wp-content/uploads//2024/05/School-Children-crossing-a-river-in-Kerala-Image-01--1024x956.jpg,School children crossing a river in Nepal on a cable crossing to reach school.
QT_20230115_plane_crash_old_v2,https://media.assettype.com/thequint%2F2023-01%2F37b49e06-227a-489f-ae48-eb06f201c02d%2FNepal_plane_crash__3_.png?auto=format%2Ccompress&fmt=webp&width=720,"An old photo showing the wreckage of a Dornier aircraft surrounded by Nepalese police officers at a crash site in Kathmandu, Nepal. The crash occurred on 28 September 2012.",1,Temporal_Mismatch,"Dornier, Nepalese police officers, Kathmandu, Nepal",Politics,,en,https://media.assettype.com/thequint%2F2023-01%2F37b49e06-227a-489f-ae48-eb06f201c02d%2FNepal_plane_crash__3_.png?auto=format%2Ccompress&fmt=webp&width=720,"An old photo showing the wreckage of a Dornier aircraft surrounded by Nepalese police officers at a crash site in Kathmandu, Nepal. The crash occurred"
QT_20230115_plane_crash_old_v2,https://media.assettype.com/thequint%2F2023-01%2F37b49e06-227a-489f-ae48-eb06f201c02d%2FNepal_plane_crash__3_.png?auto=format%2Ccompress&fmt=webp&width=720,"This is an old photo showing the wreckage of a Dornier aircraft surrounded by Nepalese police officers at a crash site in Kathmandu, Nepal, from 28 September 2012, falsely shared as recent visuals.",0,Pristine,"Dornier, Nepalese police officers, Kathmandu, Nepal",Politics,,en,https://media.assettype.com/thequint%2F2023-01%2F37b49e06-227a-489f-ae48-eb06f201c02d%2FNepal_plane_crash__3_.png?auto=format%2Ccompress&fmt=webp&width=720,"An old photo showing the wreckage of a Dornier aircraft surrounded by Nepalese police officers at a crash site in Kathmandu, Nepal. The crash occurred"
FL_20230720_1,https://factly.in/wp-content/uploads//2023/07/Finland-Female-Ministers-Claim--830x1024.jpg,"A photo of four women falsely claimed to be female ministers of Finlands newly formed government. These women are identified as Nepali TikTok stars two pairs of twins named Deepa and Damanta, and Princy and Prisma.",1,Miscaptioned,"Finland, Nepali TikTok stars, Deepa, Damanta, Princy, Prisma",Politics,,en,https://factly.in/wp-content/uploads//2023/07/Finland-Female-Ministers-Claim--830x1024.jpg,A photo of four women falsely claimed to be female ministers of Finlands newly formed government. These women are identified as Nepali TikTok stars tw
FL_20230720_1,https://factly.in/wp-content/uploads//2023/07/Finland-Female-Ministers-Claim--830x1024.jpg,"This photo of four women is being shared through a social media post with a claim it features four female Ministers of Finlands newly formed government. These women are identified as Nepali TikTok stars two pairs of twins named Deepa and Damanta, and Princy and Prisma.",0,Pristine,"Finland, Nepali TikTok stars, Deepa, Damanta, Princy, Prisma",Politics,,en,https://factly.in/wp-content/uploads//2023/07/Finland-Female-Ministers-Claim--830x1024.jpg,A photo of four women falsely claimed to be female ministers of Finlands newly formed government. These women are identified as Nepali TikTok stars tw
NCX_tajikistan_earthquake_video_1,https://newschecker.dietpixels.net/2023/02/n3-1.jpg,"CCTV footage showing traffic on a road coming to a standstill on experiencing tremors, falsely claimed to be from the recent earthquake in Tajikistan.",1,Temporal_Mismatch,"Tajikistan, Nepal Gorkha earthquake, Tripureshwor Chowk, Kathmandu",Politics,24/02/2023 00:00,en,https://newschecker.dietpixels.net/2023/02/n3-1.jpg,"CCTV footage showing traffic on a road coming to a standstill on experiencing tremors, falsely claimed to be from the recent earthquake in Tajikistan."
NCX_tajikistan_earthquake_video_1,https://newschecker.dietpixels.net/2023/02/n3-1.jpg,"Old footage from the 2015 Nepal Gorkha earthquake, specifically Tripureshwor Chowk in Kathmandu.",0,Pristine,"Tajikistan, Nepal Gorkha earthquake, Tripureshwor Chowk, Kathmandu",Politics,24/02/2023 00:00,en,https://newschecker.dietpixels.net/2023/02/n3-1.jpg,"CCTV footage showing traffic on a road coming to a standstill on experiencing tremors, falsely claimed to be from the recent earthquake in Tajikistan."
BBC_nepal_quake_fake_cctv_screenshot,https://ichef.bbci.co.uk/ace/standard/640/cpsprodpb/BB35/production/_120252974_25ab7a1b-c6a6-4383-acd6-6858ff7f95a0.png,Screenshot from a YouTube video falsely claiming to be CCTV footage from a Nepal hotel swimming pool footage.,1,Fabricated,Nepal,Politics,,en,https://ichef.bbci.co.uk/ace/standard/640/cpsprodpb/BB35/production/_120252974_25ab7a1b-c6a6-4383-acd6-6858ff7f95a0.png,Screenshot from a YouTube video falsely claiming to be CCTV footage from a Nepal hotel swimming pool footage.
BBC_nepal_quake_fake_cctv_screenshot,https://ichef.bbci.co.uk/ace/standard/640/cpsprodpb/BB35/production/_120252974_25ab7a1b-c6a6-4383-acd6-6858ff7f95a0.png,This footage of a swimming pool is not from a hotel in Nepal.,0,Pristine,Nepal,Politics,,en,https://ichef.bbci.co.uk/ace/standard/640/cpsprodpb/BB35/production/_120252974_25ab7a1b-c6a6-4383-acd6-6858ff7f95a0.png,Screenshot from a YouTube video falsely claiming to be CCTV footage from a Nepal hotel swimming pool footage.
IT_20240307_1_v4,https://akm-img-a-in.tosshub.com/indiatoday/images/story/202403/ironic-image-of-damaged-street-in-front-of-department-of-roads-is-not-from-india-072059358-16x9_0.jpg?VersionId=tG5gFW971k6VVP5RwgPkdWLQqgkAcZrG&size=295:166,Ironic image of damaged street in front of Department of Roads is NOT from India,1,Fabricated,"Department of Roads, Kathmandu, Nepal, India",Politics,07/03/2024 00:00,en,https://akm-img-a-in.tosshub.com/indiatoday/images/story/202403/ironic-image-of-damaged-street-in-front-of-department-of-roads-is-not-from-india-072059358-16x9_0.jpg?VersionId=tG5gFW971k6VVP5RwgPkdWLQqgkAcZrG&size=295:166,Ironic image of damaged street in front of Department of Roads is NOT from India
IT_20240307_1_v4,https://akm-img-a-in.tosshub.com/indiatoday/images/story/202403/ironic-image-of-damaged-street-in-front-of-department-of-roads-is-not-from-india-072059358-16x9_0.jpg?VersionId=tG5gFW971k6VVP5RwgPkdWLQqgkAcZrG&size=295:166,"The image is from Nepal, not India, showing a damaged road in front of the Department of Roads building in Kathmandus Babarmahal. The road became muddy due to rains, and the renovation contract for the building did not include repairing the road in the premises.",0,Pristine,"Department of Roads, Kathmandu, Nepal, India",Politics,07/03/2024 00:00,en,https://akm-img-a-in.tosshub.com/indiatoday/images/story/202403/ironic-image-of-damaged-street-in-front-of-department-of-roads-is-not-from-india-072059358-16x9_0.jpg?VersionId=tG5gFW971k6VVP5RwgPkdWLQqgkAcZrG&size=295:166,Ironic image of damaged street in front of Department of Roads is NOT from India
BBC_nepal_quake_whatsapp_hoax_india,https://ichef.bbci.co.uk/ace/standard/619/cpsprodpb/10955/production/_120252976_819c9a48-874e-4fe3-86e2-af3d9219eed5.png,Screenshot of a WhatsApp message warning about earthquakes. Caption Fake messages such as these were circulating on WhatsApp in India,1,Fabricated,"WhatsApp, India",Politics,,en,https://ichef.bbci.co.uk/ace/standard/619/cpsprodpb/10955/production/_120252976_819c9a48-874e-4fe3-86e2-af3d9219eed5.png,Screenshot of a WhatsApp message warning about earthquakes. Caption Fake messages such as these were circulating on WhatsApp in India
BBC_nepal_quake_whatsapp_hoax_india,https://ichef.bbci.co.uk/ace/standard/619/cpsprodpb/10955/production/_120252976_819c9a48-874e-4fe3-86e2-af3d9219eed5.png,"This is a fake WhatsApp message warning about earthquakes, circulating in India.",0,Pristine,"WhatsApp, India",Politics,,en,https://ichef.bbci.co.uk/ace/standard/619/cpsprodpb/10955/production/_120252976_819c9a48-874e-4fe3-86e2-af3d9219eed5.png,Screenshot of a WhatsApp message warning about earthquakes. Caption Fake messages such as these were circulating on WhatsApp in India
QT_20230115_plane_crash_collage_manual4,https://media.assettype.com/thequint%2F2023-01%2F76025985-a5b3-449c-a64f-cd04f330a4ae%2FNepal2018_FakeClaim.jpg?auto=format%2Ccompress&fmt=webp&width=720,"A collage of pictures of an aircraft crash going viral on the internet, falsely linked to the recent Nepal plane crash 15 January. This image is from 2018.",1,Temporal_Mismatch,"Nepal, US-Bangla Airlines, Tribhuvan International Airport, Kathmandu",Politics,,en,https://media.assettype.com/thequint%2F2023-01%2F76025985-a5b3-449c-a64f-cd04f330a4ae%2FNepal2018_FakeClaim.jpg?auto=format%2Ccompress&fmt=webp&width=720,"A collage of pictures of an aircraft crash going viral on the internet, falsely linked to the recent Nepal plane crash 15 January. This image is from"
QT_20230115_plane_crash_collage_manual4,https://media.assettype.com/thequint%2F2023-01%2F76025985-a5b3-449c-a64f-cd04f330a4ae%2FNepal2018_FakeClaim.jpg?auto=format%2Ccompress&fmt=webp&width=720,"The photos are from a USBangla Airlines aircraft crash that occurred on 12 March 2018 at Tribhuvan International Airport in Kathmandu, Nepal.",0,Pristine,"Nepal, US-Bangla Airlines, Tribhuvan International Airport, Kathmandu",Politics,,en,https://media.assettype.com/thequint%2F2023-01%2F76025985-a5b3-449c-a64f-cd04f330a4ae%2FNepal2018_FakeClaim.jpg?auto=format%2Ccompress&fmt=webp&width=720,"A collage of pictures of an aircraft crash going viral on the internet, falsely linked to the recent Nepal plane crash 15 January. This image is from"
NT_fake_policeman_image_v2,http://i.imgur.com/PY7QxJQ.jpg,"A photo of a man in flames posted on a blog report about the violence in Tikapur, accompanying a report about a policeman being burnt alive, without caption or photo credit.",1,Fabricated,,Politics,,ne,http://i.imgur.com/PY7QxJQ.jpg,"A photo of a man in flames posted on a blog report about the violence in Tikapur, accompanying a report about a policeman being burnt alive, without c"
NT_fake_policeman_image_v2,http://i.imgur.com/PY7QxJQ.jpg,"The images actual source was a USbased website posted in 2012, depicting some other incident, not the Tikapur incident in Kailali.",0,Pristine,,Politics,,ne,http://i.imgur.com/PY7QxJQ.jpg,"A photo of a man in flames posted on a blog report about the violence in Tikapur, accompanying a report about a policeman being burnt alive, without c"
BBC_nepal_quake_image_from_vietnam,https://ichef.bbci.co.uk/ace/standard/624/cpsprodpb/13E06/production/_87341418_victims.jpg,"The haunting picture shared during the Nepal earthquake A photograph of two children hugging, falsely presented as taken in Nepal after the earthquake, but actually taken in Vietnam in 2007.",1,Miscaptioned,"Nepal, Vietnam",Politics,,en,https://ichef.bbci.co.uk/ace/standard/624/cpsprodpb/13E06/production/_87341418_victims.jpg,"The haunting picture shared during the Nepal earthquake A photograph of two children hugging, falsely presented as taken in Nepal after the earthquake"
BBC_nepal_quake_image_from_vietnam,https://ichef.bbci.co.uk/ace/standard/624/cpsprodpb/13E06/production/_87341418_victims.jpg,"The photograph of two children hugging was falsely presented as taken in Nepal after the earthquake, but was actually taken in Vietnam in 2007.",0,Pristine,"Nepal, Vietnam",Politics,,en,https://ichef.bbci.co.uk/ace/standard/624/cpsprodpb/13E06/production/_87341418_victims.jpg,"The haunting picture shared during the Nepal earthquake A photograph of two children hugging, falsely presented as taken in Nepal after the earthquake"
BBC_nepal_quake_pool_video_from_mexico,https://ichef.bbci.co.uk/ace/standard/640/cpsprodpb/BB35/production/_120252974_25ab7a1b-c6a6-4383-acd6-6858ff7f95a0.png,"The video of a swimming pool during the Nepal earthquake A video of a swimming pool shaking, mislabeled as security camera footage from a Kathmandu hotel during the Nepal earthquake, but actually an older video from an earthquake in Mexico, April 2010.",1,Miscaptioned,"Kathmandu, Nepal, Mexico",Politics,,en,https://ichef.bbci.co.uk/ace/standard/640/cpsprodpb/BB35/production/_120252974_25ab7a1b-c6a6-4383-acd6-6858ff7f95a0.png,"The video of a swimming pool during the Nepal earthquake A video of a swimming pool shaking, mislabeled as security camera footage from a Kathmandu ho"
BBC_nepal_quake_pool_video_from_mexico,https://ichef.bbci.co.uk/ace/standard/640/cpsprodpb/BB35/production/_120252974_25ab7a1b-c6a6-4383-acd6-6858ff7f95a0.png,"The video of a swimming pool shaking was mislabeled as security camera footage from a Kathmandu hotel during the Nepal earthquake, but was actually an older video from an earthquake in Mexico, April 2010.",0,Pristine,"Kathmandu, Nepal, Mexico",Politics,,en,https://ichef.bbci.co.uk/ace/standard/640/cpsprodpb/BB35/production/_120252974_25ab7a1b-c6a6-4383-acd6-6858ff7f95a0.png,"The video of a swimming pool during the Nepal earthquake A video of a swimming pool shaking, mislabeled as security camera footage from a Kathmandu ho"
BBC_nepalquake_image_1_manual1,https://ichef.bbci.co.uk/ace/standard/624/cpsprodpb/13E06/production/_87341418_victims.jpg,"A photograph of two children hugging, falsely presented as taken in Nepal after the earthquake, but actually taken in Vietnam in 2007.",1,Miscaptioned,"Nepal, Vietnam",Politics,,en,https://ichef.bbci.co.uk/ace/standard/624/cpsprodpb/13E06/production/_87341418_victims.jpg,"A photograph of two children hugging, falsely presented as taken in Nepal after the earthquake, but actually taken in Vietnam in 2007."
BBC_nepalquake_image_1_manual1,https://ichef.bbci.co.uk/ace/standard/624/cpsprodpb/13E06/production/_87341418_victims.jpg,"The photograph was actually taken in a remote village in Vietnam in 2007, not during the Nepal earthquake.",0,Pristine,"Nepal, Vietnam",Politics,,en,https://ichef.bbci.co.uk/ace/standard/624/cpsprodpb/13E06/production/_87341418_victims.jpg,"A photograph of two children hugging, falsely presented as taken in Nepal after the earthquake, but actually taken in Vietnam in 2007."
BBC_nepal_quake_fake_pool_video,https://ichef.bbci.co.uk/ace/standard/640/cpsprodpb/BB35/production/_120252974_25ab7a1b-c6a6-4383-acd6-6858ff7f95a0.png,CCTV footage from a Kathmandu hotel showing an earthquake causing violent waves in a swimming pool.,1,Miscaptioned,"Kathmandu, Nepal, Mexico",Politics,,en,https://ichef.bbci.co.uk/ace/standard/640/cpsprodpb/BB35/production/_120252974_25ab7a1b-c6a6-4383-acd6-6858ff7f95a0.png,CCTV footage from a Kathmandu hotel showing an earthquake causing violent waves in a swimming pool.
BBC_nepal_quake_fake_pool_video,https://ichef.bbci.co.uk/ace/standard/640/cpsprodpb/BB35/production/_120252974_25ab7a1b-c6a6-4383-acd6-6858ff7f95a0.png,This video is erroneously described as from Nepal it was actually taken during an earthquake in Mexico in April 2010.,0,Pristine,"Kathmandu, Nepal, Mexico",Politics,,en,https://ichef.bbci.co.uk/ace/standard/640/cpsprodpb/BB35/production/_120252974_25ab7a1b-c6a6-4383-acd6-6858ff7f95a0.png,CCTV footage from a Kathmandu hotel showing an earthquake causing violent waves in a swimming pool.
vishvasnews_buddha_currency_fake_manual2,https://www.vishvasnews.com/wp-content/uploads/2023/03/Fake_News_1-6.jpg,"A viral, edited image claiming to show Gautam Buddhas picture on a Nepali currency note, which is debunked as fake by Vishvas News.",1,Fabricated,"Gautam Buddha, Nepal",Politics,01/03/2023 00:00,en,https://www.vishvasnews.com/wp-content/uploads/2023/03/Fake_News_1-6.jpg,"A viral, edited image claiming to show Gautam Buddhas picture on a Nepali currency note, which is debunked as fake by Vishvas News."
vishvasnews_buddha_currency_fake_manual2,https://www.vishvasnews.com/wp-content/uploads/2023/03/Fake_News_1-6.jpg,Nepal has not included the picture of Gautam Buddha on its currency and the image going viral on social media is edited.,0,Pristine,"Gautam Buddha, Nepal",Politics,01/03/2023 00:00,en,https://www.vishvasnews.com/wp-content/uploads/2023/03/Fake_News_1-6.jpg,"A viral, edited image claiming to show Gautam Buddhas picture on a Nepali currency note, which is debunked as fake by Vishvas News."
BBC_nepalquake_video_1_manual1,https://ichef.bbci.co.uk/ace/standard/640/cpsprodpb/BB35/production/_120252974_25ab7a1b-c6a6-4383-acd6-6858ff7f95a0.png,"A video of a swimming pool shaking, mislabeled as security camera footage from a Kathmandu hotel during the Nepal earthquake, but actually an older video from an earthquake in Mexico, April 2010.",1,Miscaptioned,"Kathmandu, Nepal, Mexico",Politics,,en,https://ichef.bbci.co.uk/ace/standard/640/cpsprodpb/BB35/production/_120252974_25ab7a1b-c6a6-4383-acd6-6858ff7f95a0.png,"A video of a swimming pool shaking, mislabeled as security camera footage from a Kathmandu hotel during the Nepal earthquake, but actually an older vi"
BBC_nepalquake_video_1_manual1,https://ichef.bbci.co.uk/ace/standard/640/cpsprodpb/BB35/production/_120252974_25ab7a1b-c6a6-4383-acd6-6858ff7f95a0.png,"A video of a swimming pool during the Nepal earthquake, mislabeled as security camera footage from a Kathmandu hotel, but actually an older video from an earthquake in Mexico, April 2010.",0,Pristine,"Kathmandu, Nepal, Mexico",Politics,,en,https://ichef.bbci.co.uk/ace/standard/640/cpsprodpb/BB35/production/_120252974_25ab7a1b-c6a6-4383-acd6-6858ff7f95a0.png,"A video of a swimming pool shaking, mislabeled as security camera footage from a Kathmandu hotel during the Nepal earthquake, but actually an older vi"
NCX_20220507_1_manual1,https://newschecker.dietpixels.net/2022/05/3.jpg,"Image showing Rahul Gandhi and Jyotiraditya Scindia, claimed to be from a wedding in Nepal where Scindia was present.",1,Miscaptioned,"Rahul Gandhi, Jyotiraditya Scindia, Nepal",Politics,,en,https://newschecker.dietpixels.net/2022/05/3.jpg,"Image showing Rahul Gandhi and Jyotiraditya Scindia, claimed to be from a wedding in Nepal where Scindia was present."
NCX_20220507_1_manual1,https://newschecker.dietpixels.net/2022/05/3.jpg,The image is an old photo from Bhutan and is unrelated to Rahul Gandhis Nepal visit or any wedding he reportedly attended there.,0,Pristine,"Rahul Gandhi, Jyotiraditya Scindia, Nepal",Politics,,en,https://newschecker.dietpixels.net/2022/05/3.jpg,"Image showing Rahul Gandhi and Jyotiraditya Scindia, claimed to be from a wedding in Nepal where Scindia was present."
QT_20230115_plane_crash_collage_manual2,https://media.assettype.com/thequint%2F2023-01%2F76025985-a5b3-449c-a64f-cd04f330a4ae%2FNepal2018_FakeClaim.jpg?auto=format%2Ccompress&fmt=webp&width=720,"A collage of pictures depicting an aircraft crash, circulated on social media, falsely linked to a recent plane crash in Nepal on 15 January.",1,Temporal_Mismatch,"Nepal, US-Bangla Airlines, Tribhuvan International Airport, Kathmandu",Politics,,en,https://media.assettype.com/thequint%2F2023-01%2F76025985-a5b3-449c-a64f-cd04f330a4ae%2FNepal2018_FakeClaim.jpg?auto=format%2Ccompress&fmt=webp&width=720,"A collage of pictures depicting an aircraft crash, circulated on social media, falsely linked to a recent plane crash in Nepal on 15 January."
QT_20230115_plane_crash_collage_manual2,https://media.assettype.com/thequint%2F2023-01%2F76025985-a5b3-449c-a64f-cd04f330a4ae%2FNepal2018_FakeClaim.jpg?auto=format%2Ccompress&fmt=webp&width=720,"The pictures are from 2018, when a USBangla Airlines airplane crashed at Tribhuvan International Airport in Nepals Kathmandu on 12 March 2018.",0,Pristine,"Nepal, US-Bangla Airlines, Tribhuvan International Airport, Kathmandu",Politics,,en,https://media.assettype.com/thequint%2F2023-01%2F76025985-a5b3-449c-a64f-cd04f330a4ae%2FNepal2018_FakeClaim.jpg?auto=format%2Ccompress&fmt=webp&width=720,"A collage of pictures depicting an aircraft crash, circulated on social media, falsely linked to a recent plane crash in Nepal on 15 January."
IT_20240307_2_manual2,https://akm-img-a-in.tosshub.com/indiatoday/styles/medium_crop_simple/public/2024-03/image_2_12.jpg?VersionId=DKcWYD1tP_EgC6Er9onRNxPqMzIrgZWP&size=750:*,"Image showing an unpaved waterlogged road, allegedly in front of an Indian Department of Roads building, which was widely shared online.",1,Geographic_Mismatch,"Department of Roads, India, Nepal, Kathmandu, Babar Mahal",Politics,,en,https://akm-img-a-in.tosshub.com/indiatoday/styles/medium_crop_simple/public/2024-03/image_2_12.jpg?VersionId=DKcWYD1tP_EgC6Er9onRNxPqMzIrgZWP&size=750:*,"Image showing an unpaved waterlogged road, allegedly in front of an Indian Department of Roads building, which was widely shared online."
IT_20240307_2_manual2,https://akm-img-a-in.tosshub.com/indiatoday/styles/medium_crop_simple/public/2024-03/image_2_12.jpg?VersionId=DKcWYD1tP_EgC6Er9onRNxPqMzIrgZWP&size=750:*,"The image shows a damaged street in front of the Department of Roads in Kathmandus Babarmahal, Nepal, not India. The road became muddy due to rains and the renovation contract for the building did not include repairing the road in the premises.",0,Pristine,"Department of Roads, India, Nepal, Kathmandu, Babar Mahal",Politics,,en,https://akm-img-a-in.tosshub.com/indiatoday/styles/medium_crop_simple/public/2024-03/image_2_12.jpg?VersionId=DKcWYD1tP_EgC6Er9onRNxPqMzIrgZWP&size=750:*,"Image showing an unpaved waterlogged road, allegedly in front of an Indian Department of Roads building, which was widely shared online."
NM_fake_snow_leopard_2,https://www.nepalminute.com/uploads/posts/kittiya-pawlowski-fake-profile1669546212.png,"A profile photo sent to Alpine Mag by Pawlowski, which also seems to be photoshopped.",1,Fabricated,"Kittiya Pawlowski, Alpine Mag",Politics,,en,https://www.nepalminute.com/uploads/posts/kittiya-pawlowski-fake-profile1669546212.png,"A profile photo sent to Alpine Mag by Pawlowski, which also seems to be photoshopped."
NM_fake_snow_leopard_2,https://www.nepalminute.com/uploads/posts/kittiya-pawlowski-fake-profile1669546212.png,"This profile photo, sent to Alpine Mag by the purported photographer, was also found to be photoshopped.",0,Pristine,"Kittiya Pawlowski, Alpine Mag",Politics,,en,https://www.nepalminute.com/uploads/posts/kittiya-pawlowski-fake-profile1669546212.png,"A profile photo sent to Alpine Mag by Pawlowski, which also seems to be photoshopped."
NM_fake_snow_leopard_1,https://www.nepalminute.com/uploads/posts/fake-snowleopard-kittiya-pawlowski-1024x6831669546197.png,"Main image for the article, a photo montage of a snow leopard.",1,Fabricated,"snow leopard, Kittiya Pawlowski, US Embassy in Nepal",Politics,27/11/2022 00:00,en,https://www.nepalminute.com/uploads/posts/fake-snowleopard-kittiya-pawlowski-1024x6831669546197.png,"Main image for the article, a photo montage of a snow leopard."
NM_fake_snow_leopard_1,https://www.nepalminute.com/uploads/posts/fake-snowleopard-kittiya-pawlowski-1024x6831669546197.png,"This is a fake photo montage of a snow leopard, falsely attributed to a professional photographer and circulated on social media, prompting a response from the US Embassy in Nepal.",0,Pristine,"snow leopard, Kittiya Pawlowski, US Embassy in Nepal",Politics,27/11/2022 00:00,en,https://www.nepalminute.com/uploads/posts/fake-snowleopard-kittiya-pawlowski-1024x6831669546197.png,"Main image for the article, a photo montage of a snow leopard."
vishvasnews_buddha_currency_fake_manual1,https://www.vishvasnews.com/wp-content/uploads/2023/03/Fake_News_1-6.jpg,"An edited image claiming to show Gautam Buddhas picture on Nepalese currency notes, which is identified as fake by Vishvas News.",1,Fabricated,"Gautam Buddha, Nepal, Vishvas News",Politics,,en,https://www.vishvasnews.com/wp-content/uploads/2023/03/Fake_News_1-6.jpg,"An edited image claiming to show Gautam Buddhas picture on Nepalese currency notes, which is identified as fake by Vishvas News."
vishvasnews_buddha_currency_fake_manual1,https://www.vishvasnews.com/wp-content/uploads/2023/03/Fake_News_1-6.jpg,Nepal has not included the picture of Gautam Buddha on its currency and the image going viral on social media is edited.,0,Pristine,"Gautam Buddha, Nepal, Vishvas News",Politics,,en,https://www.vishvasnews.com/wp-content/uploads/2023/03/Fake_News_1-6.jpg,"An edited image claiming to show Gautam Buddhas picture on Nepalese currency notes, which is identified as fake by Vishvas News."
vishvasnews_buddha_currency_fake,https://www.vishvasnews.com/wp-content/uploads/2023/03/Fake_News_1-6.jpg,A viral image claiming that Nepal has included Gautam Buddhas picture on its currency notes.,1,Fabricated,"Gautam Buddha, Nepal",Politics,01/03/2023 00:00,en,https://www.vishvasnews.com/wp-content/uploads/2023/03/Fake_News_1-6.jpg,A viral image claiming that Nepal has included Gautam Buddhas picture on its currency notes.
vishvasnews_buddha_currency_fake,https://www.vishvasnews.com/wp-content/uploads/2023/03/Fake_News_1-6.jpg,Nepal has not included the picture of Gautam Buddha on its currency and the image going viral on social media is edited.,0,Pristine,"Gautam Buddha, Nepal",Politics,01/03/2023 00:00,en,https://www.vishvasnews.com/wp-content/uploads/2023/03/Fake_News_1-6.jpg,A viral image claiming that Nepal has included Gautam Buddhas picture on its currency notes.
KH_202003_fakenews_us_china_grant,https://english.khabarhub.com/wp-content/uploads/2020/02/Fake_News_2.jpg,The US finally spoke its mind about the US Army coming to Nepalthe plan is to gherao surround China by giving Nepal 500 to Nepal in grant. This misleading claim suggested a hidden agenda behind US assistance.,1,Fabricated,"US Army, China, Nepal",Politics,,ne,https://english.khabarhub.com/wp-content/uploads/2020/02/Fake_News_2.jpg,The US finally spoke its mind about the US Army coming to Nepalthe plan is to gherao surround China by giving Nepal 500 to Nepal in grant. This mislea
KH_202003_fakenews_us_china_grant,https://english.khabarhub.com/wp-content/uploads/2020/02/Fake_News_2.jpg,"The claim is entirely false and characterized as silly and imprudent by the article. The Millennium Challenge Corporation MCC Compact is a legitimate 500 million grant from the United States to Nepal, signed on September 14, 2017, aimed at strengthening Nepals energy sector, improving regional energy connectivity, and controlling transportation costs to foster economic growth and reduce poverty. It has no military objectives or intentions to encircle China, making the accusation baseless propaganda designed to discredit US assistance.",0,Pristine,"US Army, China, Nepal",Politics,,ne,https://english.khabarhub.com/wp-content/uploads/2020/02/Fake_News_2.jpg,The US finally spoke its mind about the US Army coming to Nepalthe plan is to gherao surround China by giving Nepal 500 to Nepal in grant. This mislea
KH_202003_fakenews_mcc_domestic_laws,https://english.khabarhub.com/wp-content/uploads/2020/02/Fake_News_2.jpg,The provision that MCC Compact shall prevail over domestic laws is fatal for the country This claim sparked widespread concern about Nepals sovereignty.,1,Fabricated,"MCC Compact, Nepal, Leela Mani Pokharel, Bhim Rawal, Nepal Communist Party",Politics,,ne,https://english.khabarhub.com/wp-content/uploads/2020/02/Fake_News_2.jpg,The provision that MCC Compact shall prevail over domestic laws is fatal for the country This claim sparked widespread concern about Nepals sovereignt
KH_202003_fakenews_mcc_domestic_laws,https://english.khabarhub.com/wp-content/uploads/2020/02/Fake_News_2.jpg,"This claim is a misinterpretation of international law and standard agreement practices. The article clarifies that The fact is, most of the international agreements are made in such a way that they prevail over any domestic law that is made after Nepal becomes a party to it generally, the domestic laws referred in international treaties exclude constitutional provisions as the constitution is the supreme law of the nation. This provision is standard in international treaties and is not uniquely fatal to the countrys sovereignty, debunking the alarming interpretation.",0,Pristine,"MCC Compact, Nepal, Leela Mani Pokharel, Bhim Rawal, Nepal Communist Party",Politics,,ne,https://english.khabarhub.com/wp-content/uploads/2020/02/Fake_News_2.jpg,The provision that MCC Compact shall prevail over domestic laws is fatal for the country This claim sparked widespread concern about Nepals sovereignt
NT_fake_policeman_image_1_v3,http://i.imgur.com/PY7QxJQ.jpg,"Fake image widely circulated on social media, depicting a man in flames, falsely reported to be a policeman burnt alive in Tikapur, Kailali.",1,Fabricated,"Tikapur, Kailali",Politics,04/09/2015 00:00,ne,http://i.imgur.com/PY7QxJQ.jpg,"Fake image widely circulated on social media, depicting a man in flames, falsely reported to be a policeman burnt alive in Tikapur, Kailali."
NT_fake_policeman_image_1_v3,http://i.imgur.com/PY7QxJQ.jpg,"The images actual source was a USbased website from 2012, not related to the Tikapur incident.",0,Pristine,"Tikapur, Kailali",Politics,04/09/2015 00:00,ne,http://i.imgur.com/PY7QxJQ.jpg,"Fake image widely circulated on social media, depicting a man in flames, falsely reported to be a policeman burnt alive in Tikapur, Kailali."
QT_20230115_2_v3,https://media.assettype.com/thequint%2F2023-01%2F76025985-a5b3-449c-a64f-cd04f330a4ae%2FNepal2018_FakeClaim.jpg?auto=format%2Ccompress&fmt=webp&width=720,Old photos viral as recent visual from Nepal plane crash factcheck,1,Temporal_Mismatch,"Nepal, US-Bangla Airlines, Tribhuvan International Airport, Kathmandu",Politics,,en,https://media.assettype.com/thequint%2F2023-01%2F76025985-a5b3-449c-a64f-cd04f330a4ae%2FNepal2018_FakeClaim.jpg?auto=format%2Ccompress&fmt=webp&width=720,Old photos viral as recent visual from Nepal plane crash factcheck
QT_20230115_2_v3,https://media.assettype.com/thequint%2F2023-01%2F76025985-a5b3-449c-a64f-cd04f330a4ae%2FNepal2018_FakeClaim.jpg?auto=format%2Ccompress&fmt=webp&width=720,"The article states that the viral images of the plane crash are from 2018, specifically from a USBangla Airlines crash at Tribhuvan International Airport in Kathmandu, Nepal, on 12 March 2018. One image was attributed to Associated Press AP and another found on Getty Images, uploaded on 13 March 2018.",0,Pristine,"Nepal, US-Bangla Airlines, Tribhuvan International Airport, Kathmandu",Politics,,en,https://media.assettype.com/thequint%2F2023-01%2F76025985-a5b3-449c-a64f-cd04f330a4ae%2FNepal2018_FakeClaim.jpg?auto=format%2Ccompress&fmt=webp&width=720,Old photos viral as recent visual from Nepal plane crash factcheck
VishvasNews_BuddhaCurrency_1_v3,https://www.vishvasnews.com/wp-content/uploads/2023/03/Fake_News_1-6.jpg,Nepal government includes Gautam Buddhas picture on currency notes,1,Fabricated,"Gautam Buddha, Nepal",Politics,01/03/2023 00:00,en,https://www.vishvasnews.com/wp-content/uploads/2023/03/Fake_News_1-6.jpg,Nepal government includes Gautam Buddhas picture on currency notes
VishvasNews_BuddhaCurrency_1_v3,https://www.vishvasnews.com/wp-content/uploads/2023/03/Fake_News_1-6.jpg,Nepal has not included the picture of Gautam Buddha on its currency and the image going viral on social media is edited.,0,Pristine,"Gautam Buddha, Nepal",Politics,01/03/2023 00:00,en,https://www.vishvasnews.com/wp-content/uploads/2023/03/Fake_News_1-6.jpg,Nepal government includes Gautam Buddhas picture on currency notes
NT_fake_policeman_image_1_v2,http://i.imgur.com/PY7QxJQ.jpg,"An image of a man in flames that was widely circulated on social media, accompanying a blog report about the violence in Tikapur and implying a policeman was burnt alive. This misleading image was presented to associate the man with the Kailali killings in Nepal, despite originating elsewhere.",1,Fabricated,"Tikapur, Kailali, South Asia Check, Setopati, ekantipur, US",Politics,,ne,http://i.imgur.com/PY7QxJQ.jpg,"An image of a man in flames that was widely circulated on social media, accompanying a blog report about the violence in Tikapur and implying a police"
NT_fake_policeman_image_1_v2,http://i.imgur.com/PY7QxJQ.jpg,"This image is not from the Tikapur incident in Nepal. It was originally posted on a USbased website in 2012 and depicts a different, unrelated incident, thus being used out of context to sensationalize and misrepresent the events of the Kailali killings. Multiple factchecking organizations have debunked this specific images connection to the Nepal incident.",0,Pristine,"Tikapur, Kailali, South Asia Check, Setopati, ekantipur, US",Politics,,ne,http://i.imgur.com/PY7QxJQ.jpg,"An image of a man in flames that was widely circulated on social media, accompanying a blog report about the violence in Tikapur and implying a police"
vishvasnews_20200526_1,https://www.vishvasnews.com/wp-content/uploads/2020/05/Fake_News03-26may2020.jpg,"A photo viral on social media claims to be a recent one from India. The photo shows a woman riding a bicycle with an infant wrapped on her back and a sack tugged on to the cycles rear seat. This image circulated widely, falsely implying it was a current visual from India during the COVID lockdown.",1,Fabricated,"Md Mushfique Secular, Narendra Sreshtha, Ashish Maharishi, Urvashi Kapoor, Nepal, India, Nepalgunj, Kathmandu",Politics,26/05/2020 00:00,en,https://www.vishvasnews.com/wp-content/uploads/2020/05/Fake_News03-26may2020.jpg,A photo viral on social media claims to be a recent one from India. The photo shows a woman riding a bicycle with an infant wrapped on her back and a
vishvasnews_20200526_1,https://www.vishvasnews.com/wp-content/uploads/2020/05/Fake_News03-26may2020.jpg,"The photo was originally captured by photographer Narendra Sreshtha on June 29, 2012, in Nepal. Its original caption clearly states it depicts a Nepalese mother carrying a child on her back as she travels on a bicycle towards Nepalgunj city, Nepal. Therefore, this image is unequivocally from Nepal, not India, and is an old photograph from 2012, completely unrelated to any recent COVID lockdown events in India. Its viral circulation as a recent Indian scene is a clear instance of outofcontext misinformation.",0,Pristine,"Md Mushfique Secular, Narendra Sreshtha, Ashish Maharishi, Urvashi Kapoor, Nepal, India, Nepalgunj, Kathmandu",Politics,26/05/2020 00:00,en,https://www.vishvasnews.com/wp-content/uploads/2020/05/Fake_News03-26may2020.jpg,A photo viral on social media claims to be a recent one from India. The photo shows a woman riding a bicycle with an infant wrapped on her back and a
BBC_NepalQuake_Image_1,https://ichef.bbci.co.uk/ace/standard/624/cpsprodpb/13E06/production/_87341418_victims.jpg,"A picture of two children hugging, falsely captioned as showing a twoyearold sister protected by fouryearold brother in Nepal",1,Miscaptioned,"Nepal, Vietnam, Na Son Nguyen",Politics,18/12/2015 00:00,en,https://ichef.bbci.co.uk/ace/standard/624/cpsprodpb/13E06/production/_87341418_victims.jpg,"A picture of two children hugging, falsely captioned as showing a twoyearold sister protected by fouryearold brother in Nepal"
BBC_NepalQuake_Image_1,https://ichef.bbci.co.uk/ace/standard/624/cpsprodpb/13E06/production/_87341418_victims.jpg,"The photograph was actually taken in a remote village in Vietnam in 2007, not during the Nepal earthquake.",0,Pristine,"Nepal, Vietnam, Na Son Nguyen",Politics,18/12/2015 00:00,en,https://ichef.bbci.co.uk/ace/standard/624/cpsprodpb/13E06/production/_87341418_victims.jpg,"A picture of two children hugging, falsely captioned as showing a twoyearold sister protected by fouryearold brother in Nepal"
BBC_NepalQuake_Video_1,https://ichef.bbci.co.uk/ace/standard/640/cpsprodpb/0674/production/_87125610_nepal.jpg,Screengrab of video claiming to be of pool during Nepal Earthquake it is from Mexico,1,Miscaptioned,"Nepal, Mexico",Politics,18/12/2015 00:00,en,https://ichef.bbci.co.uk/ace/standard/640/cpsprodpb/0674/production/_87125610_nepal.jpg,Screengrab of video claiming to be of pool during Nepal Earthquake it is from Mexico
BBC_NepalQuake_Video_1,https://ichef.bbci.co.uk/ace/standard/640/cpsprodpb/0674/production/_87125610_nepal.jpg,"The video is an old video from an earthquake in Mexico, possibly from 2010, and not related to the Nepal earthquake.",0,Pristine,"Nepal, Mexico",Politics,18/12/2015 00:00,en,https://ichef.bbci.co.uk/ace/standard/640/cpsprodpb/0674/production/_87125610_nepal.jpg,Screengrab of video claiming to be of pool during Nepal Earthquake it is from Mexico
BBC_20170901_1,https://ichef.bbci.co.uk/news/480/cpsprodpb/16C07/production/_87719139_line976.jpg.webp,A photograph of people immersed in a canal. This image was falsely used to depict events in the Myanmar conflict.,1,Miscaptioned,"Myanmar, Nepal",Politics,,en,https://ichef.bbci.co.uk/news/480/cpsprodpb/16C07/production/_87719139_line976.jpg.webp,A photograph of people immersed in a canal. This image was falsely used to depict events in the Myanmar conflict.
BBC_20170901_1,https://ichef.bbci.co.uk/news/480/cpsprodpb/16C07/production/_87719139_line976.jpg.webp,The image was debunked as an image from a website appealing for funds to help victims of recent flooding in Nepal.,0,Pristine,"Myanmar, Nepal",Politics,,en,https://ichef.bbci.co.uk/news/480/cpsprodpb/16C07/production/_87719139_line976.jpg.webp,A photograph of people immersed in a canal. This image was falsely used to depict events in the Myanmar conflict.
NCX_20220504_1_updated,https://newschecker.dietpixels.net/2022/05/Rahul-Gandhi-Cover-.jpeg?quality=71&format=webp&w=1920,Rahul Gandhi with Hou Yanqi Chinese ambassador to Nepal,1,Miscaptioned,"Rahul Gandhi, Hou Yanqi, Chinese, Nepal, Sumnima Udas, Kathmandu, CNN",Politics,,en,https://newschecker.dietpixels.net/2022/05/Rahul-Gandhi-Cover-.jpeg?quality=71&format=webp&w=1920,Rahul Gandhi with Hou Yanqi Chinese ambassador to Nepal
NCX_20220504_1_updated,https://newschecker.dietpixels.net/2022/05/Rahul-Gandhi-Cover-.jpeg?quality=71&format=webp&w=1920,"Rahul Gandhi was attending the wedding of his friend, Sumnima Udas, in Kathmandu, Nepal. The woman in the viral videoimage is a friend of the bride from Hong Kong, a former CNN journalist, and currently a scriptwriter, not Chinese Ambassador Hou Yanqi.",0,Pristine,"Rahul Gandhi, Hou Yanqi, Chinese, Nepal, Sumnima Udas, Kathmandu, CNN",Politics,,en,https://newschecker.dietpixels.net/2022/05/Rahul-Gandhi-Cover-.jpeg?quality=71&format=webp&w=1920,Rahul Gandhi with Hou Yanqi Chinese ambassador to Nepal
NCX_20220507_1_debunked,https://newschecker.dietpixels.net/2022/05/3.jpg,Image claiming to show Jyotiraditya Scindia in Nepal with Rahul Gandhi to attend a wedding.,1,Fabricated,"Jyotiraditya Scindia, Nepal, Rahul Gandhi",Politics,,en,https://newschecker.dietpixels.net/2022/05/3.jpg,Image claiming to show Jyotiraditya Scindia in Nepal with Rahul Gandhi to attend a wedding.
NCX_20220507_1_debunked,https://newschecker.dietpixels.net/2022/05/3.jpg,The image is an old photo from Bhutan.,0,Pristine,"Jyotiraditya Scindia, Nepal, Rahul Gandhi",Politics,,en,https://newschecker.dietpixels.net/2022/05/3.jpg,Image claiming to show Jyotiraditya Scindia in Nepal with Rahul Gandhi to attend a wedding.
FL_20200814_1,https://factly.in/wp-content/uploads//2020/08/Uttarakhand-School-Kids-FB-post.jpg,"Image of children hanging onto a cable to cross a river, identified as being from Nepal specifically the Trishuli river area or Benighat district, not Uttarakhand, India. The image depicts school children crossing a river via a cable ropeway.",1,Geographic_Mismatch,"Nepal, Uttarakhand, India, Trishuli river, Benighat district",Politics,,en,https://factly.in/wp-content/uploads//2020/08/Uttarakhand-School-Kids-FB-post.jpg,"Image of children hanging onto a cable to cross a river, identified as being from Nepal specifically the Trishuli river area or Benighat district, not"
FL_20200814_1,https://factly.in/wp-content/uploads//2020/08/Uttarakhand-School-Kids-FB-post.jpg,"The image is from Nepal, showing children crossing the Trishuli river using a cable ropeway. It has nothing to do with Uttarakhand.",0,Pristine,"Nepal, Uttarakhand, India, Trishuli river, Benighat district",Politics,,en,https://factly.in/wp-content/uploads//2020/08/Uttarakhand-School-Kids-FB-post.jpg,"Image of children hanging onto a cable to cross a river, identified as being from Nepal specifically the Trishuli river area or Benighat district, not"
vishvasnews_gautam_buddha_currency_1_updated,https://www.vishvasnews.com/wp-content/uploads/2023/03/Fake_News_1-6.jpg,A viral claim that Nepal included Gautam Buddhas picture on its currency.,1,Fabricated,"Gautam Buddha, Nepal",Politics,,en,https://www.vishvasnews.com/wp-content/uploads/2023/03/Fake_News_1-6.jpg,A viral claim that Nepal included Gautam Buddhas picture on its currency.
vishvasnews_gautam_buddha_currency_1_updated,https://www.vishvasnews.com/wp-content/uploads/2023/03/Fake_News_1-6.jpg,The viral photo was found to be edited.,0,Pristine,"Gautam Buddha, Nepal",Politics,,en,https://www.vishvasnews.com/wp-content/uploads/2023/03/Fake_News_1-6.jpg,A viral claim that Nepal included Gautam Buddhas picture on its currency.
IT_20200701_1,https://akm-img-a-in.tosshub.com/indiatoday/images/story/202007/FACTCHECK51255.jpeg?size=295:166,A viral video claimed a huge protest in Nepal was against Prime Minister KP Sharma Olis proChina stance.,1,Miscaptioned,"Nepal, KP Sharma Oli, China",Politics,,en,https://akm-img-a-in.tosshub.com/indiatoday/images/story/202007/FACTCHECK51255.jpeg?size=295:166,A viral video claimed a huge protest in Nepal was against Prime Minister KP Sharma Olis proChina stance.
IT_20200701_1,https://akm-img-a-in.tosshub.com/indiatoday/images/story/202007/FACTCHECK51255.jpeg?size=295:166,The protest was actually against the Nepal governments alleged failure to control the spread of Covid19 and the lockdown.,0,Pristine,"Nepal, KP Sharma Oli, China",Politics,,en,https://akm-img-a-in.tosshub.com/indiatoday/images/story/202007/FACTCHECK51255.jpeg?size=295:166,A viral video claimed a huge protest in Nepal was against Prime Minister KP Sharma Olis proChina stance.
OK_tiktok_2,https://english.onlinekhabar.com/wp-content/uploads/2021/10/misleading-tiktok-videos-1024x536.jpg,Some unscrupulous individuals have been misusing TikTok with the intention to mislead internet users.,1,Fabricated,TikTok,Politics,,en,https://english.onlinekhabar.com/wp-content/uploads/2021/10/misleading-tiktok-videos-1024x536.jpg,Some unscrupulous individuals have been misusing TikTok with the intention to mislead internet users.
OK_tiktok_2,https://english.onlinekhabar.com/wp-content/uploads/2021/10/misleading-tiktok-videos-1024x536.jpg,This image illustrates how unscrupulous individuals misuse TikTok to mislead internet users with fake news.,0,Pristine,TikTok,Politics,,en,https://english.onlinekhabar.com/wp-content/uploads/2021/10/misleading-tiktok-videos-1024x536.jpg,Some unscrupulous individuals have been misusing TikTok with the intention to mislead internet users.
OK_tiktok_3,https://english.onlinekhabar.com/wp-content/uploads/2021/12/tiktok-lockdown-misinformation.jpg,"Some unscrupulous TikTok users have posted video clips claiming the government has imposed a lockdown starting November 30, 2021.",1,Fabricated,TikTok,Politics,,en,https://english.onlinekhabar.com/wp-content/uploads/2021/12/tiktok-lockdown-misinformation.jpg,"Some unscrupulous TikTok users have posted video clips claiming the government has imposed a lockdown starting November 30, 2021."
OK_tiktok_3,https://english.onlinekhabar.com/wp-content/uploads/2021/12/tiktok-lockdown-misinformation.jpg,"TikTok users falsely claimed a government lockdown starting November 30, 2021, which was misinformation.",0,Pristine,TikTok,Politics,,en,https://english.onlinekhabar.com/wp-content/uploads/2021/12/tiktok-lockdown-misinformation.jpg,"Some unscrupulous TikTok users have posted video clips claiming the government has imposed a lockdown starting November 30, 2021."
AN_20250402_1,https://www.altnews.in/hindi/wp-content/uploads/sites/2/2025/04/image-14.jpg,"News24 used this image in a report claiming an Indian girl met a boy on social media thinking he was Korean and ran away to marry him, but he turned out to be a Nepalese watchman. This graphic, with the same claim, has been circulating on social media for many years, shared by users as satire.",1,Fabricated,"News24, Madhulika Singh",Politics,,en,https://www.altnews.in/hindi/wp-content/uploads/sites/2/2025/04/image-14.jpg,"News24 used this image in a report claiming an Indian girl met a boy on social media thinking he was Korean and ran away to marry him, but he turned o"
AN_20250402_1,https://www.altnews.in/hindi/wp-content/uploads/sites/2/2025/04/image-14.jpg,"The claim made by News24 is entirely false. The graphic containing this claim has been circulating as satire for years, and News24 erroneously published it as real news without proper verification. The photograph used in the graphic is that of social media influencer Madhulika Singh, who has explicitly confirmed to Alt News that the story is baseless and her photo has been misused in this misleading context for many years.",0,Pristine,"News24, Madhulika Singh",Politics,,en,https://www.altnews.in/hindi/wp-content/uploads/sites/2/2025/04/image-14.jpg,"News24 used this image in a report claiming an Indian girl met a boy on social media thinking he was Korean and ran away to marry him, but he turned o"
QT_20240303_1,https://media.assettype.com/thequint%2F2024-03%2F8997cd78-aab1-4ff5-91ce-7f611d398d3b%2F59.jpg?auto=format%2Ccompress&fmt=webp&width=720,"The OOC_Media is a photo showing a damaged road leading to the building of Department of Roads in Kathmandu, Nepal. The image was falsely circulated claiming to be from India.",1,Geographic_Mismatch,"Department of Roads, Kathmandu, Nepal, India",Politics,03/03/2024 00:00,en,https://media.assettype.com/thequint%2F2024-03%2F8997cd78-aab1-4ff5-91ce-7f611d398d3b%2F59.jpg?auto=format%2Ccompress&fmt=webp&width=720,"The OOC_Media is a photo showing a damaged road leading to the building of Department of Roads in Kathmandu, Nepal. The image was falsely circulated c"
QT_20240303_1,https://media.assettype.com/thequint%2F2024-03%2F8997cd78-aab1-4ff5-91ce-7f611d398d3b%2F59.jpg?auto=format%2Ccompress&fmt=webp&width=720,"The photo showing a damaged road leading to the building of Department of Roads in Kathmandu, Nepal, was falsely circulated claiming to be from India.",0,Pristine,"Department of Roads, Kathmandu, Nepal, India",Politics,03/03/2024 00:00,en,https://media.assettype.com/thequint%2F2024-03%2F8997cd78-aab1-4ff5-91ce-7f611d398d3b%2F59.jpg?auto=format%2Ccompress&fmt=webp&width=720,"The OOC_Media is a photo showing a damaged road leading to the building of Department of Roads in Kathmandu, Nepal. The image was falsely circulated c"
IT_20240307_2,https://akm-img-a-in.tosshub.com/indiatoday/styles/medium_crop_simple/public/2024-03/image_2_12.jpg?VersionId=DKcWYD1tP_EgC6Er9onRNxPqMzIrgZWP&size=750:*,"Allegedly in front of an Indian Department of Roads building, but is from Nepal.",1,Geographic_Mismatch,"Department of Roads, India, Nepal, Kathmandu, Babar Mahal",Politics,03/03/2024 00:00,en,https://akm-img-a-in.tosshub.com/indiatoday/styles/medium_crop_simple/public/2024-03/image_2_12.jpg?VersionId=DKcWYD1tP_EgC6Er9onRNxPqMzIrgZWP&size=750:*,"Allegedly in front of an Indian Department of Roads building, but is from Nepal."
IT_20240307_2,https://akm-img-a-in.tosshub.com/indiatoday/styles/medium_crop_simple/public/2024-03/image_2_12.jpg?VersionId=DKcWYD1tP_EgC6Er9onRNxPqMzIrgZWP&size=750:*,"The image shows a damaged street in front of the Department of Roads in Kathmandus Babarmahal, Nepal, not India.",0,Pristine,"Department of Roads, India, Nepal, Kathmandu, Babar Mahal",Politics,03/03/2024 00:00,en,https://akm-img-a-in.tosshub.com/indiatoday/styles/medium_crop_simple/public/2024-03/image_2_12.jpg?VersionId=DKcWYD1tP_EgC6Er9onRNxPqMzIrgZWP&size=750:*,"Allegedly in front of an Indian Department of Roads building, but is from Nepal."
NCX_20220507_1,https://newschecker.dietpixels.net/2022/05/weekly-wrap-cover-.jpg?quality=71&format=webp&w=1920,"Weekly Wrap Misinformation Around Rahul Gandhis Nepal Visit, Edited Image Of PMs Meet With German Chancellor And More",1,Miscaptioned,"Vasudha Beri, Rahul Gandhi, Nepal, PM, German Chancellor",Politics,07/05/2022 00:00,en,https://newschecker.dietpixels.net/2022/05/weekly-wrap-cover-.jpg?quality=71&format=webp&w=1920,"Weekly Wrap Misinformation Around Rahul Gandhis Nepal Visit, Edited Image Of PMs Meet With German Chancellor And More"
NCX_20220507_1,https://newschecker.dietpixels.net/2022/05/weekly-wrap-cover-.jpg?quality=71&format=webp&w=1920,"This article is a weekly wrapup of misinformation, including false claims about Rahul Gandhis Nepal visit and an edited image of a PMs meeting with the German Chancellor.",0,Pristine,"Vasudha Beri, Rahul Gandhi, Nepal, PM, German Chancellor",Politics,07/05/2022 00:00,en,https://newschecker.dietpixels.net/2022/05/weekly-wrap-cover-.jpg?quality=71&format=webp&w=1920,"Weekly Wrap Misinformation Around Rahul Gandhis Nepal Visit, Edited Image Of PMs Meet With German Chancellor And More"
RN_20200517_1,https://assets.rumsan.net/clients/recordnepal/img-2429.jpg,Video clip of antiIndia demonstration being circulated on social media is six months old,1,Fabricated,"Butwal, India, Kalapani, Lipulekh",Politics,23/04/2021 00:00,en,https://assets.rumsan.net/clients/recordnepal/img-2429.jpg,Video clip of antiIndia demonstration being circulated on social media is six months old
RN_20200517_1,https://assets.rumsan.net/clients/recordnepal/img-2429.jpg,The article discusses the concept of shallow fakes old videos resurfacing without their original context or with false context but does not provide a specific image or video instance for extraction.,0,Pristine,"Butwal, India, Kalapani, Lipulekh",Politics,23/04/2021 00:00,en,https://assets.rumsan.net/clients/recordnepal/img-2429.jpg,Video clip of antiIndia demonstration being circulated on social media is six months old
AJ_20200710_1,https://www.aljazeera.com/wp-content/uploads/2020/06/c1cba46b28fe4d55bc9a6487ba8cd38b_18.jpeg?resize=770%2C513&quality=80,Napalese FM Meets With Chinese VP in Beijing,1,Miscaptioned,"Nepalese FM, Chinese VP, KP Sharma Oli, India, Nepal, China, Madoka Ikegami, Getty Images",Politics,10/07/2020 00:00,en,https://www.aljazeera.com/wp-content/uploads/2020/06/c1cba46b28fe4d55bc9a6487ba8cd38b_18.jpeg?resize=770%2C513&quality=80,Napalese FM Meets With Chinese VP in Beijing
AJ_20200710_1,https://www.aljazeera.com/wp-content/uploads/2020/06/c1cba46b28fe4d55bc9a6487ba8cd38b_18.jpeg?resize=770%2C513&quality=80,"The image depicts a meeting between the Nepalese Foreign Minister and the Chinese Vice President in Beijing. The article explains that Indian media channels aired objectionable content and false propaganda about Nepalese Prime Minister KP Sharma Olis alleged close ties with the Chinese ambassador to Nepal, contributing to heightened tensions between India and Nepal. The image is presented within this context of disputed claims.",0,Pristine,"Nepalese FM, Chinese VP, KP Sharma Oli, India, Nepal, China, Madoka Ikegami, Getty Images",Politics,10/07/2020 00:00,en,https://www.aljazeera.com/wp-content/uploads/2020/06/c1cba46b28fe4d55bc9a6487ba8cd38b_18.jpeg?resize=770%2C513&quality=80,Napalese FM Meets With Chinese VP in Beijing