post_id,image_url,caption,label,misinformation_type,named_entities,categories,posted_date,language,article_url,article_title
TC_facebook-spreading-misinformation-free-health-checks-spreading-aids,https://techpana.prixacdn.net/media/albums/fake-news-techpana-news_E0dWBBw0Hf.jpg.760x430_q100_crop.jpg,घर-घरमा निःशुल्क स्वास्थ्य जाँच गर्न आउनेले एड्स सारिदिने भन्ने भ्रामक सूचना,1,Fabricated,Facebook,Politics,01/11/2024,ne,https://techpana.com/2024/147213/facebook-spreading-misinformation-free-health-checks-spreading-aids,घर-घरमा निःशुल्क स्वास्थ्य जाँच गर्न आउनेले एड्स सारिदिने भन्दै फेसबुकमा भ्रामक सूचना
TC_facebook-spreading-misinformation-free-health-checks-spreading-aids,https://techpana.prixacdn.net/media/albums/fake-news-techpana-news_E0dWBBw0Hf.jpg.760x430_q100_crop.jpg,कुनै वैज्ञानिक आधार बिना मनगठित दावी।,0,None,Facebook,Politics,01/11/2024,ne,https://techpana.com/2024/147213/facebook-spreading-misinformation-free-health-checks-spreading-aids,घर-घरमा निःशुल्क स्वास्थ्य जाँच गर्न आउनेले एड्स सारिदिने भन्दै फेसबुकमा भ्रामक सूचना
TC_techpana-factcheck-no-law-punishing-men-for-not-marrying-twice,https://techpana.prixacdn.net/media/albums/fake-news_9tg458611g.jpg.760x430_q100_crop.jpg,नेपालमा दोस्रो विवाह नगर्ने पुरुषलाई सजाय दिने कानुन छ,1,Fabricated,Nepal Government,Politics,25/02/2025,ne,https://techpana.com/2025/149720/techpana-factcheck-no-law-punishing-men-for-not-marrying-twice,टेकपाना फ्याक्टचेक: भाइरल समाचार जस्तो पुरुषले २ विवाह नगरे कारबाही हुने नियम नेपालमा मात्र नभई विश्वमा कतै छैन
TC_techpana-factcheck-no-law-punishing-men-for-not-marrying-twice,https://techpana.prixacdn.net/media/albums/fake-news_9tg458611g.jpg.760x430_q100_crop.jpg,त्यस्तो कानुन छैन । नेपालको कानुनले बहुविवाहलाई निषेध गरेको छ ।,0,None,Nepal Government,Politics,25/02/2025,ne,https://techpana.com/2025/149720/techpana-factcheck-no-law-punishing-men-for-not-marrying-twice,टेकपाना फ्याक्टचेक: भाइरल समाचार जस्तो पुरुषले २ विवाह नगरे कारबाही हुने नियम नेपालमा मात्र नभई विश्वमा कतै छैन
TC_techpana-fact-check-viral-video-ukraine-president-punching-us-president-misleading,https://techpana.prixacdn.net/media/albums/donald-trump-techpana_dSy5GaxLL6.jpg.760x430_q100_crop.jpg,जेलेन्स्कीले अमेरिकी राष्ट्रपति ट्रम्पलाई मुक्का मारेको भिडियो,1,Fabricated,"Zelensky, Trump, Ukraine, USA",Politics,02/03/2025,ne,https://techpana.com/2025/149761/techpana-fact-check-viral-video-ukraine-president-punching-us-president-misleading,टेकपाना फ्याक्टचेकः युक्रेनी राष्ट्रपतिले अमेरिकी राष्ट्रपतिलाई कुटेको देखिने भाइरल भिडिओ भ्रामक
TC_techpana-fact-check-viral-video-ukraine-president-punching-us-president-misleading,https://techpana.prixacdn.net/media/albums/donald-trump-techpana_dSy5GaxLL6.jpg.760x430_q100_crop.jpg,भिडियो AI द्वारा निर्मित छ। कुनै शारीरिक झगडा भएको छैन।,0,None,"Zelensky, Trump, Ukraine, USA",Politics,02/03/2025,ne,https://techpana.com/2025/149761/techpana-fact-check-viral-video-ukraine-president-punching-us-president-misleading,टेकपाना फ्याक्टचेकः युक्रेनी राष्ट्रपतिले अमेरिकी राष्ट्रपतिलाई कुटेको देखिने भाइरल भिडिओ भ्रामक
TC_techpana-factcheck-mustang-uranium-claim-false,https://techpana.prixacdn.net/media/albums/Fake-News-techpana-news_2oUq0Gei6a.jpg.760x430_q100_crop.jpg,मुस्ताङमा युरेनियम फेला परेको छ,1,Fabricated,"Mustang, Nepal",Politics,05/03/2025,ne,https://techpana.com/2025/149828/techpana-factcheck-mustang-uranium-claim-false,टेकपाना फ्याक्टचेकः मुस्ताङमा ३५ टन युरेनियम भेटिएको दाबी भ्रामक
TC_techpana-factcheck-mustang-uranium-claim-false,https://techpana.prixacdn.net/media/albums/Fake-News-techpana-news_2oUq0Gei6a.jpg.760x430_q100_crop.jpg,मुस्ताङमा युरेनियम भेटिएको पुष्टि भएको छैन ।,0,None,"Mustang, Nepal",Politics,05/03/2025,ne,https://techpana.com/2025/149828/techpana-factcheck-mustang-uranium-claim-false,टेकपाना फ्याक्टचेकः मुस्ताङमा ३५ टन युरेनियम भेटिएको दाबी भ्रामक
TC_techpana-factcheck-man-died-due-to-electric-shock-while-fishing-not-charging-mobile,https://techpana.prixacdn.net/media/albums/electric-shock-techpana-news_t4jguvw4mV.jpg.760x430_q100_crop.jpg,मोबाइल चार्ज गर्ने क्रममा करेन्ट लागेर एक जनाको मृत्यु भएको छ,1,Miscaptioned,,Politics,12/03/2025,ne,https://techpana.com/2025/149888/techpana-factcheck-man-died-due-to-electric-shock-while-fishing-not-charging-mobile,"टेकपाना फ्याक्टचेकः मोबाइल चार्ज गर्दा होइन, माछा मार्ने क्रममा करेन्ट लागेर युवकको मृत्यु"
TC_techpana-factcheck-man-died-due-to-electric-shock-while-fishing-not-charging-mobile,https://techpana.prixacdn.net/media/albums/electric-shock-techpana-news_t4jguvw4mV.jpg.760x430_q100_crop.jpg,फोन चार्ज नगरी माछा मार्ने क्रममा करेन्ट लागेर एक जनाको मृत्यु भएको छ ।,0,None,,Politics,12/03/2025,ne,https://techpana.com/2025/149888/techpana-factcheck-man-died-due-to-electric-shock-while-fishing-not-charging-mobile,"टेकपाना फ्याक्टचेकः मोबाइल चार्ज गर्दा होइन, माछा मार्ने क्रममा करेन्ट लागेर युवकको मृत्यु"
TC_techpana-factcheck-bank-account-rental-scam-nepal,https://techpana.prixacdn.net/media/albums/bank-account-rent-techpana-news_Olx8QZWMj5.jpg.760x430_q100_crop.jpg,नेपालमा सञ्चालन भएको बैंक खाता भाडा घोटाला,1,Fabricated,Nepal,Politics,25/03/2025,ne,https://techpana.com/2025/150072/techpana-factcheck-bank-account-rental-scam-nepal,"टेकपाना फ्याक्टचेकः नझुक्किनुहोस् ! नेपालमा बैंक खाता भाडामा दिन पाइँदैन‍, दिए ठगीमा पर्नुहोला"
TC_techpana-factcheck-bank-account-rental-scam-nepal,https://techpana.prixacdn.net/media/albums/bank-account-rent-techpana-news_Olx8QZWMj5.jpg.760x430_q100_crop.jpg,अनुसन्धानबाट वास्तविक घोटाला पुष्टि भयो।,0,None,Nepal,Politics,25/03/2025,ne,https://techpana.com/2025/150072/techpana-factcheck-bank-account-rental-scam-nepal,"टेकपाना फ्याक्टचेकः नझुक्किनुहोस् ! नेपालमा बैंक खाता भाडामा दिन पाइँदैन‍, दिए ठगीमा पर्नुहोला"
TC_techpana-fact-check-balen-photo-shared-by-royalists-is-2-years-old,https://techpana.prixacdn.net/media/albums/balen-shah-fact-techpana-fact-check_KKR0uFplhd.png.760x430_q100_crop.png,Royalists ले बलेन शाहको हालको फोटो साझा गर्नुभयो,1,Temporal_Mismatch,"Balendra Shah, Kathmandu",Politics,28/03/2025,ne,https://techpana.com/2025/150103/techpana-fact-check-balen-photo-shared-by-royalists-is-2-years-old,टेकपाना फ्याक्टचेकः बालेनलाई गाली गर्दै राजावादीहरूले शेयर गरेको फोटो २ वर्ष पुरानो
TC_techpana-fact-check-balen-photo-shared-by-royalists-is-2-years-old,https://techpana.prixacdn.net/media/albums/balen-shah-fact-techpana-fact-check_KKR0uFplhd.png.760x430_q100_crop.png,फोटो २ वर्ष पुरानो हो।,0,None,"Balendra Shah, Kathmandu",Politics,28/03/2025,ne,https://techpana.com/2025/150103/techpana-fact-check-balen-photo-shared-by-royalists-is-2-years-old,टेकपाना फ्याक्टचेकः बालेनलाई गाली गर्दै राजावादीहरूले शेयर गरेको फोटो २ वर्ष पुरानो
TC_techpana-fact-check-government-did-not-issue-appeal-against-pro-monarchy-protests,https://techpana.prixacdn.net/media/albums/bharamak-news_EIHBEUmRBU.jpg.760x430_q100_crop.jpg,सरकारले राजतन्त्र पक्षधर आन्दोलन विरुद्ध अपिल जारी गरेको छ,1,Fabricated,Nepal Government,Politics,01/04/2025,ne,https://techpana.com/2025/150143/techpana-fact-check-government-did-not-issue-appeal-against-pro-monarchy-protests,फ्याक्टचेकः ‘राजावादी प्रदर्शनमा सहभागी नहुन सरकारको अपिल’ भन्दै मेनस्ट्रिम मिडियाले नै फैलाए भ्रम
TC_techpana-fact-check-government-did-not-issue-appeal-against-pro-monarchy-protests,https://techpana.prixacdn.net/media/albums/bharamak-news_EIHBEUmRBU.jpg.760x430_q100_crop.jpg,सरकारले त्यस्तो कुनै अपील गरेको छैन।,0,None,Nepal Government,Politics,01/04/2025,ne,https://techpana.com/2025/150143/techpana-fact-check-government-did-not-issue-appeal-against-pro-monarchy-protests,फ्याक्टचेकः ‘राजावादी प्रदर्शनमा सहभागी नहुन सरकारको अपिल’ भन्दै मेनस्ट्रिम मिडियाले नै फैलाए भ्रम
TC_techpana-factcheck-wifi-radiations-causes-cancer-unverified,https://techpana.prixacdn.net/media/albums/wifi-health-unverified-fact-techpana-fact-check_0Dre5LUO3j.jpg.760x430_q100_crop.jpg,वाइफाइ विकिरणले क्यान्सर निम्त्याउँछ,1,Fabricated,,Politics,01/04/2025,ne,https://techpana.com/2025/150145/techpana-factcheck-wifi-radiations-causes-cancer-unverified,"फ्याक्टचेक: नपत्याउनुहोस्, रातभर वाई-फाई अन राख्दा क्यान्सर हुने दाबी प्रमाणित भएको छैन"
TC_techpana-factcheck-wifi-radiations-causes-cancer-unverified,https://techpana.prixacdn.net/media/albums/wifi-health-unverified-fact-techpana-fact-check_0Dre5LUO3j.jpg.760x430_q100_crop.jpg,अप्रमाणित दावी वैज्ञानिक सहमति द्वारा समर्थित छैन।,0,None,,Politics,01/04/2025,ne,https://techpana.com/2025/150145/techpana-factcheck-wifi-radiations-causes-cancer-unverified,"फ्याक्टचेक: नपत्याउनुहोस्, रातभर वाई-फाई अन राख्दा क्यान्सर हुने दाबी प्रमाणित भएको छैन"
TC_techpana-fact-check-thresher-accident-video-claimed-from-nepalgunj-is-actually-from-india,https://techpana.prixacdn.net/media/albums/thresor-nepalgunj-techpana-news_kHjMrK7eB0.jpg.760x430_q100_crop.jpg,नेपालगन्जमा थ्रेसरमा लडेर एक महिलाको मृत्यु भएको छ,1,Geographic_Mismatch,"Nepalgunj, Banke",Politics,09/04/2025,ne,https://techpana.com/2025/150229/techpana-fact-check-thresher-accident-video-claimed-from-nepalgunj-is-actually-from-india,फ्याक्टचेकः थ्रेसरमा परी नेपालगञ्जमा एक व्यक्तिको ज्यान गएको भन्दै भाइरल भएको भिडिओ भारतको
TC_techpana-fact-check-thresher-accident-video-claimed-from-nepalgunj-is-actually-from-india,https://techpana.prixacdn.net/media/albums/thresor-nepalgunj-techpana-news_kHjMrK7eB0.jpg.760x430_q100_crop.jpg,घटना नेपालगन्ज नभई भारतको मध्य प्रदेशको हो । पीडित महिला नभई पुरुष मजदुर थिए ।,0,None,"Nepalgunj, Banke",Politics,09/04/2025,ne,https://techpana.com/2025/150229/techpana-fact-check-thresher-accident-video-claimed-from-nepalgunj-is-actually-from-india,फ्याक्टचेकः थ्रेसरमा परी नेपालगञ्जमा एक व्यक्तिको ज्यान गएको भन्दै भाइरल भएको भिडिओ भारतको
TC_fact-check-video-claiming-police-aimed-gun-at-rabi-lamichhane-is-fake,https://techpana.prixacdn.net/media/albums/factchek-rabi-lamichhane_wFcOGTmOBP.jpg.760x430_q100_crop.jpg,रवि लामिछानेलाई पक्राउ गरेपछि प्रहरीले गोली प्रहार गरेको थियो,1,Fabricated,"Rabi Lamichhane, RSP",Politics,08/04/2025,ne,https://techpana.com/2025/150237/fact-check-video-claiming-police-aimed-gun-at-rabi-lamichhane-is-fake,फ्याक्टचेक: रवि लामिछानेमाथि प्रहरीले पेस्तोल तेर्स्याएको भिडिओ चिपफेक
TC_fact-check-video-claiming-police-aimed-gun-at-rabi-lamichhane-is-fake,https://techpana.prixacdn.net/media/albums/factchek-rabi-lamichhane_wFcOGTmOBP.jpg.760x430_q100_crop.jpg,भिडियो एक chipfake deepfake हो। उसलाई बन्दुकको निशाना थिएन।,0,None,"Rabi Lamichhane, RSP",Politics,08/04/2025,ne,https://techpana.com/2025/150237/fact-check-video-claiming-police-aimed-gun-at-rabi-lamichhane-is-fake,फ्याक्टचेक: रवि लामिछानेमाथि प्रहरीले पेस्तोल तेर्स्याएको भिडिओ चिपफेक
TC_rabi-lamichhane-ai-generated-fake-video-goes-viral,https://techpana.prixacdn.net/media/albums/rabi-lamichhane_-ai-generated-video-fact-techpana-fact-check_TpeTdTAVda.jpg.760x430_q100_crop.jpg,रवि लामिछाने जेलमा दुःख भोग्दै छन् एआई भिडियो,1,Fabricated,"Rabi Lamichhane, RSP",Politics,11/04/2025,ne,https://techpana.com/2025/150286/rabi-lamichhane-ai-generated-fake-video-goes-viral,फ्याक्टचेकः रवि लामिछानेले जेलमा दुःख पाएको भन्दै एआईले बनाएको भिडिओ भाइरल
TC_rabi-lamichhane-ai-generated-fake-video-goes-viral,https://techpana.prixacdn.net/media/albums/rabi-lamichhane_-ai-generated-video-fact-techpana-fact-check_TpeTdTAVda.jpg.760x430_q100_crop.jpg,एआई प्रयोग गरेर सिर्जना गरिएको भिडियोले वास्तविक अवस्था देखाउँदैन।,0,None,"Rabi Lamichhane, RSP",Politics,11/04/2025,ne,https://techpana.com/2025/150286/rabi-lamichhane-ai-generated-fake-video-goes-viral,फ्याक्टचेकः रवि लामिछानेले जेलमा दुःख पाएको भन्दै एआईले बनाएको भिडिओ भाइरल
TC_techpana-factchek-nagarkot-tiger-sighting-claim-false,https://techpana.prixacdn.net/media/albums/techpana-factcheck-pate-bagh_7UP8hL8RHT.jpg.760x430_q100_crop.jpg,नगरकोटमा बाघ देखियो,1,Fabricated,"Nagarkot, Kathmandu",Politics,28/04/2025,ne,https://techpana.com/2025/150472/techpana-factchek-nagarkot-tiger-sighting-claim-false,"टेकपाना फ्याक्टचेक: नपत्याउनुहोस्, भक्तपुर नगरकोटमा पाटे बाघ भेटिएको छैन"
TC_techpana-factchek-nagarkot-tiger-sighting-claim-false,https://techpana.prixacdn.net/media/albums/techpana-factcheck-pate-bagh_7UP8hL8RHT.jpg.760x430_q100_crop.jpg,नगरकोटमा बाघ देखिएन । दाबी गलत छ।,0,None,"Nagarkot, Kathmandu",Politics,28/04/2025,ne,https://techpana.com/2025/150472/techpana-factchek-nagarkot-tiger-sighting-claim-false,"टेकपाना फ्याक्टचेक: नपत्याउनुहोस्, भक्तपुर नगरकोटमा पाटे बाघ भेटिएको छैन"
TC_techpana-factcheck-thamel-police-assault-video-actually-peru-2014,https://techpana.prixacdn.net/media/albums/viral-video-thamel-prostitution-techpana-news_h79o7mQ8bG.jpg.760x430_q100_crop.jpg,काठमाडौंको ठमेल नाइट क्लबमा प्रहरीले महिलामाथि कुटपिट गरेको छ,1,Geographic_Mismatch,"Thamel, Kathmandu",Politics,19/04/2025,ne,https://techpana.com/2025/150414/techpana-factcheck-thamel-police-assault-video-actually-peru-2014,टेकपाना फ्याक्टचेक: वेश्यावृत्ति फैलाएको भन्दै प्रहरीले कुटेको भिडिओ ठमेलको नभई पेरुको
TC_techpana-factcheck-thamel-police-assault-video-actually-peru-2014,https://techpana.prixacdn.net/media/albums/viral-video-thamel-prostitution-techpana-news_h79o7mQ8bG.jpg.760x430_q100_crop.jpg,"भिडियो २०१४ मा खिचिएको पेरुको हो, ठमेलको होइन ।",0,None,"Thamel, Kathmandu",Politics,19/04/2025,ne,https://techpana.com/2025/150414/techpana-factcheck-thamel-police-assault-video-actually-peru-2014,टेकपाना फ्याक्टचेक: वेश्यावृत्ति फैलाएको भन्दै प्रहरीले कुटेको भिडिओ ठमेलको नभई पेरुको
TC_techpana-factcheck-nepal-times-viral-video-on-oli-found-misleading,https://techpana.prixacdn.net/media/albums/misleading-news-oli-criticism-modi-techpana-news_CvOkeUNA4T.jpg.760x430_q100_crop.jpg,नेपाल टाइम्सले केपी ओलीको भाइरल भिडियो सार्वजनिक गरेको छ,1,Miscaptioned,"KP Sharma Oli, Nepal Times",Politics,30/04/2025,ne,https://techpana.com/2025/150507/techpana-factcheck-nepal-times-viral-video-on-oli-found-misleading,"टेकपाना फ्याक्टचेक: ओलीले ‘मोदीको आलोचना हुँदैन, मेरो किन हुन्छ ?’ भनेका छैनन्, भ्रम फैलाइयो"
TC_techpana-factcheck-nepal-times-viral-video-on-oli-found-misleading,https://techpana.prixacdn.net/media/albums/misleading-news-oli-criticism-modi-techpana-news_CvOkeUNA4T.jpg.760x430_q100_crop.jpg,"नेपाल टाइम्सले प्रधानमन्त्री केपी शर्मा ओलीले “मोदीको आलोचना हुँ‍दैन, मेरो किन हुन्छ ?” भनेर प्रश्न गरेका हुन् भन्ने दाबीसहित भिडिओ सामग्री प्रस्तुत गर्‍यो । तर उपलब्ध प्रमाणहरूले ओलीले आफ्ना कुनै पनि सम्बोधनमा यस्तो भनाइ गरेका छैनन् भन्ने पुष्टि गर्छ । नेपाल टाइम्सले प्रयोग गरेको वाक्य न त प्रधानमन्त्रीको वास्तविक भाषणमा भेटिन्छ, न त त्यस अर्थमा कुनै अभिव्यक्ति दिएका छन् । बरु, ओलीले भारतका प्रधानमन्त्री नरेन्द्र मोदीसँग सकारात्मक वार्ता भएको उल्लेख गर्दै छिमेकी देशहरू सरकारप्रति सकारात्मक रहेको दाबी गरेका छन् । यस्तो पृष्ठभूमिमा नेपाल टाइम्सको शीर्षक र दाबी तथ्यहीन र भ्रामक ठहरिन्छ । यसले दर्शकको ध्यान तान्न बनाइएको गलत शीर्षक र सामग्रीको प्रयोग भएको प्रस्ट हुन्छ ।",0,None,"KP Sharma Oli, Nepal Times",Politics,30/04/2025,ne,https://techpana.com/2025/150507/techpana-factcheck-nepal-times-viral-video-on-oli-found-misleading,"टेकपाना फ्याक्टचेक: ओलीले ‘मोदीको आलोचना हुँदैन, मेरो किन हुन्छ ?’ भनेका छैनन्, भ्रम फैलाइयो"
TC_techpana-factcheck-balen-shah-did-not-make-offensive-facebook-post-against-sunita-dangol,https://techpana.prixacdn.net/media/albums/misleading-news-oli-criticism-modi-techpana-news_gbL5hdifna.png.760x430_q100_crop.png,बलेनले सुनिता डंगोलविरुद्ध फेसबुक पोस्ट गरेका थिए,1,Fabricated,"Balendra Shah, Sunita Dangol, Kathmandu",Politics,02/05/2025,ne,https://techpana.com/2025/150521/techpana-factcheck-balen-shah-did-not-make-offensive-facebook-post-against-sunita-dangol,"टेकपाना फ्याक्टचेकः नझुक्किनुहोस्, बालेनले सुनिता डङ्गोल लक्षित फेसबुक पोस्ट राखेका छैनन्"
TC_techpana-factcheck-balen-shah-did-not-make-offensive-facebook-post-against-sunita-dangol,https://techpana.prixacdn.net/media/albums/misleading-news-oli-criticism-modi-techpana-news_gbL5hdifna.png.760x430_q100_crop.png,त्यस्तो पोस्ट गरिएको छैन। स्क्रिनसट डिजिटल रूपमा हेरफेर गरिएको थियो।,0,None,"Balendra Shah, Sunita Dangol, Kathmandu",Politics,02/05/2025,ne,https://techpana.com/2025/150521/techpana-factcheck-balen-shah-did-not-make-offensive-facebook-post-against-sunita-dangol,"टेकपाना फ्याक्टचेकः नझुक्किनुहोस्, बालेनले सुनिता डङ्गोल लक्षित फेसबुक पोस्ट राखेका छैनन्"
TC_techpana-factcheck-congress-sahamahamantri-son-accused-of-stealing-liquor-from-bhatbhateni-false-viral-photo,https://techpana.prixacdn.net/media/albums/sahamahamantri-son-fact-check-techpana-news_opfk4bp0y7.jpg.760x430_q100_crop.jpg,भाटभटेनीबाट कांग्रेस उपमहासचिवका छोराले मदिरा चोरेका छन्,1,Fabricated,"Nepali Congress, BhatBhateni",Politics,05/05/2025,ne,https://techpana.com/2025/150569/techpana-factcheck-congress-sahamahamantri-son-accused-of-stealing-liquor-from-bhatbhateni-false-viral-photo,फ्याक्टचेकः कांग्रेस सहमहामन्त्रीको छोराले भाटभटेनीबाट रक्सी चोरेको भन्दै अरूकै फोटो भाइरल
TC_techpana-factcheck-congress-sahamahamantri-son-accused-of-stealing-liquor-from-bhatbhateni-false-viral-photo,https://techpana.prixacdn.net/media/albums/sahamahamantri-son-fact-check-techpana-news_opfk4bp0y7.jpg.760x430_q100_crop.jpg,कांग्रेस नेताका छोराले मदिरा चोरेको भाइरल फोटो झुटो,0,None,"Nepali Congress, BhatBhateni",Politics,05/05/2025,ne,https://techpana.com/2025/150569/techpana-factcheck-congress-sahamahamantri-son-accused-of-stealing-liquor-from-bhatbhateni-false-viral-photo,फ्याक्टचेकः कांग्रेस सहमहामन्त्रीको छोराले भाटभटेनीबाट रक्सी चोरेको भन्दै अरूकै फोटो भाइरल
TC_techpana-factcheck-former-tourism-minister-prem-ale-words-in-parliament,https://techpana.prixacdn.net/media/albums/prem-ale-techpana-news_1_dUxzgMnZXV.jpg.760x430_q100_crop.jpg,पूर्व पर्यटनमन्त्री प्रेम आलेले संसदमा विवादास्पद अभिव्यक्ति दिएका छन्,1,Miscaptioned,"Prem Ale, Parliament, Nepal",Politics,07/05/2025,ne,https://techpana.com/2025/150576/techpana-factcheck-former-tourism-minister-prem-ale-words-in-parliament,फ्याक्टचेकः के संसद्‌मै पूर्व पर्यटन मन्त्री आलेले अश्लील शब्द बोलेका हुन् ?
TC_techpana-factcheck-former-tourism-minister-prem-ale-words-in-parliament,https://techpana.prixacdn.net/media/albums/prem-ale-techpana-news_1_dUxzgMnZXV.jpg.760x430_q100_crop.jpg,संसदमा बोलेका शब्दहरूलाई प्रसंगभन्दा बाहिर निकालियो।,0,None,"Prem Ale, Parliament, Nepal",Politics,07/05/2025,ne,https://techpana.com/2025/150576/techpana-factcheck-former-tourism-minister-prem-ale-words-in-parliament,फ्याक्टचेकः के संसद्‌मै पूर्व पर्यटन मन्त्री आलेले अश्लील शब्द बोलेका हुन् ?
TC_jhapali-people-did-not-plant-bananas-on-road-viral-video-is-deepfake,https://techpana.prixacdn.net/media/albums/jhapa-deepfake-techpana-news_eUXuK75cBB.jpg.760x430_q100_crop.jpg,झापावासीले सडकमा केराको रुख लगाएका छन्,1,Fabricated,Jhapa,Politics,09/05/2025,ne,https://techpana.com/2025/150599/jhapali-people-did-not-plant-bananas-on-road-viral-video-is-deepfake,"फ्याक्टचेक: बाटो बिग्रेको विरोधमा झापाली जनताले सडकमा केरा रोपेका होइनन्, भाइरल भिडिओ डिपफेक हो"
TC_jhapali-people-did-not-plant-bananas-on-road-viral-video-is-deepfake,https://techpana.prixacdn.net/media/albums/jhapa-deepfake-techpana-news_eUXuK75cBB.jpg.760x430_q100_crop.jpg,भिडियो एक गहिरो फेक हो। घटना हुन सकेको छैन ।,0,None,Jhapa,Politics,09/05/2025,ne,https://techpana.com/2025/150599/jhapali-people-did-not-plant-bananas-on-road-viral-video-is-deepfake,"फ्याक्टचेक: बाटो बिग्रेको विरोधमा झापाली जनताले सडकमा केरा रोपेका होइनन्, भाइरल भिडिओ डिपफेक हो"
TC_techpana-factcheck-misleading-claims-about-youtube-getting-online-media-recognition-in-nepal,https://techpana.prixacdn.net/media/albums/techpana-factcheck_LUIQlPkpGK.jpeg.760x430_q100_crop.jpg,YouTube ले नेपालमा आधिकारिक अनलाइन मिडियाको मान्यता पाएको छ,1,Miscaptioned,"YouTube, Nepal",Politics,12/05/2025,ne,https://techpana.com/2025/150614/techpana-factcheck-misleading-claims-about-youtube-getting-online-media-recognition-in-nepal,युट्युबले अनलाइन सञ्चार माध्यमको मान्यता पाउने दाबी सहितका समाचार भ्रामक
TC_techpana-factcheck-misleading-claims-about-youtube-getting-online-media-recognition-in-nepal,https://techpana.prixacdn.net/media/albums/techpana-factcheck_LUIQlPkpGK.jpeg.760x430_q100_crop.jpg,युट्युबले नेपालमा मिडियाको मान्यता पाएको दाबी भ्रामक छ।,0,None,"YouTube, Nepal",Politics,12/05/2025,ne,https://techpana.com/2025/150614/techpana-factcheck-misleading-claims-about-youtube-getting-online-media-recognition-in-nepal,युट्युबले अनलाइन सञ्चार माध्यमको मान्यता पाउने दाबी सहितका समाचार भ्रामक
TC_fact-check-nepal-all-students-detained-for-exam-not-arrested-in-bhatbhateni-looting,https://techpana.prixacdn.net/media/albums/bhatbhateni-looting-fact-check-nepal_WMljLUykMQ.jpg.760x430_q100_crop.jpg,भाटभटेनी लुटपाटमा संलग्न विद्यार्थी पक्राउ,1,Miscaptioned,"BhatBhateni, Nepal",Politics,14/05/2025,ne,https://techpana.com/2025/150681/fact-check-nepal-all-students-detained-for-exam-not-arrested-in-bhatbhateni-looting,फ्याक्टचेकः हिरासतबाट जाँच दिने ६ जना विद्यार्थी नै भाटभटेनी लुटपाटमा पक्राउ परेको सत्य होइन
TC_fact-check-nepal-all-students-detained-for-exam-not-arrested-in-bhatbhateni-looting,https://techpana.prixacdn.net/media/albums/bhatbhateni-looting-fact-check-nepal_WMljLUykMQ.jpg.760x430_q100_crop.jpg,भाटभटेनी लुटपाट नभएर परीक्षाको कारणले विद्यार्थीलाई हिरासतमा लिइएको हो ।,0,None,"BhatBhateni, Nepal",Politics,14/05/2025,ne,https://techpana.com/2025/150681/fact-check-nepal-all-students-detained-for-exam-not-arrested-in-bhatbhateni-looting,फ्याक्टचेकः हिरासतबाट जाँच दिने ६ जना विद्यार्थी नै भाटभटेनी लुटपाटमा पक्राउ परेको सत्य होइन
TC_false-video-about-balen-goes-viral,https://techpana.prixacdn.net/media/albums/Misleading_D81aIvtWFF.jpg.760x430_q100_crop.jpg,बलेन शाहको झुटो भिडियो भाइरल,1,Fabricated,Balendra Shah,Politics,20/05/2025,ne,https://techpana.com/2025/150727/false-video-about-balen-goes-viral,बालेनको घरमा बम भेटियो भन्दै भ्रामक भिडिओ भाइरल
TC_false-video-about-balen-goes-viral,https://techpana.prixacdn.net/media/albums/Misleading_D81aIvtWFF.jpg.760x430_q100_crop.jpg,बलेन शाहको झुटो भिडियोलाई झुटो भनेर खण्डन गरियो।,0,None,Balendra Shah,Politics,20/05/2025,ne,https://techpana.com/2025/150727/false-video-about-balen-goes-viral,बालेनको घरमा बम भेटियो भन्दै भ्रामक भिडिओ भाइरल
TC_techpana-fact-check-ai-generated-video-of-bungee-accident-in-parbat-goes-viral,https://techpana.prixacdn.net/media/albums/misleading-the-cliff-techpana-news_ANX8yne8b7.png.760x430_q100_crop.png,पर्वत नेपालमा बन्जी जम्पिङ दुर्घटनाको भिडियो,1,Fabricated,Parbat district,Politics,08/06/2025,ne,https://techpana.com/2025/150942/techpana-fact-check-ai-generated-video-of-bungee-accident-in-parbat-goes-viral,फ्याक्टचेक: पर्वतमा बन्जी दुर्घटना भयो भन्दै भाइरल भइरहेको भिडिओ एआई-निर्मित
TC_techpana-fact-check-ai-generated-video-of-bungee-accident-in-parbat-goes-viral,https://techpana.prixacdn.net/media/albums/misleading-the-cliff-techpana-news_ANX8yne8b7.png.760x430_q100_crop.png,भिडियो AI द्वारा निर्मित छ। पर्वतमा बन्जी दुर्घटना भएको छैन ।,0,None,Parbat district,Politics,08/06/2025,ne,https://techpana.com/2025/150942/techpana-fact-check-ai-generated-video-of-bungee-accident-in-parbat-goes-viral,फ्याक्टचेक: पर्वतमा बन्जी दुर्घटना भयो भन्दै भाइरल भइरहेको भिडिओ एआई-निर्मित
TC_techpana-factcheck-claim-that-4-year-old-girl-dies-after-ai-conversation-is-false,https://techpana.prixacdn.net/media/albums/false-information-shared-neb-results-and-news_oMdUqDwLB7.jpg.760x430_q100_crop.jpg,एआईसँग कुरा गरेपछि ४ वर्षीया बालिकाको मृत्यु भयो,1,Fabricated,,Politics,15/06/2025,ne,https://techpana.com/2025/150981/techpana-factcheck-claim-that-4-year-old-girl-dies-after-ai-conversation-is-false,टेकपाना फ्याक्टचेकः एआईसँगको कुराकानीपछि ४ वर्षीया बालिकाले आत्महत्या गरेको दाबी झुटो
TC_techpana-factcheck-claim-that-4-year-old-girl-dies-after-ai-conversation-is-false,https://techpana.prixacdn.net/media/albums/false-information-shared-neb-results-and-news_oMdUqDwLB7.jpg.760x430_q100_crop.jpg,दाबी पूर्णतया गलत छ।,0,None,,Politics,15/06/2025,ne,https://techpana.com/2025/150981/techpana-factcheck-claim-that-4-year-old-girl-dies-after-ai-conversation-is-false,टेकपाना फ्याक्टचेकः एआईसँगको कुराकानीपछि ४ वर्षीया बालिकाले आत्महत्या गरेको दाबी झुटो
TC_balen-mayor-viral-toilet-logo-photo-of-oli-and-rana-is-fake,https://techpana.prixacdn.net/media/albums/balen-public-toilet-techpana-news_vN0V1C8J9V.jpg.760x430_q100_crop.jpg,बालेन शौचालयको लोगोमा केपी ओली र राणाको फोटो नक्कली !,1,Fabricated,"Balendra Shah, KP Sharma Oli, Rana, Kathmandu",Politics,20/06/2025,ne,https://techpana.com/2025/151109/balen-mayor-viral-toilet-logo-photo-of-oli-and-rana-is-fake,टेकपाना फ्याक्टचेकः मेयर बालेनले शौचालयको लोगोमा प्रम ओली र मन्त्री राणाको फोटो राखेको भन्दै भाइरल फोटो फेक
TC_balen-mayor-viral-toilet-logo-photo-of-oli-and-rana-is-fake,https://techpana.prixacdn.net/media/albums/balen-public-toilet-techpana-news_vN0V1C8J9V.jpg.760x430_q100_crop.jpg,बालेनसँग जोडिएको शौचालयको लोगोमा ओली र राणाको फोटो नक्कली,0,None,"Balendra Shah, KP Sharma Oli, Rana, Kathmandu",Politics,20/06/2025,ne,https://techpana.com/2025/151109/balen-mayor-viral-toilet-logo-photo-of-oli-and-rana-is-fake,टेकपाना फ्याक्टचेकः मेयर बालेनले शौचालयको लोगोमा प्रम ओली र मन्त्री राणाको फोटो राखेको भन्दै भाइरल फोटो फेक
TC_factcheck-of-bamboo-tower-of-nepal-telecom,https://techpana.prixacdn.net/media/albums/NT_tower_fact-check_dGP6QtBLeI.jpg.760x430_q100_crop.jpg,नेपाल टेलिकमको बाँस टावरको दाबी भ्रामक,1,Miscaptioned,Nepal Telecom,Politics,25/06/2025,ne,https://techpana.com/2025/151147/factcheck-of-bamboo-tower-of-nepal-telecom,टेकपाना फ्याक्टचेक: नझुक्किनुस् ! बैतडीमा नेपाल टेलिकमले बाँसको टावर बनाएको कुरा साँचो होइन
TC_factcheck-of-bamboo-tower-of-nepal-telecom,https://techpana.prixacdn.net/media/albums/NT_tower_fact-check_dGP6QtBLeI.jpg.760x430_q100_crop.jpg,नेपाल टेलिकमको बाँस टावरको दाबी भ्रामक थियो ।,0,None,Nepal Telecom,Politics,25/06/2025,ne,https://techpana.com/2025/151147/factcheck-of-bamboo-tower-of-nepal-telecom,टेकपाना फ्याक्टचेक: नझुक्किनुस् ! बैतडीमा नेपाल टेलिकमले बाँसको टावर बनाएको कुरा साँचो होइन
TC_techpana-factcheck-misleading-video-police-stone-pro-monarchy-protest,https://techpana.prixacdn.net/media/albums/misinformation-protest-techpana-news_9BzFZ8Qhbk.jpg.760x430_q100_crop.jpg,प्रहरीले राजतन्त्र समर्थक प्रदर्शनकारीमाथि ढुङ्गा हानेको दाबी गरेको भिडियो,1,Miscaptioned,Nepal Police,Politics,02/07/2025,ne,https://techpana.com/2025/151170/techpana-factcheck-misleading-video-police-stone-pro-monarchy-protest,फ्याक्टचेकः आन्दोलनकारीलाई प्रहार गर्न प्रहरीले ढुङ्गा जम्मा गरेको भन्दै फैलिएको भिडिओ भ्रामक
TC_techpana-factcheck-misleading-video-police-stone-pro-monarchy-protest,https://techpana.prixacdn.net/media/albums/misinformation-protest-techpana-news_9BzFZ8Qhbk.jpg.760x430_q100_crop.jpg,विरोध प्रदर्शनका क्रममा प्रहरीले गरेको कारबाहीबारे भिडियो भ्रामक थियो।,0,None,Nepal Police,Politics,02/07/2025,ne,https://techpana.com/2025/151170/techpana-factcheck-misleading-video-police-stone-pro-monarchy-protest,फ्याक्टचेकः आन्दोलनकारीलाई प्रहार गर्न प्रहरीले ढुङ्गा जम्मा गरेको भन्दै फैलिएको भिडिओ भ्रामक
TC_techpana-factcheck-no-posts-from-balen-supporting-hrideyandra,https://techpana.prixacdn.net/media/albums/balen-shah-false-news-techpana-news_iiaa6Pmcgv.jpg.760x430_q100_crop.jpg,बलेनले हृदयेन्द्रको समर्थनमा पोस्ट गरे,1,Fabricated,"Balendra Shah, Hridayendra",Politics,12/07/2025,ne,https://techpana.com/2025/151289/techpana-factcheck-no-posts-from-balen-supporting-hrideyandra,"फ्याक्टचेकः नझुक्किनुहोस्, बालेनले पूर्वराजा ज्ञानेन्द्र शाहका नाति हृदयन्द्रलाई समर्थन गर्ने पोस्ट गरेका छैनन्"
TC_techpana-factcheck-no-posts-from-balen-supporting-hrideyandra,https://techpana.prixacdn.net/media/albums/balen-shah-false-news-techpana-news_iiaa6Pmcgv.jpg.760x430_q100_crop.jpg,बलेनले हृदयेन्द्रलाई समर्थन गर्दै कुनै पनि पोस्ट गरेनन्।,0,None,"Balendra Shah, Hridayendra",Politics,12/07/2025,ne,https://techpana.com/2025/151289/techpana-factcheck-no-posts-from-balen-supporting-hrideyandra,"फ्याक्टचेकः नझुक्किनुहोस्, बालेनले पूर्वराजा ज्ञानेन्द्र शाहका नाति हृदयन्द्रलाई समर्थन गर्ने पोस्ट गरेका छैनन्"
TC_techpana-fact-check-nepali-elderly-woman-in-australia-goes-viral-after-mistaking-ai-video-for-real-vlog,https://techpana.prixacdn.net/media/albums/nepali-mid-age-women-in-australia-techpana-news_vN6J8uE1LI.png.760x430_q100_crop.png,अस्ट्रेलियामा नेपाली वृद्ध महिलाको एआई भिडियोलाई वास्तविक भ्लग भनेर गल्ती गरियो,1,Fabricated,"Australia, Nepal",Politics,25/07/2025,ne,https://techpana.com/2025/151490/techpana-fact-check-nepali-elderly-woman-in-australia-goes-viral-after-mistaking-ai-video-for-real-vlog,फ्याक्टचेकः अस्ट्रेलिया पुगेकी नेपाली वृद्धाले साँच्चिकै भ्लग बनाएको ठानेर झुक्किएपछि एआई भिडिओ भाइरल
TC_techpana-fact-check-nepali-elderly-woman-in-australia-goes-viral-after-mistaking-ai-video-for-real-vlog,https://techpana.prixacdn.net/media/albums/nepali-mid-age-women-in-australia-techpana-news_vN6J8uE1LI.png.760x430_q100_crop.png,भिडियो वास्तविक भ्लग होइन AI-उत्पन्न गरिएको थियो।,0,None,"Australia, Nepal",Politics,25/07/2025,ne,https://techpana.com/2025/151490/techpana-fact-check-nepali-elderly-woman-in-australia-goes-viral-after-mistaking-ai-video-for-real-vlog,फ्याक्टचेकः अस्ट्रेलिया पुगेकी नेपाली वृद्धाले साँच्चिकै भ्लग बनाएको ठानेर झुक्किएपछि एआई भिडिओ भाइरल
TC_fake-death-news-of-cancer-patient-apsara-ama-spread-on-tiktok,https://techpana.prixacdn.net/media/albums/laxmi-shrestha-fact-check-techpana-news_NlHKr5SbLq.jpg.760x430_q100_crop.jpg,क्यान्सरबाट पीडित अप्सरा आमाको मृत्युको खबर झुटो भयो,1,Fabricated,Apsara Ama,Politics,28/07/2025,ne,https://techpana.com/2025/151497/fake-death-news-of-cancer-patient-apsara-ama-spread-on-tiktok,फ्याक्टचेकः क्यान्सर पीडित मेरी बास्सैकी ‘अप्सरा आमा’को निधन भन्दै झुटो खबर फैलाउँदै टिकटकका अकाउन्ट
TC_fake-death-news-of-cancer-patient-apsara-ama-spread-on-tiktok,https://techpana.prixacdn.net/media/albums/laxmi-shrestha-fact-check-techpana-news_NlHKr5SbLq.jpg.760x430_q100_crop.jpg,TikTok मा अप्सरा आमाको मृत्युको खबर झुटो थियो।,0,None,Apsara Ama,Politics,28/07/2025,ne,https://techpana.com/2025/151497/fake-death-news-of-cancer-patient-apsara-ama-spread-on-tiktok,फ्याक्टचेकः क्यान्सर पीडित मेरी बास्सैकी ‘अप्सरा आमा’को निधन भन्दै झुटो खबर फैलाउँदै टिकटकका अकाउन्ट
TC_nepal-fact-check-viral-video-of-bus-falling-into-trishuli-made-by-ai,https://techpana.prixacdn.net/media/albums/Trisuli_accident_Finale_TZB3X6m1OP.jpg.760x430_q100_crop.jpg,त्रिशूली नदीमा बस खसेको भिडियो एआईले बनाएको थियो,1,Fabricated,"Trishuli River, Nepal",Politics,02/08/2025,ne,https://techpana.com/2025/151735/nepal-fact-check-viral-video-of-bus-falling-into-trishuli-made-by-ai,फ्याक्टचेकः त्रिशूलीमा यात्रुसहितको बस खसेको भन्दै भाइरल भिडिओ एआई निर्मित
TC_nepal-fact-check-viral-video-of-bus-falling-into-trishuli-made-by-ai,https://techpana.prixacdn.net/media/albums/Trisuli_accident_Finale_TZB3X6m1OP.jpg.760x430_q100_crop.jpg,त्रिशूलीमा बस खसेको भिडियो एआईले बनाएको थियो ।,0,None,"Trishuli River, Nepal",Politics,02/08/2025,ne,https://techpana.com/2025/151735/nepal-fact-check-viral-video-of-bus-falling-into-trishuli-made-by-ai,फ्याक्टचेकः त्रिशूलीमा यात्रुसहितको बस खसेको भन्दै भाइरल भिडिओ एआई निर्मित
TC_nepal-fact-check-bridge-started-5-years-ago-falsely-claimed-completed-in-5-months,https://techpana.prixacdn.net/media/albums/Misleading-online-khabar-bridge-techpana-news_vJv0ODY7bS.jpg.760x430_q100_crop.jpg,५ वर्षअघि सुरु भएको पुल ५ महिनामा पनि बन्न सकेन,1,Temporal_Mismatch,Nepal,Politics,10/08/2025,ne,https://techpana.com/2025/151696/nepal-fact-check-bridge-started-5-years-ago-falsely-claimed-completed-in-5-months,फ्याक्टचेकः ५ वर्षअघि सुरु भएको पुल ५ महिनामै बनेको भन्दै अनलाइनखबर लगायतले फैलाए भ्रामक खबर
TC_nepal-fact-check-bridge-started-5-years-ago-falsely-claimed-completed-in-5-months,https://techpana.prixacdn.net/media/albums/Misleading-online-khabar-bridge-techpana-news_vJv0ODY7bS.jpg.760x430_q100_crop.jpg,५ वर्षअघि सुरु भएको पुल ५ महिनामा निर्माण हुन सकेन ।,0,None,Nepal,Politics,10/08/2025,ne,https://techpana.com/2025/151696/nepal-fact-check-bridge-started-5-years-ago-falsely-claimed-completed-in-5-months,फ्याक्टचेकः ५ वर्षअघि सुरु भएको पुल ५ महिनामै बनेको भन्दै अनलाइनखबर लगायतले फैलाए भ्रामक खबर
TC_techpana-factcheck-world-leaders-did-not-sign-for-rabi-lamichhane,https://techpana.prixacdn.net/media/albums/rabi-lamichhane-prachanda-false_information-techpana-news_6WOZmlpBNR.jpg.760x430_q100_crop.jpg,रवि लामिछानेको निवेदनमा विश्व नेताहरुले हस्ताक्षर गरेनन्,1,Fabricated,"Rabi Lamichhane, RSP",Politics,15/08/2025,ne,https://techpana.com/2025/151803/techpana-factcheck-world-leaders-did-not-sign-for-rabi-lamichhane,"फ्याक्टचेक: नपत्याउनुस् ! प्रचण्ड, मोदी, ट्रम्प कसैले पनि रविको पक्षमा हस्ताक्षर गरेका छैनन्"
TC_techpana-factcheck-world-leaders-did-not-sign-for-rabi-lamichhane,https://techpana.prixacdn.net/media/albums/rabi-lamichhane-prachanda-false_information-techpana-news_6WOZmlpBNR.jpg.760x430_q100_crop.jpg,रवि लामिछानेको निवेदनमा विश्वका कुनै पनि नेताले हस्ताक्षर गरेका छैनन् ।,0,None,"Rabi Lamichhane, RSP",Politics,15/08/2025,ne,https://techpana.com/2025/151803/techpana-factcheck-world-leaders-did-not-sign-for-rabi-lamichhane,"फ्याक्टचेक: नपत्याउनुस् ! प्रचण्ड, मोदी, ट्रम्प कसैले पनि रविको पक्षमा हस्ताक्षर गरेका छैनन्"
TC_techpana-factcheck-gyanendra-shahi-e-commerce-claim-misleading,https://techpana.prixacdn.net/media/albums/gyanendra-shahi-misleading-techpana-news_evksy84RPs.jpg.760x430_q100_crop.jpg,ज्ञानेन्द्र शाहीले इ–कमर्स व्यवसाय भ्रामक दाबी गरेका छन्,1,Miscaptioned,Gyanendra Shahi,Politics,20/07/2025,ne,https://techpana.com/2025/151935/techpana-factcheck-gyanendra-shahi-e-commerce-claim-misleading,फ्याक्टचेकः नेपालमा पहिलो ईकमर्स प्लेटफर्म सञ्चालनमा ल्याएको ज्ञानेन्द्र शाहीको दाबी झुटो
TC_techpana-factcheck-gyanendra-shahi-e-commerce-claim-misleading,https://techpana.prixacdn.net/media/albums/gyanendra-shahi-misleading-techpana-news_evksy84RPs.jpg.760x430_q100_crop.jpg,ज्ञानेन्द्र शाहीको ई–कमर्सको दाबी भ्रामक थियो ।,0,None,Gyanendra Shahi,Politics,20/07/2025,ne,https://techpana.com/2025/151935/techpana-factcheck-gyanendra-shahi-e-commerce-claim-misleading,फ्याक्टचेकः नेपालमा पहिलो ईकमर्स प्लेटफर्म सञ्चालनमा ल्याएको ज्ञानेन्द्र शाहीको दाबी झुटो
TC_techpana-factcheck-claim-about-growing-horns-from-excessive-phone-use-is-misleading,https://techpana.prixacdn.net/media/albums/techpana-factcheck_VqdIHpRRO8.jpg.760x430_q100_crop.jpg,अत्याधिक फोनको प्रयोगले टाउको दावीमा सीङ बढ्छ,1,Fabricated,,Politics,22/07/2025,ne,https://techpana.com/2025/151887/techpana-factcheck-claim-about-growing-horns-from-excessive-phone-use-is-misleading,फ्याक्टचेक: मोबाइल धेरै चलाउँदा टाउकोमा सिङ उम्रन सक्ने भन्दै फैलिएको दाबी भ्रामक
TC_techpana-factcheck-claim-about-growing-horns-from-excessive-phone-use-is-misleading,https://techpana.prixacdn.net/media/albums/techpana-factcheck_VqdIHpRRO8.jpg.760x430_q100_crop.jpg,दाबी विश्वसनीय विज्ञान द्वारा समर्थित छैन।,0,None,,Politics,22/07/2025,ne,https://techpana.com/2025/151887/techpana-factcheck-claim-about-growing-horns-from-excessive-phone-use-is-misleading,फ्याक्टचेक: मोबाइल धेरै चलाउँदा टाउकोमा सिङ उम्रन सक्ने भन्दै फैलिएको दाबी भ्रामक
TC_techpana-factcheck-fake-news-of-womans-plastic-surgery,https://techpana.prixacdn.net/media/albums/fact_check_OM0lmb9VrN.jpeg.760x430_q100_crop.jpg,महिलाको प्लास्टिक सर्जरीको झुटो समाचार,1,Fabricated,,Politics,25/07/2025,ne,https://techpana.com/2025/151925/techpana-factcheck-fake-news-of-womans-plastic-surgery,फ्याक्टचेक: प्लास्टिक सर्जरीपछि पूर्वप्रेमीसँग विवाह गरेर ११ करोड लिई युवती भागेको दाबी झुटो
TC_techpana-factcheck-fake-news-of-womans-plastic-surgery,https://techpana.prixacdn.net/media/albums/fact_check_OM0lmb9VrN.jpeg.760x430_q100_crop.jpg,प्लास्टिक सर्जरीको बारेमा झुटा समाचारहरू खारेज गरियो।,0,None,,Politics,25/07/2025,ne,https://techpana.com/2025/151925/techpana-factcheck-fake-news-of-womans-plastic-surgery,फ्याक्टचेक: प्लास्टिक सर्जरीपछि पूर्वप्रेमीसँग विवाह गरेर ११ करोड लिई युवती भागेको दाबी झुटो
TC_techpana-factcheck-viral-post-pregnancy-kit-fathers-face,https://techpana.prixacdn.net/media/albums/techpana-factcheck-pregnancy-kit-rumors_hOhM09vorJ.jpg.760x430_q100_crop.jpg,गर्भावस्था किट दावीमा बुबाको अनुहार देखिन्छ,1,Fabricated,,Politics,02/08/2025,ne,https://techpana.com/2025/152089/techpana-factcheck-viral-post-pregnancy-kit-fathers-face,फ्याक्टचेक: प्रेग्नेन्सी किटले बच्चाको बुबाको अनुहार देखाउने भन्दै नेपालमा फैलिएको दाबी झुटो
TC_techpana-factcheck-viral-post-pregnancy-kit-fathers-face,https://techpana.prixacdn.net/media/albums/techpana-factcheck-pregnancy-kit-rumors_hOhM09vorJ.jpg.760x430_q100_crop.jpg,गर्भावस्था किटमा बुबाको अनुहार देखिन्छ भन्ने दाबी पूर्णतया गलत हो।,0,None,,Politics,02/08/2025,ne,https://techpana.com/2025/152089/techpana-factcheck-viral-post-pregnancy-kit-fathers-face,फ्याक्टचेक: प्रेग्नेन्सी किटले बच्चाको बुबाको अनुहार देखाउने भन्दै नेपालमा फैलिएको दाबी झुटो
TC_techpana-factcheck-nawalparasi-iron-mine-old-news-viral-fake-photo-video,https://techpana.prixacdn.net/media/albums/iron-ore-in-nepal-techpana-factcheck_8zUqsvnIwP.jpg.760x430_q100_crop.jpg,नवलपरासी फलाम खानी बारे पुरानो खबर नक्कली फोटो सहित भाइरल,1,Temporal_Mismatch,"Nawalparasi, Nepal",Politics,05/08/2025,ne,https://techpana.com/2025/152094/techpana-factcheck-nawalparasi-iron-mine-old-news-viral-fake-photo-video,"फ्याक्टचेकः नवलपरासीमा १० करोड टनको फलाम खानी भेटियो भन्दै भाइरल खबर पुरानै, फोटो-भिडिओ फेक"
TC_techpana-factcheck-nawalparasi-iron-mine-old-news-viral-fake-photo-video,https://techpana.prixacdn.net/media/albums/iron-ore-in-nepal-techpana-factcheck_8zUqsvnIwP.jpg.760x430_q100_crop.jpg,फलाम खानी बारे पुरानो समाचार मनगठित फोटो र भिडियो संग भाइरल भइरहेको छ।,0,None,"Nawalparasi, Nepal",Politics,05/08/2025,ne,https://techpana.com/2025/152094/techpana-factcheck-nawalparasi-iron-mine-old-news-viral-fake-photo-video,"फ्याक्टचेकः नवलपरासीमा १० करोड टनको फलाम खानी भेटियो भन्दै भाइरल खबर पुरानै, फोटो-भिडिओ फेक"
TC_techpana-factcheck-minister-raghu-pant-misquoted-on-80-percent-youth-income,https://techpana.prixacdn.net/media/albums/raghuji-panta_AhIGBLgfKt.jpg.760x430_q100_crop.jpg,मन्त्री रघु पन्तले युवाको ८० प्रतिशत आम्दानी भारत जान्छ भन्ने गलत बताए,1,Miscaptioned,"Raghu Pant, Nepal Government",Politics,08/08/2025,ne,https://techpana.com/2025/152097/techpana-factcheck-minister-raghu-pant-misquoted-on-80-percent-youth-income,"फ्याक्टचेकः मन्त्रीले ‘काठमाडौंका ८० प्रतिशत युवाले २ लाख कमाउँछन्’ भनेका छैनन्, भ्रम छरियो"
TC_techpana-factcheck-minister-raghu-pant-misquoted-on-80-percent-youth-income,https://techpana.prixacdn.net/media/albums/raghuji-panta_AhIGBLgfKt.jpg.760x430_q100_crop.jpg,रघु पन्तलाई गलत उद्धृत गरियो। सन्दर्भ बाहिर लिइएको वास्तविक कथन।,0,None,"Raghu Pant, Nepal Government",Politics,08/08/2025,ne,https://techpana.com/2025/152097/techpana-factcheck-minister-raghu-pant-misquoted-on-80-percent-youth-income,"फ्याक्टचेकः मन्त्रीले ‘काठमाडौंका ८० प्रतिशत युवाले २ लाख कमाउँछन्’ भनेका छैनन्, भ्रम छरियो"
TC_techpana-factcheck-viral-post-claiming-balen-supports-rabi-lamichhane-is-fake,https://techpana.prixacdn.net/media/albums/rabi-lamichhane-balen-misleading-techpana-news_XHPQp6G0YR.png.760x430_q100_crop.png,बलेनले रवि लामिछानेलाई समर्थन गरेको भनी झुटो पोस्ट,1,Fabricated,"Balendra Shah, Rabi Lamichhane, RSP",Politics,18/08/2025,ne,https://techpana.com/2025/152226/techpana-factcheck-viral-post-claiming-balen-supports-rabi-lamichhane-is-fake,"फ्याक्टचेकः नपत्याउनुहोस् ! बालेनले रविको समर्थनमा कविता लेखेका छैनन्, भाइरल पोस्ट झुटो हो"
TC_techpana-factcheck-viral-post-claiming-balen-supports-rabi-lamichhane-is-fake,https://techpana.prixacdn.net/media/albums/rabi-lamichhane-balen-misleading-techpana-news_XHPQp6G0YR.png.760x430_q100_crop.png,बलेनले रविलाई समर्थन गरेको दाबी पोस्ट नक्कली र डिजिटल बनावटी हो।,0,None,"Balendra Shah, Rabi Lamichhane, RSP",Politics,18/08/2025,ne,https://techpana.com/2025/152226/techpana-factcheck-viral-post-claiming-balen-supports-rabi-lamichhane-is-fake,"फ्याक्टचेकः नपत्याउनुहोस् ! बालेनले रविको समर्थनमा कविता लेखेका छैनन्, भाइरल पोस्ट झुटो हो"
TC_fact-check-annapurna-post-neb-result-spread-misleading-flying-car-news,https://techpana.prixacdn.net/media/albums/flying-car-nepal-Fact-Check-techpana_omMPKmoOpC.jpg.760x430_q100_crop.jpg,नेपाल आउँदै गरेको फ्लाइङ कार भ्रामक खबर अन्नपूर्ण पोस्ट,1,Miscaptioned,"Annapurna Post, Nepal",Politics,20/08/2025,ne,https://techpana.com/2025/152321/fact-check-annapurna-post-neb-result-spread-misleading-flying-car-news,फ्याक्टचेकः उड्ने कार भित्रिएको भन्दै अन्नपूर्ण पोस्ट-एनईबी रिजल्ट समेतले फैलाए भ्रामक समाचार
TC_fact-check-annapurna-post-neb-result-spread-misleading-flying-car-news,https://techpana.prixacdn.net/media/albums/flying-car-nepal-Fact-Check-techpana_omMPKmoOpC.jpg.760x430_q100_crop.jpg,नेपालमा उड्ने कारको दाबी भ्रामक सामग्री थियो।,0,None,"Annapurna Post, Nepal",Politics,20/08/2025,ne,https://techpana.com/2025/152321/fact-check-annapurna-post-neb-result-spread-misleading-flying-car-news,फ्याक्टचेकः उड्ने कार भित्रिएको भन्दै अन्नपूर्ण पोस्ट-एनईबी रिजल्ट समेतले फैलाए भ्रामक समाचार
TC_techpana-factcheck-google-street-view-couple-photo-viral-local-guide,https://techpana.prixacdn.net/media/albums/google-street-view-misleading-infor-techpana-news-factcheck_XKxxyINqot.jpg.760x430_q100_crop.jpg,२०२४ मा स्थानीय गाइडद्वारा अपलोड गरिएको गुगल स्ट्रीट दृश्य जोडीको फोटो भाइरल नयाँ सडक दृश्य होइन,1,Temporal_Mismatch,"Google, Arghakhanchi, Nepal",Politics,22/08/2025,ne,https://techpana.com/2025/152591/techpana-factcheck-google-street-view-couple-photo-viral-local-guide,फ्याक्टचेक: गुगल स्ट्रिट भ्युले डेटिङ बसेको जोडीको फोटो देखिएको भन्दै लोकल गाइडको फोटो भाइरल
TC_techpana-factcheck-google-street-view-couple-photo-viral-local-guide,https://techpana.prixacdn.net/media/albums/google-street-view-misleading-infor-techpana-news-factcheck_XKxxyINqot.jpg.760x430_q100_crop.jpg,अर्घाखाँचीको सुपा देउराली पुलमा गुगल लोकल गाइड अमित कुमारले मार्च २०२४ मा फोटो अपलोड गरेका थिए। Google Street View नेपालमा 15 अगस्त 2025 मा मात्र सुरु भयो।,0,None,"Google, Arghakhanchi, Nepal",Politics,22/08/2025,ne,https://techpana.com/2025/152591/techpana-factcheck-google-street-view-couple-photo-viral-local-guide,फ्याक्टचेक: गुगल स्ट्रिट भ्युले डेटिङ बसेको जोडीको फोटो देखिएको भन्दै लोकल गाइडको फोटो भाइरल
TC_techpana-fact-check-claims-of-monkey-attack-killing-man-in-nuwakot-found-misleading,https://techpana.prixacdn.net/media/albums/monkey-killed-man-in-nuwakot-false-claim-techpana-factcheck_BaMWZ7NOUz.jpg.760x430_q100_crop.jpg,नुवाकोटमा बाँदरको आक्रमणबाट एक जनाको मृत्यु भ्रामक दाबी,1,Miscaptioned,Nuwakot,Politics,28/08/2025,ne,https://techpana.com/2025/152601/techpana-fact-check-claims-of-monkey-attack-killing-man-in-nuwakot-found-misleading,"फ्याक्टचेक: ‘बाँदरले मान्छे मार्‍यो’ भन्दै अन्नपूर्ण पोस्ट सहित शिलापत्र, देशसञ्चारले लेखेको समाचार भ्रामक"
TC_techpana-fact-check-claims-of-monkey-attack-killing-man-in-nuwakot-found-misleading,https://techpana.prixacdn.net/media/albums/monkey-killed-man-in-nuwakot-false-claim-techpana-factcheck_BaMWZ7NOUz.jpg.760x430_q100_crop.jpg,नुवाकोटमा बाँदरको आक्रमणबाट एक व्यक्तिको मृत्यु भएको दाबी भ्रामक,0,None,Nuwakot,Politics,28/08/2025,ne,https://techpana.com/2025/152601/techpana-fact-check-claims-of-monkey-attack-killing-man-in-nuwakot-found-misleading,"फ्याक्टचेक: ‘बाँदरले मान्छे मार्‍यो’ भन्दै अन्नपूर्ण पोस्ट सहित शिलापत्र, देशसञ्चारले लेखेको समाचार भ्रामक"
TC_techpana-factcheck-tiktok-pubg-not-unbanned-in-india-false-claims-spread,https://techpana.prixacdn.net/media/albums/tiktok-unban-false-information-neb-result-techpana-news_nd9kbl3Jll.jpg.760x430_q100_crop.jpg,TikTok र PUBG लाई भारतमा प्रतिबन्ध लगाइएको छैन झुटो दाबी,1,Fabricated,"TikTok, PUBG, India",Politics,30/08/2025,ne,https://techpana.com/2025/152649/techpana-factcheck-tiktok-pubg-not-unbanned-in-india-false-claims-spread,फ्याक्टचेकः भारतमा टिकटक-पब्जी खुले भन्दै ‘NEB Result & News’ लगायतका पेजले फैलाए गलत सूचना
TC_techpana-factcheck-tiktok-pubg-not-unbanned-in-india-false-claims-spread,https://techpana.prixacdn.net/media/albums/tiktok-unban-false-information-neb-result-techpana-news_nd9kbl3Jll.jpg.760x430_q100_crop.jpg,TikTok र PUBG भारतमा प्रतिबन्धित थिएन। दाबी गलत छ।,0,None,"TikTok, PUBG, India",Politics,30/08/2025,ne,https://techpana.com/2025/152649/techpana-factcheck-tiktok-pubg-not-unbanned-in-india-false-claims-spread,फ्याक्टचेकः भारतमा टिकटक-पब्जी खुले भन्दै ‘NEB Result & News’ लगायतका पेजले फैलाए गलत सूचना
TC_fact-check-dalit-boy-died-electrocution-reckless-by-ministers-not-from-car,https://techpana.prixacdn.net/media/albums/minister-pal-accident-kill-boy-Misleading-techpana-neews_b63vYBasah.jpg.760x430_q100_crop.jpg,मन्त्रीको गाडीको ठक्करबाट होइन करेन्ट लागेर दलित बालकको मृत्यु,1,Miscaptioned,Nepal,Politics,01/09/2025,ne,https://techpana.com/2025/152660/fact-check-dalit-boy-died-electrocution-reckless-by-ministers-not-from-car,टेकपाना फ्याक्टचेकः मन्त्रीको गाडीले किचेर नभई उनकै कारण करेन्ट लागेर गएको हो दलित बालकको ज्यान
TC_fact-check-dalit-boy-died-electrocution-reckless-by-ministers-not-from-car,https://techpana.prixacdn.net/media/albums/minister-pal-accident-kill-boy-Misleading-techpana-neews_b63vYBasah.jpg.760x430_q100_crop.jpg,मन्त्रीको गाडीबाट होइन करेन्ट लागेर बालकको मृत्यु भएको दाबी गरिएको छ ।,0,None,Nepal,Politics,01/09/2025,ne,https://techpana.com/2025/152660/fact-check-dalit-boy-died-electrocution-reckless-by-ministers-not-from-car,टेकपाना फ्याक्टचेकः मन्त्रीको गाडीले किचेर नभई उनकै कारण करेन्ट लागेर गएको हो दलित बालकको ज्यान
TC_fact-check-govt-it-staff-salary-claim-2-lakh-misleading,https://techpana.prixacdn.net/media/albums/IT-officer-salary-misleading-techpana-news_J5ROzqQyRg.jpg.760x430_q100_crop.jpg,सरकारी आईटी कर्मचारीको तलब २ लाखको दाबी भ्रामक,1,Miscaptioned,Nepal Government,Politics,03/09/2025,ne,https://techpana.com/2025/152746/fact-check-govt-it-staff-salary-claim-2-lakh-misleading,"फ्याक्टचेक: सरकारी आईटी कर्मचारीको तलब २ लाखसम्म भन्ने दाबी भ्रामक, के हो वास्तविकता ?"
TC_fact-check-govt-it-staff-salary-claim-2-lakh-misleading,https://techpana.prixacdn.net/media/albums/IT-officer-salary-misleading-techpana-news_J5ROzqQyRg.jpg.760x430_q100_crop.jpg,सरकारी सूचना प्रविधि कर्मचारीले २ लाख तलब पाउने दाबी भ्रामक छ ।,0,None,Nepal Government,Politics,03/09/2025,ne,https://techpana.com/2025/152746/fact-check-govt-it-staff-salary-claim-2-lakh-misleading,"फ्याक्टचेक: सरकारी आईटी कर्मचारीको तलब २ लाखसम्म भन्ने दाबी भ्रामक, के हो वास्तविकता ?"
TC_techpana-fact-check-ashika-tamang-false-claim-of-court-acquittal,https://techpana.prixacdn.net/media/albums/aashika-tamang-fact-chaekc-misleading-techpana-news_YD3y3PFRI2.jpg.760x430_q100_crop.jpg,आशिका तामाङको अदालतले सफाइ दिएको दाबी झुटो,1,Fabricated,Ashika Tamang,Politics,29/08/2025,ne,https://techpana.com/2025/152749/techpana-fact-check-ashika-tamang-false-claim-of-court-acquittal,फ्याक्टचेकः अदालतबाट सफाइ पाएको भन्दै आशिका तामाङले सामाजिक सञ्जालबाट फैलाइन् भ्रम
TC_techpana-fact-check-ashika-tamang-false-claim-of-court-acquittal,https://techpana.prixacdn.net/media/albums/aashika-tamang-fact-chaekc-misleading-techpana-news_YD3y3PFRI2.jpg.760x430_q100_crop.jpg,अदालतले सफाइ पाएको छैन। दाबी गलत छ।,0,None,Ashika Tamang,Politics,29/08/2025,ne,https://techpana.com/2025/152749/techpana-fact-check-ashika-tamang-false-claim-of-court-acquittal,फ्याक्टचेकः अदालतबाट सफाइ पाएको भन्दै आशिका तामाङले सामाजिक सञ्जालबाट फैलाइन् भ्रम
TC_techpana-fact-check-kp-oli-viral-video-on-lipulekh-is-fake,https://techpana.prixacdn.net/media/albums/Misleading_2_tdHywPJIWI.jpg.760x430_q100_crop.jpg,लिपुलेकमा केपी ओलीको भाइरल भिडियो एआई जेनेरेटेड फेक हो,1,Fabricated,"KP Sharma Oli, Xi Jinping, Lipulekh, China, Nepal",Politics,31/08/2025,ne,https://techpana.com/2025/152780/techpana-fact-check-kp-oli-viral-video-on-lipulekh-is-fake,फ्याक्टचेक: ओलीले लिपुलेक विषयमा चिनियाँ राष्ट्रपतिसँग आपत्ति जनाए भन्दै भाइरल भिडिओ नक्कली
TC_techpana-fact-check-kp-oli-viral-video-on-lipulekh-is-fake,https://techpana.prixacdn.net/media/albums/Misleading_2_tdHywPJIWI.jpg.760x430_q100_crop.jpg,Hive Moderation मा भिडियोले 99.2 प्रतिशत AI स्कोर गर्यो। त्यस्तो कुनै वक्तव्य दिएको छैन ।,0,None,"KP Sharma Oli, Xi Jinping, Lipulekh, China, Nepal",Politics,31/08/2025,ne,https://techpana.com/2025/152780/techpana-fact-check-kp-oli-viral-video-on-lipulekh-is-fake,फ्याक्टचेक: ओलीले लिपुलेक विषयमा चिनियाँ राष्ट्रपतिसँग आपत्ति जनाए भन्दै भाइरल भिडिओ नक्कली
TC_techpana-factcheck-fake-posts-in-balen-name-spread-on-social-media,https://techpana.prixacdn.net/media/albums/balen-shah-fact-check-techpana-news_BgGmn5KPgm.png.760x430_q100_crop.jpg,सामाजिक सञ्जालमा बालेनको नाममा नक्कली पोस्टहरू फैलियो,1,Fabricated,Balendra Shah,Politics,05/09/2025,ne,https://techpana.com/2025/152927/techpana-factcheck-fake-posts-in-balen-name-spread-on-social-media,फ्याक्टचेकः बालेनको नाममा तोडमोड गरी बनाइएको पोस्ट सामाजिक सञ्जालमा छ्यापछ्याप्ति
TC_techpana-factcheck-fake-posts-in-balen-name-spread-on-social-media,https://techpana.prixacdn.net/media/albums/balen-shah-fact-check-techpana-news_BgGmn5KPgm.png.760x430_q100_crop.jpg,बलेन शाहको नाममा धेरै नक्कली पोष्टहरु झुटा भएको पाइएको छ ।,0,None,Balendra Shah,Politics,05/09/2025,ne,https://techpana.com/2025/152927/techpana-factcheck-fake-posts-in-balen-name-spread-on-social-media,फ्याक्टचेकः बालेनको नाममा तोडमोड गरी बनाइएको पोस्ट सामाजिक सञ्जालमा छ्यापछ्याप्ति
TC_techpana-factcheck-viral-posts-about-32-dead-protesters-in-parliament-unverified,https://techpana.prixacdn.net/media/albums/32-people-killed-techpana-news_IB3FmrTIAl.jpg.760x430_q100_crop.jpg,संसद भवनभित्र ३२ जना प्रदर्शनकारीको मृत्यु भएको दाबी पुष्टि भएको छैन,1,Fabricated,"Nepal Parliament, Kathmandu",Politics,10/09/2025,ne,https://techpana.com/2025/153015/techpana-factcheck-viral-posts-about-32-dead-protesters-in-parliament-unverified,फ्याक्टचेकः सोमबार संसद् भवनमा ३२ जना बेपत्ता युवा मृत फेला परेको भन्दै अपुष्ट सूचना भाइरल
TC_techpana-factcheck-viral-posts-about-32-dead-protesters-in-parliament-unverified,https://techpana.prixacdn.net/media/albums/32-people-killed-techpana-news_IB3FmrTIAl.jpg.760x430_q100_crop.jpg,३२ प्रदर्शनकारी मारिएको दाबी गलत हो। नेपाल प्रहरीले त्यस्तो कुनै शव फेला नपरेको पुष्टि गरेको छ ।,0,None,"Nepal Parliament, Kathmandu",Politics,10/09/2025,ne,https://techpana.com/2025/153015/techpana-factcheck-viral-posts-about-32-dead-protesters-in-parliament-unverified,फ्याक्टचेकः सोमबार संसद् भवनमा ३२ जना बेपत्ता युवा मृत फेला परेको भन्दै अपुष्ट सूचना भाइरल
TC_balen-has-not-become-prime-minister-or-taken-oath-dont-be-misled,https://techpana.prixacdn.net/media/albums/false-information-techpana-news_thoGNF3vkl.png.760x430_q100_crop.png,बालेन प्रधानमन्त्री बने र झुटो शपथ खाए,1,Fabricated,Balendra Shah,Politics,12/09/2025,ne,https://techpana.com/2025/153022/balen-has-not-become-prime-minister-or-taken-oath-dont-be-misled,नझुक्किनुहोस्ः बालेन प्रधानमन्त्री बनेका छैनन् र शपथ पनि ग्रहण गरेका छैनन्
TC_balen-has-not-become-prime-minister-or-taken-oath-dont-be-misled,https://techpana.prixacdn.net/media/albums/false-information-techpana-news_thoGNF3vkl.png.760x430_q100_crop.png,बालेन न त प्रधानमन्त्री बनेका छन् न कुनै शपथ लिएका छन् ।,0,None,Balendra Shah,Politics,12/09/2025,ne,https://techpana.com/2025/153022/balen-has-not-become-prime-minister-or-taken-oath-dont-be-misled,नझुक्किनुहोस्ः बालेन प्रधानमन्त्री बनेका छैनन् र शपथ पनि ग्रहण गरेका छैनन्
TC_factcheck-nepal-kp-oli-govt-collapse-prediction-by-raw-agent-bista-is-9-months-old-not-current,https://techpana.prixacdn.net/media/albums/lucky-bisth-raw-agent-nepal-Misleading-techpana-news_WwzHpus9E0.jpg.760x430_q100_crop.jpg,केपी ओली सरकार ढल्ने बारे र एजेन्ट विष्टको भविष्यवाणी ९ महिना पुरानो,1,Temporal_Mismatch,"KP Sharma Oli, RAW, Bista",Politics,18/09/2025,ne,https://techpana.com/2025/153062/factcheck-nepal-kp-oli-govt-collapse-prediction-by-raw-agent-bista-is-9-months-old-not-current,फ्याक्टचेकः केपी ओली सरकार ढल्ने रअ एजेन्ट बिष्टको भविष्यवाणी हालको नभई ९ महिना पुरानो
TC_factcheck-nepal-kp-oli-govt-collapse-prediction-by-raw-agent-bista-is-9-months-old-not-current,https://techpana.prixacdn.net/media/albums/lucky-bisth-raw-agent-nepal-Misleading-techpana-news_WwzHpus9E0.jpg.760x430_q100_crop.jpg,भविष्यवाणी 9 महिना पुरानो हो जुन हालको भविष्यवाणीको रूपमा साझा गरिएको छ।,0,None,"KP Sharma Oli, RAW, Bista",Politics,18/09/2025,ne,https://techpana.com/2025/153062/factcheck-nepal-kp-oli-govt-collapse-prediction-by-raw-agent-bista-is-9-months-old-not-current,फ्याक्टचेकः केपी ओली सरकार ढल्ने रअ एजेन्ट बिष्टको भविष्यवाणी हालको नभई ९ महिना पुरानो
TC_fact-check-is-nepal-banning-500-and-1000-notes,https://techpana.prixacdn.net/media/albums/False_3dtkDaM073.jpg.760x430_q100_crop.jpg,नेपालमा ५ सय र एक हजारका नोट प्रतिबन्ध लगाएको दाबी गलत भएको छ,1,Fabricated,Nepal Rastra Bank,Politics,20/09/2025,ne,https://techpana.com/2025/153081/fact-check-is-nepal-banning-500-and-1000-notes,फ्याक्टचेक: नपत्याउनुस् ! नेपालमा एक हजार र पाँच सय रुपैयाँको नोट बन्द गर्ने निर्णय भएको छैन
TC_fact-check-is-nepal-banning-500-and-1000-notes,https://techpana.prixacdn.net/media/albums/False_3dtkDaM073.jpg.760x430_q100_crop.jpg,नेपालले कुनै पनि नोटमा प्रतिबन्ध लगाएको छैन । दाबी गलत छ।,0,None,Nepal Rastra Bank,Politics,20/09/2025,ne,https://techpana.com/2025/153081/fact-check-is-nepal-banning-500-and-1000-notes,फ्याक्टचेक: नपत्याउनुस् ! नेपालमा एक हजार र पाँच सय रुपैयाँको नोट बन्द गर्ने निर्णय भएको छैन
TC_factcheck-mahesh-basnet-claim-balen-shah-house-demolition-false,https://techpana.prixacdn.net/media/albums/balen-shah-mahesh-basnet-techpana_V7TSHjCzio.jpg.760x430_q100_crop.jpg,महेश बस्नेतले झुटो दाबी गरेर बलेन शाहको पुर्खाको घर भत्काइदिए,1,Fabricated,"Mahesh Basnet, Balendra Shah, CPN-UML",Politics,18/09/2025,ne,https://techpana.com/2025/153153/factcheck-mahesh-basnet-claim-balen-shah-house-demolition-false,"टेकपाना फ्याक्टचेक: महेश बस्नेतले भनेजस्तो तोडफोड भएको छैन बालेन शाहको घर, के हो वास्तविकता?"
TC_factcheck-mahesh-basnet-claim-balen-shah-house-demolition-false,https://techpana.prixacdn.net/media/albums/balen-shah-mahesh-basnet-techpana_V7TSHjCzio.jpg.760x430_q100_crop.jpg,नेकपा एमालेका नेता महेश बस्नेतले बलेनको पैतृक घर तोडफोड भएको दाबी गलत हो ।,0,None,"Mahesh Basnet, Balendra Shah, CPN-UML",Politics,18/09/2025,ne,https://techpana.com/2025/153153/factcheck-mahesh-basnet-claim-balen-shah-house-demolition-false,"टेकपाना फ्याक्टचेक: महेश बस्नेतले भनेजस्तो तोडफोड भएको छैन बालेन शाहको घर, के हो वास्तविकता?"
TC_factcheck-nepal-genz-protest-finance-minister-bishnu-paudel-river-chased,https://techpana.prixacdn.net/media/albums/bishnu-poudel-factcheck-techpana-news_4GJyObLl5P.jpg.760x430_q100_crop.jpg,जनरल जेडका प्रदर्शनकारीले अर्थमन्त्री विष्णु पौडेललाई भ्रामक नदीमा खेदे,1,Miscaptioned,"Bishnu Paudel, Gen-Z, Nepal",Politics,22/09/2025,ne,https://techpana.com/2025/153175/factcheck-nepal-genz-protest-finance-minister-bishnu-paudel-river-chased,"फ्याक्टचेकः अर्थमन्त्री पौडेल भन्दै खोलामा लखेट्दै मरणासन्न पारिएका व्यक्ति को थिए, के भयो ?"
TC_factcheck-nepal-genz-protest-finance-minister-bishnu-paudel-river-chased,https://techpana.prixacdn.net/media/albums/bishnu-poudel-factcheck-techpana-news_4GJyObLl5P.jpg.760x430_q100_crop.jpg,जनरल जेडले अर्थमन्त्रीलाई नदीमा खेदेको दाबी भ्रामक छ।,0,None,"Bishnu Paudel, Gen-Z, Nepal",Politics,22/09/2025,ne,https://techpana.com/2025/153175/factcheck-nepal-genz-protest-finance-minister-bishnu-paudel-river-chased,"फ्याक्टचेकः अर्थमन्त्री पौडेल भन्दै खोलामा लखेट्दै मरणासन्न पारिएका व्यक्ति को थिए, के भयो ?"
TC_factcheck-uml-worker-falsely-claimed-man-shooting-rooftop-photo,https://techpana.prixacdn.net/media/albums/False_3_dbrkqpGi0N.jpg.760x430_q100_crop.jpg,एमाले कार्यकर्ताले घरको छतबाट गोली हानेको व्यक्ति भनेर झुटो पहिचान,1,Identity_Mismatch,"CPN-UML, Nepal",Politics,28/09/2025,ne,https://techpana.com/2025/153213/factcheck-uml-worker-falsely-claimed-man-shooting-rooftop-photo,फ्याक्टचेकः छतबाट फोटो खिच्नेलाई पेस्तोल हान्ने मान्छे भन्दै झुटो प्रचारमा एमाले कार्यकर्ता
TC_factcheck-uml-worker-falsely-claimed-man-shooting-rooftop-photo,https://techpana.prixacdn.net/media/albums/False_3_dbrkqpGi0N.jpg.760x430_q100_crop.jpg,एमाले कार्यकर्तालाई छतबाट गोली हानेको व्यक्ति भएको दाबी गरिएको थियो ।,0,None,"CPN-UML, Nepal",Politics,28/09/2025,ne,https://techpana.com/2025/153213/factcheck-uml-worker-falsely-claimed-man-shooting-rooftop-photo,फ्याक्टचेकः छतबाट फोटो खिच्नेलाई पेस्तोल हान्ने मान्छे भन्दै झुटो प्रचारमा एमाले कार्यकर्ता
TC_factcheck-who-are-masked-men-viral-video,https://techpana.prixacdn.net/media/albums/misleading-genz-mask-men-balen-meeting-final_mDyHUXnKRO.png.760x430_q100_crop.jpg,भ्रामक भाइरल भिडियोमा मास्क लगाएका पुरुषहरूको पहिचान दाबी,1,Identity_Mismatch,,Politics,08/10/2025,ne,https://techpana.com/2025/153280/factcheck-who-are-masked-men-viral-video,फ्याक्टचेक: जेनजी आन्दोलनमा नकाबधारीहरूको बैठक भन्दै भाइरल भएको भिडिओको वास्तविकता के हो ?
TC_factcheck-who-are-masked-men-viral-video,https://techpana.prixacdn.net/media/albums/misleading-genz-mask-men-balen-meeting-final_mDyHUXnKRO.png.760x430_q100_crop.jpg,भाइरल भिडियोमा मास्क लगाएका पुरुषहरूको पहिचान दावी भ्रामक भएको पाइयो।,0,None,,Politics,08/10/2025,ne,https://techpana.com/2025/153280/factcheck-who-are-masked-men-viral-video,फ्याक्टचेक: जेनजी आन्दोलनमा नकाबधारीहरूको बैठक भन्दै भाइरल भएको भिडिओको वास्तविकता के हो ?
TC_fact-check-pak-captain-fatima-sana-bows-to-smriti-mandhana,https://techpana.prixacdn.net/media/albums/False-pakistan-indian-women-cricket_ip5ZoWLxZO.png.760x430_q100_crop.jpg,पाकिस्तानी कप्तान फातिमा सानाले स्मृति मन्धानालाई नझुक्ने सन्दर्भलाई गलत रूपमा प्रस्तुत गरेकी छिन्,1,Miscaptioned,"Fatima Sana, Smriti Mandhana, Pakistan, India",Politics,15/10/2025,ne,https://techpana.com/2025/153424/fact-check-pak-captain-fatima-sana-bows-to-smriti-mandhana,पाकिस्तानी महिला क्रिकेट कप्तानले भारतीय क्रिकेटरलाई ढोगेको भन्दै एआई निर्मित तस्बिर भाइरल
TC_fact-check-pak-captain-fatima-sana-bows-to-smriti-mandhana,https://techpana.prixacdn.net/media/albums/False-pakistan-indian-women-cricket_ip5ZoWLxZO.png.760x430_q100_crop.jpg,फातिमा सानाले मन्धानालाई झुकेको सन्दर्भलाई गलत रूपमा प्रस्तुत गरिएको थियो।,0,None,"Fatima Sana, Smriti Mandhana, Pakistan, India",Politics,15/10/2025,ne,https://techpana.com/2025/153424/fact-check-pak-captain-fatima-sana-bows-to-smriti-mandhana,पाकिस्तानी महिला क्रिकेट कप्तानले भारतीय क्रिकेटरलाई ढोगेको भन्दै एआई निर्मित तस्बिर भाइरल
TC_factcheck-balen-gyanendra-edited-photo-viral,https://techpana.prixacdn.net/media/albums/balen-gyanendra-fake-photo_XtRggXZbPq.png.760x430_q100_crop.jpg,बलेन र पूर्वराजा ज्ञानेन्द्रको सम्पादित तस्बिर मनगढन्ते,1,Fabricated,"Balendra Shah, Gyanendra Shah",Politics,18/10/2025,ne,https://techpana.com/2025/153437/factcheck-balen-gyanendra-edited-photo-viral,फ्याक्टचेकः बालेन-पूर्व राजाको भेट भन्दै एडिटेड तस्बिरबाट भ्रम फैलाउँदै ईशा गुरुङ लगायत
TC_factcheck-balen-gyanendra-edited-photo-viral,https://techpana.prixacdn.net/media/albums/balen-gyanendra-fake-photo_XtRggXZbPq.png.760x430_q100_crop.jpg,बलेन र ज्ञानेन्द्रको सँगैको तस्बिर सम्पादन र निर्माण गरिएको हो ।,0,None,"Balendra Shah, Gyanendra Shah",Politics,18/10/2025,ne,https://techpana.com/2025/153437/factcheck-balen-gyanendra-edited-photo-viral,फ्याक्टचेकः बालेन-पूर्व राजाको भेट भन्दै एडिटेड तस्बिरबाट भ्रम फैलाउँदै ईशा गुरुङ लगायत
TC_fact-check-what-is-the-truth-behind-viral-video-and-photo-showing-man-hiding-gun-at-waist,https://techpana.prixacdn.net/media/albums/dawa-sherpa-techpana-news_w4xr2vDdZA.jpg.760x430_q100_crop.jpg,मानिसले बन्दुक लुकाएको भाइरल भिडियोको दाबी भ्रामक थियो,1,Miscaptioned,Nepal,Politics,20/10/2025,ne,https://techpana.com/2025/153486/fact-check-what-is-the-truth-behind-viral-video-and-photo-showing-man-hiding-gun-at-waist,फ्याक्टचेकः कम्मरमा पेस्तोल लुकाइरहेको देखिने भाइरल भिडिओ तथा फोटोको वास्तविकता के हो ?
TC_fact-check-what-is-the-truth-behind-viral-video-and-photo-showing-man-hiding-gun-at-waist,https://techpana.prixacdn.net/media/albums/dawa-sherpa-techpana-news_w4xr2vDdZA.jpg.760x430_q100_crop.jpg,मानिसले बन्दुक लुकाएको भाइरल भिडियोको बारेमा दाबी भ्रामक थियो।,0,None,Nepal,Politics,20/10/2025,ne,https://techpana.com/2025/153486/fact-check-what-is-the-truth-behind-viral-video-and-photo-showing-man-hiding-gun-at-waist,फ्याक्टचेकः कम्मरमा पेस्तोल लुकाइरहेको देखिने भाइरल भिडिओ तथा फोटोको वास्तविकता के हो ?
TC_fact-check-viral-photo-claiming-mahabir-pun-received-tika-from-king-birendra,https://techpana.prixacdn.net/media/albums/Misleading-mahabir-pun-taking-tika-from-king-birendra-finale_0yDWGlC3C3.png.760x430_q100_crop.jpg,महावीर पुनले राजा वीरेन्द्रबाट टीका ग्रहण गरेको भाइरल फोटोमा भ्रामक सन्दर्भ छ,1,Identity_Mismatch,"Mahabir Pun, King Birendra",Politics,22/10/2025,ne,https://techpana.com/2025/153467/fact-check-viral-photo-claiming-mahabir-pun-received-tika-from-king-birendra,फ्याक्टचेकः राजा वीरेन्द्रसँग महावीर पुनले टीका थापेको दाबी गरिएको भाइरल फोटोको वास्तविकता
TC_fact-check-viral-photo-claiming-mahabir-pun-received-tika-from-king-birendra,https://techpana.prixacdn.net/media/albums/Misleading-mahabir-pun-taking-tika-from-king-birendra-finale_0yDWGlC3C3.png.760x430_q100_crop.jpg,महावीर पुनले राजा वीरेन्द्रबाट टीका ग्रहण गरेको भाइरल फोटोमा भ्रामक सन्दर्भ छ ।,0,None,"Mahabir Pun, King Birendra",Politics,22/10/2025,ne,https://techpana.com/2025/153467/fact-check-viral-photo-claiming-mahabir-pun-received-tika-from-king-birendra,फ्याक्टचेकः राजा वीरेन्द्रसँग महावीर पुनले टीका थापेको दाबी गरिएको भाइरल फोटोको वास्तविकता
TC_techpana-factcheck-minister-jagadish-kharel-watch-controversy-rolex-claim-debunked,https://techpana.prixacdn.net/media/albums/minister-kharel-rolex-watch-techpana-news_k9plNw7Zj4.jpg.760x430_q100_crop.jpg,मन्त्री जगदीश खरेलको रोलेक्स घडीबारेको दाबी खण्डन,1,Miscaptioned,"Jagadish Kharel, Nepal Government",Politics,25/10/2025,ne,https://techpana.com/2025/153589/techpana-factcheck-minister-jagadish-kharel-watch-controversy-rolex-claim-debunked,फ्याक्टचेकः सञ्चारमन्त्री खरेलले १ करोड मूल्यको रोलेक्स घडी लगाए भन्दै फैलिएको दाबी भ्रामक
TC_techpana-factcheck-minister-jagadish-kharel-watch-controversy-rolex-claim-debunked,https://techpana.prixacdn.net/media/albums/minister-kharel-rolex-watch-techpana-news_k9plNw7Zj4.jpg.760x430_q100_crop.jpg,मन्त्री खरेलले रोलेक्स लगाएको दाबी खण्डन,0,None,"Jagadish Kharel, Nepal Government",Politics,25/10/2025,ne,https://techpana.com/2025/153589/techpana-factcheck-minister-jagadish-kharel-watch-controversy-rolex-claim-debunked,फ्याक्टचेकः सञ्चारमन्त्री खरेलले १ करोड मूल्यको रोलेक्स घडी लगाए भन्दै फैलिएको दाबी भ्रामक
TC_false-claim-nepal-innovation-center-created-flying-drone,https://techpana.prixacdn.net/media/albums/Misleading-aabiskar-kendra-flying-car_M3ZWWRB0qZ.png.760x430_q100_crop.jpg,नेपाल इनोभेसन सेन्टरले ड्रोन उडाएको दाबी गलत,1,Fabricated,Nepal Innovation Center,Politics,28/10/2025,ne,https://techpana.com/2025/153579/false-claim-nepal-innovation-center-created-flying-drone,फ्याक्टचेक: महावीर पुनको राष्ट्रिय आविष्कार केन्द्रले उड्ने कार बनायो भन्दै भ्रम फैलाइँदै
TC_false-claim-nepal-innovation-center-created-flying-drone,https://techpana.prixacdn.net/media/albums/Misleading-aabiskar-kendra-flying-car_M3ZWWRB0qZ.png.760x430_q100_crop.jpg,नेपाल इनोभेसन सेन्टरले उड्ने ड्रोन बनाएको दाबी गलत हो ।,0,None,Nepal Innovation Center,Politics,28/10/2025,ne,https://techpana.com/2025/153579/false-claim-nepal-innovation-center-created-flying-drone,फ्याक्टचेक: महावीर पुनको राष्ट्रिय आविष्कार केन्द्रले उड्ने कार बनायो भन्दै भ्रम फैलाइँदै
TC_fact-check-ai-generated-hailstorm-video-not-real,https://techpana.prixacdn.net/media/albums/fact-check-ai-generated-hailstorm-video-not-real_oYjDPp1oup.jpg.760x430_q100_crop.jpg,AI द्वारा बनाईएको भाइरल असिनाको भिडियो वास्तविक होइन,1,Fabricated,,Politics,31/10/2025,ne,https://techpana.com/2025/153755/fact-check-ai-generated-hailstorm-video-not-real,"फ्याक्टचेकः नतर्सिनुस्, आकाशबाट भयानक ठुल्ठुला असिना खसेको होइन, भाइरल भिडिओ एआई सिर्जित हो"
TC_fact-check-ai-generated-hailstorm-video-not-real,https://techpana.prixacdn.net/media/albums/fact-check-ai-generated-hailstorm-video-not-real_oYjDPp1oup.jpg.760x430_q100_crop.jpg,AI प्रयोग गरेर बनाइएको भाइरल असिनाको भिडियोले वास्तविक असिना देखाउँदैन।,0,None,,Politics,31/10/2025,ne,https://techpana.com/2025/153755/fact-check-ai-generated-hailstorm-video-not-real,"फ्याक्टचेकः नतर्सिनुस्, आकाशबाट भयानक ठुल्ठुला असिना खसेको होइन, भाइरल भिडिओ एआई सिर्जित हो"
TC_techpana-factcheck-fake-claim-sheep-costume-spain-migration,https://techpana.prixacdn.net/media/albums/Misleading-news-men-pretending-sheep-arrest_GSQRjuFZur.png.760x430_q100_crop.jpg,भेडाको पोशाकमा स्पेन जाने व्यक्तिको दाबी गलत छ,1,Fabricated,Spain,Politics,18/12/2025,ne,https://techpana.com/2025/154219/techpana-factcheck-fake-claim-sheep-costume-spain-migration,फ्याक्टचेक: भेडाको भेषमा स्पेन जाँदा अल्जेरियाली नागरिक पक्राउ परे भन्दै फैलिएको दाबी भ्रामक
TC_techpana-factcheck-fake-claim-sheep-costume-spain-migration,https://techpana.prixacdn.net/media/albums/Misleading-news-men-pretending-sheep-arrest_GSQRjuFZur.png.760x430_q100_crop.jpg,भेडाको पोशाकमा स्पेन जाने व्यक्तिको दाबी गलत छ।,0,None,Spain,Politics,18/12/2025,ne,https://techpana.com/2025/154219/techpana-factcheck-fake-claim-sheep-costume-spain-migration,फ्याक्टचेक: भेडाको भेषमा स्पेन जाँदा अल्जेरियाली नागरिक पक्राउ परे भन्दै फैलिएको दाबी भ्रामक
TC_techpana-factcheck-old-photo-former-king-falsely-linked-to-pm-modi,https://techpana.prixacdn.net/media/albums/Misleading_o1ewd62zUw.png.760x430_q100_crop.jpg,पूर्वराजा ज्ञानेन्द्रको पुरानो तस्बिर भारतीय प्रधानमन्त्री मोदीसँगको भेटमा झुटो,1,Identity_Mismatch,"Gyanendra Shah, Narendra Modi, India, Nepal",Politics,23/12/2025,ne,https://techpana.com/2025/154600/techpana-factcheck-old-photo-former-king-falsely-linked-to-pm-modi,फ्याक्टचेक: के पूर्वराजाले भारतीय प्रधानमन्त्रीलाई भेटेका हुन् ? यस्तो छ भाइरल फोटोको यथार्थ
TC_techpana-factcheck-old-photo-former-king-falsely-linked-to-pm-modi,https://techpana.prixacdn.net/media/albums/Misleading_o1ewd62zUw.png.760x430_q100_crop.jpg,पूर्वराजा ज्ञानेन्द्रको पुरानो तस्बिर भारतीय प्रधानमन्त्री मोदीसँगको भेटघाटसँग जोडिएको छ ।,0,None,"Gyanendra Shah, Narendra Modi, India, Nepal",Politics,23/12/2025,ne,https://techpana.com/2025/154600/techpana-factcheck-old-photo-former-king-falsely-linked-to-pm-modi,फ्याक्टचेक: के पूर्वराजाले भारतीय प्रधानमन्त्रीलाई भेटेका हुन् ? यस्तो छ भाइरल फोटोको यथार्थ
TC_balen-fake-post-about-removing-jhapa-from-nepal-map-fact-check,https://techpana.prixacdn.net/media/albums/techpana-fact-check-shobha-gyawali-ujwal-thapa-tiktoker_d5fMA5TCYs.jpg.760x430_q100_crop.jpg,बलेनले नेपालको नक्साबाट झापा हटाउने पोस्ट गरेनन्,1,Fabricated,"Balendra Shah, Jhapa, Nepal",Politics,08/01/2026,ne,https://techpana.com/2026/154756/balen-fake-post-about-removing-jhapa-from-nepal-map-fact-check,टेकपाना फ्याक्टचेकः बालेनले गरेका छैनन् केपीले जिते झापालाई नेपालको नक्साबाट हटाउने पोस्ट
TC_balen-fake-post-about-removing-jhapa-from-nepal-map-fact-check,https://techpana.prixacdn.net/media/albums/techpana-fact-check-shobha-gyawali-ujwal-thapa-tiktoker_d5fMA5TCYs.jpg.760x430_q100_crop.jpg,बालेनले त्यस्तो कुनै पोस्ट गरेका छैनन् । पोस्ट नक्कली हो।,0,None,"Balendra Shah, Jhapa, Nepal",Politics,08/01/2026,ne,https://techpana.com/2026/154756/balen-fake-post-about-removing-jhapa-from-nepal-map-fact-check,टेकपाना फ्याक्टचेकः बालेनले गरेका छैनन् केपीले जिते झापालाई नेपालको नक्साबाट हटाउने पोस्ट
TC_harka-sampang-fake-x-account-viral-post-truth,https://techpana.prixacdn.net/media/albums/False-hark-sampang-tweet-about-putting-fire-in-sinhadarbar_PQPk4QqnHJ.jpg.760x430_q100_crop.jpg,भाइरल पोष्ट नक्कली हार्क साम्पाङ एक्स खाताबाट आएको थियो,1,Fabricated,Harka Sampang,Politics,28/01/2026,ne,https://techpana.com/2026/155384/harka-sampang-fake-x-account-viral-post-truth,फ्याक्टचेक: हर्क साम्पाङले तीन वर्ष पहिले सिंहदरबार जलाउने भन्दै पोस्ट गरेको दाबी मिथ्या
TC_harka-sampang-fake-x-account-viral-post-truth,https://techpana.prixacdn.net/media/albums/False-hark-sampang-tweet-about-putting-fire-in-sinhadarbar_PQPk4QqnHJ.jpg.760x430_q100_crop.jpg,भाइरल पोष्ट हर्क साम्पाङको नक्कल गर्ने नक्कली X खाताबाट आएको थियो।,0,None,Harka Sampang,Politics,28/01/2026,ne,https://techpana.com/2026/155384/harka-sampang-fake-x-account-viral-post-truth,फ्याक्टचेक: हर्क साम्पाङले तीन वर्ष पहिले सिंहदरबार जलाउने भन्दै पोस्ट गरेको दाबी मिथ्या
TC_factcheck-viral-photo-harka-sampang-supporters-malaysia-ai-fake,https://techpana.prixacdn.net/media/albums/Misleading-hark-sampang-fake-techpana-factcheck_YM3kGy2H5A.jpg.760x430_q100_crop.jpg,मलेसियामा हार्का साम्पाङ समर्थकहरूको फोटो AI-उत्पन्न गरिएको छ,1,Fabricated,"Harka Sampang, Malaysia",Politics,28/01/2026,ne,https://techpana.com/2026/155398/factcheck-viral-photo-harka-sampang-supporters-malaysia-ai-fake,फ्याक्टचेक: हर्क साम्पाङलाई समर्थन गर्दै ‘माटो’मा भोट हाल्न मलेसियाबाट युवाहरू फर्किएको दाबीसहित भाइरल फोटो एआई निर्मित
TC_factcheck-viral-photo-harka-sampang-supporters-malaysia-ai-fake,https://techpana.prixacdn.net/media/albums/Misleading-hark-sampang-fake-techpana-factcheck_YM3kGy2H5A.jpg.760x430_q100_crop.jpg,मलेसियामा हार्का साम्पाङ समर्थकहरूको भाइरल फोटो एआई द्वारा उत्पन्न गरिएको हो।,0,None,"Harka Sampang, Malaysia",Politics,28/01/2026,ne,https://techpana.com/2026/155398/factcheck-viral-photo-harka-sampang-supporters-malaysia-ai-fake,फ्याक्टचेक: हर्क साम्पाङलाई समर्थन गर्दै ‘माटो’मा भोट हाल्न मलेसियाबाट युवाहरू फर्किएको दाबीसहित भाइरल फोटो एआई निर्मित
TC_fact-check-is-the-viral-video-of-balen-shah-pushing-supporters-created-by-ai,https://techpana.prixacdn.net/media/albums/balen-Misleading-ai-techpana-news_WVuMYygmsg.jpg.760x430_q100_crop.jpg,बलेन शाहले समर्थकलाई धकेल्दै गरेको भाइरल भिडियो एआईले बनाएको हो,1,Fabricated,Balendra Shah,Politics,25/01/2026,ne,https://techpana.com/2026/155071/fact-check-is-the-viral-video-of-balen-shah-pushing-supporters-created-by-ai,फ्याक्टचेकः बालेनले कार्यकर्तालाई धकेलेको भिडिओ एआई सिर्जित भन्दै फैलाइएको दाबी भ्रामक
TC_fact-check-is-the-viral-video-of-balen-shah-pushing-supporters-created-by-ai,https://techpana.prixacdn.net/media/albums/balen-Misleading-ai-techpana-news_WVuMYygmsg.jpg.760x430_q100_crop.jpg,बलेन शाहले आफ्ना समर्थकहरूलाई धकेल्दै गरेको भाइरल भिडियो एआई-जेनेरेट गरिएको हो।,0,None,Balendra Shah,Politics,25/01/2026,ne,https://techpana.com/2026/155071/fact-check-is-the-viral-video-of-balen-shah-pushing-supporters-created-by-ai,फ्याक्टचेकः बालेनले कार्यकर्तालाई धकेलेको भिडिओ एआई सिर्जित भन्दै फैलाइएको दाबी भ्रामक
TC_fake-facebook-post-linked-to-balen-shah-goes-viral-fact-check,https://techpana.prixacdn.net/media/albums/balen-shah-edited-post-techpana-news_wr17uFQcLL.jpg.760x430_q100_crop.jpg,बलेन शाहले नगरेको फेक फेसबुक पोस्ट भाइरल,1,Fabricated,Balendra Shah,Politics,10/01/2026,ne,https://techpana.com/2026/154937/fake-facebook-post-linked-to-balen-shah-goes-viral-fact-check,फ्याक्टचेक: बालेनले कुलमान र दलित समुदायबारे आपत्तिजनक टिप्पणी गरेको भन्दै नक्कली पोस्ट भाइरल
TC_fake-facebook-post-linked-to-balen-shah-goes-viral-fact-check,https://techpana.prixacdn.net/media/albums/balen-shah-edited-post-techpana-news_wr17uFQcLL.jpg.760x430_q100_crop.jpg,भाइरल भइरहेको फेसबुक पोस्ट बलेन शाहले गरेको होइन । यो नक्कली छ।,0,None,Balendra Shah,Politics,10/01/2026,ne,https://techpana.com/2026/154937/fake-facebook-post-linked-to-balen-shah-goes-viral-fact-check,फ्याक्टचेक: बालेनले कुलमान र दलित समुदायबारे आपत्तिजनक टिप्पणी गरेको भन्दै नक्कली पोस्ट भाइरल
TC_fact-check-did-gagan-thapa-promise-free-mobiles-allowance-and-petrol,https://techpana.prixacdn.net/media/albums/Misleading-gagan-thapa-pm-agenda-finale_AKPUSUzzdL.jpg.760x430_q100_crop.jpg,गगन थापाले नि:शुल्क मोबाइल भत्ता दिने वाचा गरेनन् र पेट्रोलको दाबी झुटो हो,1,Fabricated,"Gagan Thapa, Nepali Congress",Politics,02/02/2026,ne,https://techpana.com/2026/155171/fact-check-did-gagan-thapa-promise-free-mobiles-allowance-and-petrol,"फ्याक्टचेक: गगन थापाले प्रधानमन्त्री बनेमा मोबाइल, भत्ता, पेट्रोल बाँड्ने घोषणा गरेका हुन् ?"
TC_fact-check-did-gagan-thapa-promise-free-mobiles-allowance-and-petrol,https://techpana.prixacdn.net/media/albums/Misleading-gagan-thapa-pm-agenda-finale_AKPUSUzzdL.jpg.760x430_q100_crop.jpg,गगन थापाले त्यस्तो वाचा गरेका छैनन् । दाबी गलत छ।,0,None,"Gagan Thapa, Nepali Congress",Politics,02/02/2026,ne,https://techpana.com/2026/155171/fact-check-did-gagan-thapa-promise-free-mobiles-allowance-and-petrol,"फ्याक्टचेक: गगन थापाले प्रधानमन्त्री बनेमा मोबाइल, भत्ता, पेट्रोल बाँड्ने घोषणा गरेका हुन् ?"
TC_fact-check-balen-facebook-hidden-fake-reactions-claim-misleading,https://techpana.prixacdn.net/media/albums/techpana-factcheck_LR3AQEtAJ8.png.760x430_q100_crop.jpg,बालेन फेसबुकले नक्कली प्रतिक्रियाहरू लुकाएको दाबी भ्रामक छ,1,Miscaptioned,"Balendra Shah, Facebook",Politics,05/02/2026,ne,https://techpana.com/2026/155212/fact-check-balen-facebook-hidden-fake-reactions-claim-misleading,फ्याक्टचेकः बालेनले आफ्नो फेसबुक पेजमा फेक रियाक्ट हेर्न नमिल्ने गरी लुकाएको भन्ने दाबी भ्रामक
TC_fact-check-balen-facebook-hidden-fake-reactions-claim-misleading,https://techpana.prixacdn.net/media/albums/techpana-factcheck_LR3AQEtAJ8.png.760x430_q100_crop.jpg,बालेन फेसबुक लुकाउने प्रतिक्रियाहरूको बारेमा दावी भ्रामक छन्।,0,None,"Balendra Shah, Facebook",Politics,05/02/2026,ne,https://techpana.com/2026/155212/fact-check-balen-facebook-hidden-fake-reactions-claim-misleading,फ्याक्टचेकः बालेनले आफ्नो फेसबुक पेजमा फेक रियाक्ट हेर्न नमिल्ने गरी लुकाएको भन्ने दाबी भ्रामक
TC_fact-check-claim-that-gen-z-uml-youth-smeared-black-soot-on-mahesh-basnet-is-false,https://techpana.prixacdn.net/media/albums/mahesh-basnet-lkalo-moso-techpana-factcheck-news_BgoWxYYPyP.jpg.760x430_q100_crop.jpg,महेश बस्नेतलाई जेनजेड र एमालेका युवाले कालो कालो हानेको दाबी गलत हो,1,Fabricated,"Mahesh Basnet, CPN-UML, Gen-Z",Politics,07/02/2026,ne,https://techpana.com/2026/155359/fact-check-claim-that-gen-z-uml-youth-smeared-black-soot-on-mahesh-basnet-is-false,"फ्याक्टचेकः जेनजी पुस्ताका एमालेकै युवाले महेश बस्नेतलाई कालो मोसो दलेको दाबी झुटो, एडिटेड फोटो भाइरल"
TC_fact-check-claim-that-gen-z-uml-youth-smeared-black-soot-on-mahesh-basnet-is-false,https://techpana.prixacdn.net/media/albums/mahesh-basnet-lkalo-moso-techpana-factcheck-news_BgoWxYYPyP.jpg.760x430_q100_crop.jpg,जनरल जेड र एमालेका युवाले महेश बस्नेतलाई कालो कालो हानेको दाबी गलत हो ।,0,None,"Mahesh Basnet, CPN-UML, Gen-Z",Politics,07/02/2026,ne,https://techpana.com/2026/155359/fact-check-claim-that-gen-z-uml-youth-smeared-black-soot-on-mahesh-basnet-is-false,"फ्याक्टचेकः जेनजी पुस्ताका एमालेकै युवाले महेश बस्नेतलाई कालो मोसो दलेको दाबी झुटो, एडिटेड फोटो भाइरल"
TC_rajesh-hamal-deepak-raj-giri-fake-ai-photos-fact-check,https://techpana.prixacdn.net/media/albums/prachanda-Misleading-techpana-news_tERaDyJZwY.jpg.760x430_q100_crop.jpg,एआईले सेलिब्रेटी राजेश हमाल र दीपकराज गिरीको नक्कली तस्बिर सामाजिक सञ्जालमा भाइरल,1,Fabricated,"Rajesh Hamal, Deepak Raj Giri",Politics,08/02/2026,ne,https://techpana.com/2026/155258/rajesh-hamal-deepak-raj-giri-fake-ai-photos-fact-check,"फ्याक्टचेकः राजेश हमाल र दीपकराज गिरीले प्रचण्डलाई समर्थन गरेको दा告 भ्रामक, भाइरल फोटो नक्कली"
TC_rajesh-hamal-deepak-raj-giri-fake-ai-photos-fact-check,https://techpana.prixacdn.net/media/albums/prachanda-Misleading-techpana-news_tERaDyJZwY.jpg.760x430_q100_crop.jpg,राजेश हमाल र दीपकराज गिरीको नक्कली एआईले बनाएको तस्बिर चलिरहेको थियो ।,0,None,"Rajesh Hamal, Deepak Raj Giri",Politics,08/02/2026,ne,https://techpana.com/2026/155258/rajesh-hamal-deepak-raj-giri-fake-ai-photos-fact-check,"फ्याक्टचेकः राजेश हमाल र दीपकराज गिरीले प्रचण्डलाई समर्थन गरेको दा告 भ्रामक, भाइरल फोटो नक्कली"
TC_fact-check-bardiya-teen-birendra-bk-aircraft-claim-false,https://techpana.prixacdn.net/media/albums/Misleading-aircraft-made-by-bardia-teenager_0xNXUiIiiR.png.760x430_q100_crop.jpg,बर्दियाका किशोर वीरेन्द्र विकले काम गर्ने विमान बनाएको दाबी गलत हो,1,Fabricated,"Birendra BK, Bardiya",Politics,03/02/2026,ne,https://techpana.com/2026/155134/fact-check-bardiya-teen-birendra-bk-aircraft-claim-false,"फ्याक्टचेक: बर्दियाका वीरेन्द्र विकले विमान बनाएको दाबी झुटो, भाइरल भिडिओ बङ्गलादेशको हो"
TC_fact-check-bardiya-teen-birendra-bk-aircraft-claim-false,https://techpana.prixacdn.net/media/albums/Misleading-aircraft-made-by-bardia-teenager_0xNXUiIiiR.png.760x430_q100_crop.jpg,बर्दियाका किशोरले काम गर्ने विमान बनाएको दाबी झुटो हो ।,0,None,"Birendra BK, Bardiya",Politics,03/02/2026,ne,https://techpana.com/2026/155134/fact-check-bardiya-teen-birendra-bk-aircraft-claim-false,"फ्याक्टचेक: बर्दियाका वीरेन्द्र विकले विमान बनाएको दाबी झुटो, भाइरल भिडिओ बङ्गलादेशको हो"
TC_dailekh-methane-gas-112-billion-cubic-meters-oli-claim-factcheck,https://techpana.prixacdn.net/media/albums/kp-sharma-oli-misleading-techpana-news.jpg,दैलेखमा ११२ अर्ब घनमिटर मिथेन ग्यास रहेको केपी ओलीको दाबी भ्रामक र अप्रमाणित,1,Fabricated,"KP Sharma Oli, Dailekh, CPN-UML",Politics,04/02/2026,ne,https://techpana.com/2026/155331/dailekh-methane-gas-112-billion-cubic-meters-oli-claim-factcheck,फ्याक्टचेकः दैलेखमा १ खर्ब १२ अर्ब घनमिटर मिथेन ग्यास रहेको पुष्टि भएको केपी ओलीको दाबी भ्रामक
TC_dailekh-methane-gas-112-billion-cubic-meters-oli-claim-factcheck,https://techpana.prixacdn.net/media/albums/kp-sharma-oli-misleading-techpana-news.jpg,दैलेखमा ११२ अर्ब घनमिटर मिथेन रहेको दाबी भ्रामक छ । प्रमाणित गरिएको छैन।,0,None,"KP Sharma Oli, Dailekh, CPN-UML",Politics,04/02/2026,ne,https://techpana.com/2026/155331/dailekh-methane-gas-112-billion-cubic-meters-oli-claim-factcheck,फ्याक्टचेकः दैलेखमा १ खर्ब १२ अर्ब घनमिटर मिथेन ग्यास रहेको पुष्टि भएको केपी ओलीको दाबी भ्रामक
TC_factcheck-ai-poster-falsely-claims-oli-won-survey-in-jhapa-5,https://techpana.prixacdn.net/media/albums/balen-kp-sharma-oli-Misleading-factcheck-techpana-news_DOBXpFyOcN.jpg.760x430_q100_crop.jpg,झापा–५ मा केपी ओली विजयी भएको दाबी गर्ने एआई पोस्टर झुटो हो,1,Fabricated,"KP Sharma Oli, Jhapa-5, CPN-UML",Politics,28/01/2026,ne,https://techpana.com/2026/155052/factcheck-ai-poster-falsely-claims-oli-won-survey-in-jhapa-5,"फ्याक्टचेकः झापा-५ मा सर्वेक्षण गर्दा बालेनलाई ओलीले जिते भन्दै एआई पोस्टर भाइरल, डेटा पनि फेक"
TC_factcheck-ai-poster-falsely-claims-oli-won-survey-in-jhapa-5,https://techpana.prixacdn.net/media/albums/balen-kp-sharma-oli-Misleading-factcheck-techpana-news_DOBXpFyOcN.jpg.760x430_q100_crop.jpg,झापा–५ को सर्वेक्षणमा ओलीले जितेको दाबी गर्ने एआईले बनाएको पोस्टर झुटो हो ।,0,None,"KP Sharma Oli, Jhapa-5, CPN-UML",Politics,28/01/2026,ne,https://techpana.com/2026/155052/factcheck-ai-poster-falsely-claims-oli-won-survey-in-jhapa-5,"फ्याक्टचेकः झापा-५ मा सर्वेक्षण गर्दा बालेनलाई ओलीले जिते भन्दै एआई पोस्टर भाइरल, डेटा पनि फेक"
TC_false-claim-kulman-ghising-blocked-jobs-for-gen-z-martyrs-families,https://techpana.prixacdn.net/media/albums/Misleading-kulman-ghishing-hitendra_ljpgbGshAD.jpg.760x430_q100_crop.jpg,कुलमान घिसिङले जनरल जेड शहीद परिवारलाई जागिर रोकेको दाबी गलत हो,1,Fabricated,"Kulman Ghising, Gen-Z, Nepal Electricity Authority",Politics,27/01/2026,ne,https://techpana.com/2026/155042/false-claim-kulman-ghising-blocked-jobs-for-gen-z-martyrs-families,फ्याक्टचेक: हितेन्द्रले जेनजी सहिद परिवारलाई रोजगारी दिनलाग्दा कुलमानले अवरोध गरेको दाबी झुटो
TC_false-claim-kulman-ghising-blocked-jobs-for-gen-z-martyrs-families,https://techpana.prixacdn.net/media/albums/Misleading-kulman-ghishing-hitendra_ljpgbGshAD.jpg.760x430_q100_crop.jpg,कुलमान घिसिङले जनरल जेड सहिद परिवारलाई रोजगारीमा रोक लगाएको दाबी गलत हो ।,0,None,"Kulman Ghising, Gen-Z, Nepal Electricity Authority",Politics,27/01/2026,ne,https://techpana.com/2026/155042/false-claim-kulman-ghising-blocked-jobs-for-gen-z-martyrs-families,फ्याक्टचेक: हितेन्द्रले जेनजी सहिद परिवारलाई रोजगारी दिनलाग्दा कुलमानले अवरोध गरेको दाबी झुटो
TC_fact-check-false-claims-president-paudel-rsp-leaders-monarchy-restoration,https://techpana.prixacdn.net/media/albums/False_8sqaK98oHY.png.760x430_q100_crop.jpg,सभापति पौडेल र राप्रपाका नेताहरु राजतन्त्र पुनर्स्थापनामा सहमत भएको दाबी गलत हो,1,Fabricated,"Ram Chandra Paudel, RSP, Nepal",Politics,22/01/2026,ne,https://techpana.com/2026/154858/fact-check-false-claims-president-paudel-rsp-leaders-monarchy-restoration,फ्याक्टचेक: राष्ट्रपति र रास्वपा नेताहरूले राजसंस्था फर्काउने कुरा गरेको दाबी झुटो
TC_fact-check-false-claims-president-paudel-rsp-leaders-monarchy-restoration,https://techpana.prixacdn.net/media/albums/False_8sqaK98oHY.png.760x430_q100_crop.jpg,सभापति पौडेल र राप्रपा राजतन्त्र पुनर्स्थापनामा सहमत भएको दाबी गलत हो ।,0,None,"Ram Chandra Paudel, RSP, Nepal",Politics,22/01/2026,ne,https://techpana.com/2026/154858/fact-check-false-claims-president-paudel-rsp-leaders-monarchy-restoration,फ्याक्टचेक: राष्ट्रपति र रास्वपा नेताहरूले राजसंस्था फर्काउने कुरा गरेको दाबी झुटो
TC_factcheck-viral-video-child-domestic-worker-found-inside-box-bed-india-not-nepal,https://techpana.prixacdn.net/media/albums/domestic-child-abuse-factcheck-techpana_bI4yKr61Xr.jpg.760x430_q100_crop.jpg,घरेलु कामदारलाई बक्समा थुनेको भिडियो नेपालको नभई भारतको हो,1,Geographic_Mismatch,"India, Nepal",Politics,12/02/2026,ne,https://techpana.com/2026/155313/factcheck-viral-video-child-domestic-worker-found-inside-box-bed-india-not-nepal,फ्याक्टचेक: घरेलु कामदार बालिका बक्स बेडभित्र फेला परेको भाइरल भिडि‌ओ नेपालको नभइ भारतको
TC_factcheck-viral-video-child-domestic-worker-found-inside-box-bed-india-not-nepal,https://techpana.prixacdn.net/media/albums/domestic-child-abuse-factcheck-techpana_bI4yKr61Xr.jpg.760x430_q100_crop.jpg,भिडियो नेपालको नभई भारतको हो ।,0,None,"India, Nepal",Politics,12/02/2026,ne,https://techpana.com/2026/155313/factcheck-viral-video-child-domestic-worker-found-inside-box-bed-india-not-nepal,फ्याक्टचेक: घरेलु कामदार बालिका बक्स बेडभित्र फेला परेको भाइरल भिडि‌ओ नेपालको नभइ भारतको
TC_fact-check-balen-shah-35-lakh-alcohol-debt-claim-misleading,https://techpana.prixacdn.net/media/albums/Misleading-balen-udaro-misleading_7pvcvRmfeF.jpg.760x430_q100_crop.jpg,बलेन शाहको ३५ लाखको मदिरा ऋण रहेको दाबी भ्रामक छ,1,Fabricated,Balendra Shah,Politics,13/02/2026,ne,https://techpana.com/2026/155181/fact-check-balen-shah-35-lakh-alcohol-debt-claim-misleading,फ्याक्टचेकः बालेनले होटलमा बिहान-बेलुका रक्सी खाएर ३५ लाख उधारो राखी फरार भएको दाबी भ्रामक
TC_fact-check-balen-shah-35-lakh-alcohol-debt-claim-misleading,https://techpana.prixacdn.net/media/albums/Misleading-balen-udaro-misleading_7pvcvRmfeF.jpg.760x430_q100_crop.jpg,बलेन शाहको ३५ लाखको मदिरा ऋणको दाबी भ्रामक छ ।,0,None,Balendra Shah,Politics,13/02/2026,ne,https://techpana.com/2026/155181/fact-check-balen-shah-35-lakh-alcohol-debt-claim-misleading,फ्याक्टचेकः बालेनले होटलमा बिहान-बेलुका रक्सी खाएर ३५ लाख उधारो राखी फरार भएको दाबी भ्रामक
TC_viral-claim-of-rohit-sharma-gifting-a-bike-to-dipendra-airee-is-false,https://techpana.prixacdn.net/media/albums/dipendra-singh-airee-car-gift-fake-techpana-news_QHe1fdFK8p.jpg.760x430_q100_crop.jpg,रोहित शर्माले दिपेन्द्र ऐरीलाई बाइक उपहार दिएको दाबी गलत हो,1,Fabricated,"Rohit Sharma, Dipendra Airee, India, Nepal",Politics,31/01/2026,ne,https://techpana.com/2026/155407/viral-claim-of-rohit-sharma-gifting-a-bike-to-dipendra-airee-is-false,"रोहित शर्माले दिपेन्द्रसिंह ऐरीलाई बाइक उपहार दिएको दाबी मिथ्या, एआई सिर्जित तस्बिर भाइरल"
TC_viral-claim-of-rohit-sharma-gifting-a-bike-to-dipendra-airee-is-false,https://techpana.prixacdn.net/media/albums/dipendra-singh-airee-car-gift-fake-techpana-news_QHe1fdFK8p.jpg.760x430_q100_crop.jpg,भारतीय क्रिकेट कप्तान रोहित शर्माले नेपाली क्रिकेटर दीपेन्द्र ऐरीलाई बाइक उपहार दिएनन् ।,0,None,"Rohit Sharma, Dipendra Airee, India, Nepal",Politics,31/01/2026,ne,https://techpana.com/2026/155407/viral-claim-of-rohit-sharma-gifting-a-bike-to-dipendra-airee-is-false,"रोहित शर्माले दिपेन्द्रसिंह ऐरीलाई बाइक उपहार दिएको दाबी मिथ्या, एआई सिर्जित तस्बिर भाइरल"
TC_fact-check-bhojraj-thapa-illness-viral-fake-ai-photos-exposed,https://techpana.prixacdn.net/media/albums/bhojraj-thapa-misleading-ai-generated-news-viral_nXh9EI0lYm.png.760x430_q100_crop.jpg,भोजराज थापा बिरामी छन् तर उनलाई भेट्न आएका रवि र बलेनका तस्बिरहरू एआई-जेनेरेट हुन्,1,Fabricated,"Bhojraj Thapa, Rabi Lamichhane, Balendra Shah",Politics,13/01/2026,ne,https://techpana.com/2026/154927/fact-check-bhojraj-thapa-illness-viral-fake-ai-photos-exposed,फ्याक्टचेकः युट्युबर भोजराज थापा बिरामी भएको मौका छोपी लाइक भ्युजका लागि टिठलाग्दो देखिने एआई फोटोको खेती
TC_fact-check-bhojraj-thapa-illness-viral-fake-ai-photos-exposed,https://techpana.prixacdn.net/media/albums/bhojraj-thapa-misleading-ai-generated-news-viral_nXh9EI0lYm.png.760x430_q100_crop.jpg,भोजराज थापा बिरामी छन् तर उनलाई भेट्न आएका रवि र बलेनका तस्बिरहरू एआई-जेनेरेट हुन्।,0,None,"Bhojraj Thapa, Rabi Lamichhane, Balendra Shah",Politics,13/01/2026,ne,https://techpana.com/2026/154927/fact-check-bhojraj-thapa-illness-viral-fake-ai-photos-exposed,फ्याक्टचेकः युट्युबर भोजराज थापा बिरामी भएको मौका छोपी लाइक भ्युजका लागि टिठलाग्दो देखिने एआई फोटोको खेती
TC_fact-check-misleading-two-month-old-video-viral-claiming-mahesh-basnet-beaten-in-dhangadhi,https://techpana.prixacdn.net/media/albums/mahesh-basnet-dhangadhi-fact-check_oWEQ3e8ZJo.jpg.760x430_q100_crop.jpg,महेश बस्नेतले धनगढीमा कुटपिट गरेको भन्दै भ्रामक रुपमा दुई महिना पुरानो भिडियो सेयर गरिएको छ,1,Temporal_Mismatch,"Mahesh Basnet, CPN-UML, Dhangadhi",Politics,15/02/2026,ne,https://techpana.com/2026/155277/fact-check-misleading-two-month-old-video-viral-claiming-mahesh-basnet-beaten-in-dhangadhi,फ्याक्टचेक: धनगढीमा महेश बस्नेतले कुटाई खाएको भन्दै दुई महिना पुरानो भ्रामक भिडिओ भाइरल
TC_fact-check-misleading-two-month-old-video-viral-claiming-mahesh-basnet-beaten-in-dhangadhi,https://techpana.prixacdn.net/media/albums/mahesh-basnet-dhangadhi-fact-check_oWEQ3e8ZJo.jpg.760x430_q100_crop.jpg,भिडियो दुई महिना पुरानो हो र हालैको घटनाको रूपमा भ्रामक रूपमा साझा गरिएको थियो।,0,None,"Mahesh Basnet, CPN-UML, Dhangadhi",Politics,15/02/2026,ne,https://techpana.com/2026/155277/fact-check-misleading-two-month-old-video-viral-claiming-mahesh-basnet-beaten-in-dhangadhi,फ्याक्टचेक: धनगढीमा महेश बस्नेतले कुटाई खाएको भन्दै दुई महिना पुरानो भ्रामक भिडिओ भाइरल
TC_kp-oli-smoking-photo-fact-check-edited-image,https://techpana.prixacdn.net/media/albums/Misleading-kp-oli-smoking_ehR2UJoHGM.jpg.760x430_q100_crop.jpg,केपी शर्मा ओली चुरोट पिउदै गरेको तस्बिर सम्पादन गरिएको छ,1,Fabricated,"KP Sharma Oli, CPN-UML",Politics,18/01/2026,ne,https://techpana.com/2026/155148/kp-oli-smoking-photo-fact-check-edited-image,फ्याक्टचेक: केपी ओलीले चुरोट तानेको भन्दै भाइरल भइरहेको फोटो ‘एडिटेड’
TC_kp-oli-smoking-photo-fact-check-edited-image,https://techpana.prixacdn.net/media/albums/Misleading-kp-oli-smoking_ehR2UJoHGM.jpg.760x430_q100_crop.jpg,केपी ओलीको धुम्रपानको तस्बिर सम्पादन र मनगढन्ते ।,0,None,"KP Sharma Oli, CPN-UML",Politics,18/01/2026,ne,https://techpana.com/2026/155148/kp-oli-smoking-photo-fact-check-edited-image,फ्याक्टचेक: केपी ओलीले चुरोट तानेको भन्दै भाइरल भइरहेको फोटो ‘एडिटेड’
TC_rabi-lamichhane-and-jwala-sangraula-edited-photo-viral,https://techpana.prixacdn.net/media/albums/Misleading-rabi-jwala-sangraula_wlq9cByNIK.png.760x430_q100_crop.jpg,ज्वाला संग्रौलासँग रवि लामिछानेको तस्बिर भाइरल,1,Fabricated,"Rabi Lamichhane, Jwala Sangraula, RSP",Politics,15/01/2026,ne,https://techpana.com/2026/154874/rabi-lamichhane-and-jwala-sangraula-edited-photo-viral,रवि लामिछाने र ज्वाला सङ्ग्रौलाको फोटो भन्दै जोडी जस्तै देखिने गरी एडिट गरिएको फोटो भाइरल
TC_rabi-lamichhane-and-jwala-sangraula-edited-photo-viral,https://techpana.prixacdn.net/media/albums/Misleading-rabi-jwala-sangraula_wlq9cByNIK.png.760x430_q100_crop.jpg,ज्वाला संग्रौलासँग रवि लामिछानेको तस्बिर भाइरल,0,None,"Rabi Lamichhane, Jwala Sangraula, RSP",Politics,15/01/2026,ne,https://techpana.com/2026/154874/rabi-lamichhane-and-jwala-sangraula-edited-photo-viral,रवि लामिछाने र ज्वाला सङ्ग्रौलाको फोटो भन्दै जोडी जस्तै देखिने गरी एडिट गरिएको फोटो भाइरल
TC_fact-check-did-ex-annfsu-president-sujan-kadariya-send-tesla-to-pick-up-balen,https://techpana.prixacdn.net/media/albums/Misleading-balen-tesla-sujan-kadariya_l98jyUrXsU.jpg.760x430_q100_crop.jpg,अनेरास्ववियुका पूर्वअध्यक्ष सुजन कडारियाले टेस्लाले बलेनलाई लिन पठाएको दाबी गलत हो,1,Fabricated,"Sujan Kadariya, Balendra Shah, ANNFSU",Politics,09/02/2026,ne,https://techpana.com/2026/155122/fact-check-did-ex-annfsu-president-sujan-kadariya-send-tesla-to-pick-up-balen,फ्याक्टचेकः के अनेरास्वियुका पूर्व अध्यक्ष सुजन कडरियाले आफ्नो टेस्ला बालेन लिन पठाएका हुन् ?
TC_fact-check-did-ex-annfsu-president-sujan-kadariya-send-tesla-to-pick-up-balen,https://techpana.prixacdn.net/media/albums/Misleading-balen-tesla-sujan-kadariya_l98jyUrXsU.jpg.760x430_q100_crop.jpg,अनेरास्ववियुका पूर्वअध्यक्ष सुजन कडारियाले टेस्लाले बलेनलाई लिन पठाएको दाबी गलत हो ।,0,None,"Sujan Kadariya, Balendra Shah, ANNFSU",Politics,09/02/2026,ne,https://techpana.com/2026/155122/fact-check-did-ex-annfsu-president-sujan-kadariya-send-tesla-to-pick-up-balen,फ्याक्टचेकः के अनेरास्वियुका पूर्व अध्यक्ष सुजन कडरियाले आफ्नो टेस्ला बालेन लिन पठाएका हुन् ?
TC_fact-check-ai-video-viral-claim-rsp-supporters-rally-rukum,https://techpana.prixacdn.net/media/albums/rsp-techpana-factcheck-rukum-techpana-news_yriwARVG9S.png.760x430_q100_crop.jpg,रुकुममा आरएसपी समर्थकहरुको विशाल जुलुस झुटो भएको दाबी गर्दै एआईले भिडियो बनाएको छ,1,Fabricated,"RSP, Rukum",Politics,17/02/2026,ne,https://techpana.com/2026/155285/fact-check-ai-video-viral-claim-rsp-supporters-rally-rukum,फ्याक्टचेकः रुकुममा रास्वपाका समर्थकको र्‍याली भन्दै एआई भिडिओ भाइरल
TC_fact-check-ai-video-viral-claim-rsp-supporters-rally-rukum,https://techpana.prixacdn.net/media/albums/rsp-techpana-factcheck-rukum-techpana-news_yriwARVG9S.png.760x430_q100_crop.jpg,रुकुममा आरएसपी समर्थकहरूको विशाल जुलुसको दाबी गर्ने भिडियो एआई द्वारा निर्मित हो।,0,None,"RSP, Rukum",Politics,17/02/2026,ne,https://techpana.com/2026/155285/fact-check-ai-video-viral-claim-rsp-supporters-rally-rukum,फ्याक्टचेकः रुकुममा रास्वपाका समर्थकको र्‍याली भन्दै एआई भिडिओ भाइरल
TC_fact-check-jyoti-magar-chandrauta-festival-video-misleading,https://techpana.prixacdn.net/media/albums/Misleading-jyoti-magar-mahotsav_ID40qSS03M.png.760x430_q100_crop.jpg,ज्योति मगर चन्द्रौता चाड पर्वको भिडियो साझा भ्रामक दाबी सहित,1,Miscaptioned,"Jyoti Magar, Chandrauta",Politics,25/01/2026,ne,https://techpana.com/2026/154968/fact-check-jyoti-magar-chandrauta-festival-video-misleading,फ्याक्टचेक: चन्द्रौटा महोत्सवमा ज्योति मगरलाई लखेटिएको दाबीसहितका भिडिओ भ्रामक
TC_fact-check-jyoti-magar-chandrauta-festival-video-misleading,https://techpana.prixacdn.net/media/albums/Misleading-jyoti-magar-mahotsav_ID40qSS03M.png.760x430_q100_crop.jpg,ज्योति मगर चन्द्रौता चाड पर्वको भिडियो साझा भ्रामक दाबी सहित।,0,None,"Jyoti Magar, Chandrauta",Politics,25/01/2026,ne,https://techpana.com/2026/154968/fact-check-jyoti-magar-chandrauta-festival-video-misleading,फ्याक्टचेक: चन्द्रौटा महोत्सवमा ज्योति मगरलाई लखेटिएको दाबीसहितका भिडिओ भ्रामक
TC_fact-check-no-chief-justice-did-not-blame-balen-for-court-arson,https://techpana.prixacdn.net/media/albums/mahesh-basnet-misleading-techpana-news-gactcheck_HWUXllM8AK.jpg.760x430_q100_crop.jpg,प्रधानन्यायाधीशले बालेनलाई अदालतमा आगजनी गरेको दाबी गलत भएको आरोप लगाएनन्,1,Fabricated,"Chief Justice, Balendra Shah, Nepal",Politics,08/02/2026,ne,https://techpana.com/2026/155161/fact-check-no-chief-justice-did-not-blame-balen-for-court-arson,फ्याक्टचेकः नझुक्किनुस् ! महेश बस्नेतले दाबी गरे जस्तो प्रधानन्याधीशले ‘अदालत जलाउनमा १००% बालेनको हात छ’ भनेका छैनन्
TC_fact-check-no-chief-justice-did-not-blame-balen-for-court-arson,https://techpana.prixacdn.net/media/albums/mahesh-basnet-misleading-techpana-news-gactcheck_HWUXllM8AK.jpg.760x430_q100_crop.jpg,प्रधानन्यायाधीशले अदालतमा आगजनी गरेकोमा बालेनलाई दोष दिएनन्। दाबी गलत छ।,0,None,"Chief Justice, Balendra Shah, Nepal",Politics,08/02/2026,ne,https://techpana.com/2026/155161/fact-check-no-chief-justice-did-not-blame-balen-for-court-arson,फ्याक्टचेकः नझुक्किनुस् ! महेश बस्नेतले दाबी गरे जस्तो प्रधानन्याधीशले ‘अदालत जलाउनमा १००% बालेनको हात छ’ भनेका छैनन्
TC_viral-video-rajesh-hamal-speech-misleading-claim,https://techpana.prixacdn.net/media/albums/Misleading-rajesh-hamal-kp-oli_LBkTaUBGQI.jpg.760x430_q100_crop.jpg,राजेश हमालको भनाइलाई भ्रामक दाबीसहित सन्दर्भ बाहिर निकालिएको थियो,1,Miscaptioned,Rajesh Hamal,Politics,16/02/2026,ne,https://techpana.com/2026/155237/viral-video-rajesh-hamal-speech-misleading-claim,फ्याक्टचेक: राजेश हमालले केपी ओलीकै अघि ‘देश कहाँ पुग्यो ?’ भनेर कटाक्ष गरेको दाबी भ्रामक
TC_viral-video-rajesh-hamal-speech-misleading-claim,https://techpana.prixacdn.net/media/albums/Misleading-rajesh-hamal-kp-oli_LBkTaUBGQI.jpg.760x430_q100_crop.jpg,राजेश हमालको भनाइलाई भ्रामक दाबीसहित सन्दर्भ बाहिर निकालिएको थियो ।,0,None,Rajesh Hamal,Politics,16/02/2026,ne,https://techpana.com/2026/155237/viral-video-rajesh-hamal-speech-misleading-claim,फ्याक्टचेक: राजेश हमालले केपी ओलीकै अघि ‘देश कहाँ पुग्यो ?’ भनेर कटाक्ष गरेको दाबी भ्रामक
TC_gagan-thapa-congress-not-party-of-poor-fact-check,https://techpana.prixacdn.net/media/albums/Misleading-gagan-thapa-speech-false-claim_u8L8EmleC9.jpg.760x430_q100_crop.jpg,गगन थापाले काङ्ग्रेस पार्टीबारे बोलेका शब्दलाई प्रसंगभन्दा बाहिर निकालियो,1,Miscaptioned,"Gagan Thapa, Nepali Congress",Politics,18/02/2026,ne,https://techpana.com/2026/155251/gagan-thapa-congress-not-party-of-poor-fact-check,फ्याक्टचेक: के गगन थापाले ‘काँग्रेस गरिब र सुकुम्वासीको पार्टी होइन’ भनेका हुन् ?
TC_gagan-thapa-congress-not-party-of-poor-fact-check,https://techpana.prixacdn.net/media/albums/Misleading-gagan-thapa-speech-false-claim_u8L8EmleC9.jpg.760x430_q100_crop.jpg,गगन थापाले कांग्रेसबारे बोलेका शब्दलाई प्रसंग बाहिर निकालियो ।,0,None,"Gagan Thapa, Nepali Congress",Politics,18/02/2026,ne,https://techpana.com/2026/155251/gagan-thapa-congress-not-party-of-poor-fact-check,फ्याक्टचेक: के गगन थापाले ‘काँग्रेस गरिब र सुकुम्वासीको पार्टी होइन’ भनेका हुन् ?
TC_techpana-factcheck-sushila-karki-balen-election-support-video-15-months-old-misleading,https://techpana.prixacdn.net/media/albums/Misleading-pm-karki-supported-balen_69Oe9i746h.jpg.760x430_q100_crop.jpg,बलेनलाई सुशीला कार्कीको स्पष्ट समर्थनको भिडियो अहिलेको चुनावी समर्थन होइन 15 महिना पुरानो हो,1,Temporal_Mismatch,"Sushila Karki, Balendra Shah",Politics,20/02/2026,ne,https://techpana.com/2026/155230/techpana-factcheck-sushila-karki-balen-election-support-video-15-months-old-misleading,फ्याक्टचेकः प्रधानमन्त्री सुशीला कार्कीले चुनावमा बालेनलाई समर्थन गरेको जस्तो देखाउने भाइरल भिडिओ १५ महिना पुरानो
TC_techpana-factcheck-sushila-karki-balen-election-support-video-15-months-old-misleading,https://techpana.prixacdn.net/media/albums/Misleading-pm-karki-supported-balen_69Oe9i746h.jpg.760x430_q100_crop.jpg,भिडियो 15 महिना पुरानो हो जुन वर्तमान चुनाव समर्थनको रूपमा साझा गरिएको छ।,0,None,"Sushila Karki, Balendra Shah",Politics,20/02/2026,ne,https://techpana.com/2026/155230/techpana-factcheck-sushila-karki-balen-election-support-video-15-months-old-misleading,फ्याक्टचेकः प्रधानमन्त्री सुशीला कार्कीले चुनावमा बालेनलाई समर्थन गरेको जस्तो देखाउने भाइरल भिडिओ १५ महिना पुरानो
TC_fact-check-alleged-audio-leak-between-swarnim-wagle-and-indian-pm-modi-is-fake,https://techpana.prixacdn.net/media/albums/swarnim-wagle-audio-fake-techpana-news_C6j1iTR0tZ.jpg.760x430_q100_crop.jpg,स्वर्णिम वाग्ले र भारतीय प्रधानमन्त्री मोदी बीचको कथित अडियो लीक नक्कली एआई उत्पन्न भएको छ,1,Fabricated,"Swarnim Wagle, Narendra Modi, RSP, India, Nepal",Politics,22/02/2026,ne,https://techpana.com/2026/155395/fact-check-alleged-audio-leak-between-swarnim-wagle-and-indian-pm-modi-is-fake,फ्याक्टचेकः स्वर्णिम वाग्ले र भारतीय प्रधानमन्त्री मोदीबिचको भनिएको ‘अडियो लिक’ नक्कली
TC_fact-check-alleged-audio-leak-between-swarnim-wagle-and-indian-pm-modi-is-fake,https://techpana.prixacdn.net/media/albums/swarnim-wagle-audio-fake-techpana-news_C6j1iTR0tZ.jpg.760x430_q100_crop.jpg,स्वर्णिम वाग्ले र भारतीय प्रधानमन्त्री मोदीबीचको अडियो लीक भएको आरोप झुटो हो ।,0,None,"Swarnim Wagle, Narendra Modi, RSP, India, Nepal",Politics,22/02/2026,ne,https://techpana.com/2026/155395/fact-check-alleged-audio-leak-between-swarnim-wagle-and-indian-pm-modi-is-fake,फ्याक्टचेकः स्वर्णिम वाग्ले र भारतीय प्रधानमन्त्री मोदीबिचको भनिएको ‘अडियो लिक’ नक्कली
TC_factcheck-edited-post-falsely-attributed-to-balen-shah-goes-viral-on-social-media,https://techpana.prixacdn.net/media/albums/kulman-ghising-techpana-news_2T5rn2mioo.jpg.760x430_q100_crop.jpg,बलेन शाहलाई झुटो एडिट गरिएको पोस्ट भाइरल,1,Fabricated,Balendra Shah,Politics,19/01/2026,ne,https://techpana.com/2026/154907/factcheck-edited-post-falsely-attributed-to-balen-shah-goes-viral-on-social-media,"फ्याक्टचेकः नझुक्किनुस् ! बालेनले कुलमानलाई अवसरवादी भनेका छैनन्, भाइरल पोस्ट एडिटेड हो"
TC_factcheck-edited-post-falsely-attributed-to-balen-shah-goes-viral-on-social-media,https://techpana.prixacdn.net/media/albums/kulman-ghising-techpana-news_2T5rn2mioo.jpg.760x430_q100_crop.jpg,सम्पादित पोस्टलाई बलेन शाहलाई झुटो एट्रिब्यूट गरिएको थियो।,0,None,Balendra Shah,Politics,19/01/2026,ne,https://techpana.com/2026/154907/factcheck-edited-post-falsely-attributed-to-balen-shah-goes-viral-on-social-media,"फ्याक्टचेकः नझुक्किनुस् ! बालेनले कुलमानलाई अवसरवादी भनेका छैनन्, भाइरल पोस्ट एडिटेड हो"
TC_fact-check-balen-shah-sabina-kaphle-jhapa-5-misleading-claims,https://techpana.prixacdn.net/media/albums/Misleading_3_smmI62JxUj.png.760x430_q100_crop.jpg,झापा–५ निर्वाचन क्षेत्रका बलेन शाह र सबिना काफ्लेबारे भ्रामक दाबी,1,Miscaptioned,"Balendra Shah, Sabina Kaphle, Jhapa-5",Politics,23/02/2026,ne,https://techpana.com/2026/155250/fact-check-balen-shah-sabina-kaphle-jhapa-5-misleading-claims,फ्याक्टचेक: झापा-५ मा सादा पोसाकका प्रहरीले बालेनका लागि भोट मागेको र निर्वाचन आयोगले स्पष्टीकरण सोधेको दाबी भ्रामक
TC_fact-check-balen-shah-sabina-kaphle-jhapa-5-misleading-claims,https://techpana.prixacdn.net/media/albums/Misleading_3_smmI62JxUj.png.760x430_q100_crop.jpg,झापा–५ मा बलेन शाह र सबिना काफ्लेबारे भ्रामक दाबी फैलियो ।,0,None,"Balendra Shah, Sabina Kaphle, Jhapa-5",Politics,23/02/2026,ne,https://techpana.com/2026/155250/fact-check-balen-shah-sabina-kaphle-jhapa-5-misleading-claims,फ्याक्टचेक: झापा-५ मा सादा पोसाकका प्रहरीले बालेनका लागि भोट मागेको र निर्वाचन आयोगले स्पष्टीकरण सोधेको दाबी भ्रामक
TC_factcheck-uml-money-distribution-shooting-claim-proven-wrong,https://techpana.prixacdn.net/media/albums/jhapa-false-techpana-factcheck_9Rx3TmBpKX.jpg.760x430_q100_crop.jpg,एमालेको पैसा बाँडफाँडका क्रममा गोली हानाहान भएको दाबी गलत साबित भयो,1,Fabricated,CPN-UML,Politics,25/02/2026,ne,https://techpana.com/2026/155334/factcheck-uml-money-distribution-shooting-claim-proven-wrong,"फ्याक्टचेक: झापामा एमालेले पैसा बाँड्दा गोली चलेको दाबी मिथ्या, भिडिओ ग्रीसको भएको पुष्टि"
TC_factcheck-uml-money-distribution-shooting-claim-proven-wrong,https://techpana.prixacdn.net/media/albums/jhapa-false-techpana-factcheck_9Rx3TmBpKX.jpg.760x430_q100_crop.jpg,एमालेको पैसा बाँडफाँडका क्रममा गोली हानाहान भएको दाबी गलत साबित भयो ।,0,None,CPN-UML,Politics,25/02/2026,ne,https://techpana.com/2026/155334/factcheck-uml-money-distribution-shooting-claim-proven-wrong,"फ्याक्टचेक: झापामा एमालेले पैसा बाँड्दा गोली चलेको दाबी मिथ्या, भिडिओ ग्रीसको भएको पुष्टि"
TC_fact-check-rsp-jhapa-president-joining-uml-fake-claim,https://techpana.prixacdn.net/media/albums/rsp-jhapa-president-misleading-post-techpana-news.jpg,रासपा झापा अध्यक्ष एमाले प्रवेश गरेको दाबी झुटो हो,1,Fabricated,"RSP, CPN-UML, Jhapa",Politics,26/02/2026,ne,https://techpana.com/2026/155262/fact-check-rsp-jhapa-president-joining-uml-fake-claim,फ्याक्टचेकः झापाका रास्वपा सभापति एमाले प्रवेश गरेको भन्दै फैलिएको दाबी भ्रामक
TC_fact-check-rsp-jhapa-president-joining-uml-fake-claim,https://techpana.prixacdn.net/media/albums/rsp-jhapa-president-misleading-post-techpana-news.jpg,रासपा झापा अध्यक्ष एमाले प्रवेश गरेको दाबी झुटो हो ।,0,None,"RSP, CPN-UML, Jhapa",Politics,26/02/2026,ne,https://techpana.com/2026/155262/fact-check-rsp-jhapa-president-joining-uml-fake-claim,फ्याक्टचेकः झापाका रास्वपा सभापति एमाले प्रवेश गरेको भन्दै फैलिएको दाबी भ्रामक
TC_fact-check-rpp-candidate-pushparaj-purush-spread-misinformation-while-blaming-balen-team,https://techpana.prixacdn.net/media/albums/Misleading_vvraUdxWyg.jpg.760x430_q100_crop.jpg,राप्रपाका उम्मेदवार पुष्पराज पुरुषले बलेनको टोलीलाई आरोप लगाउँदै गलत सूचना फैलाए,1,Fabricated,"Pushparaj Purush, RPP, Balendra Shah",Politics,28/02/2026,ne,https://techpana.com/2026/155160/fact-check-rpp-candidate-pushparaj-purush-spread-misinformation-while-blaming-balen-team,फ्याक्टचेक: बालेन टिमलाई दोष दिएका राप्रपाका उम्मेदवार पुष्पराज पुरुष आफैँले फैलाए भ्रम
TC_fact-check-rpp-candidate-pushparaj-purush-spread-misinformation-while-blaming-balen-team,https://techpana.prixacdn.net/media/albums/Misleading_vvraUdxWyg.jpg.760x430_q100_crop.jpg,राप्रपाका उम्मेदवार पुष्पराज पुरुषले बलेनको टोलीलाई आरोप लगाउँदै गलत सूचना फैलाए ।,0,None,"Pushparaj Purush, RPP, Balendra Shah",Politics,28/02/2026,ne,https://techpana.com/2026/155160/fact-check-rpp-candidate-pushparaj-purush-spread-misinformation-while-blaming-balen-team,फ्याक्टचेक: बालेन टिमलाई दोष दिएका राप्रपाका उम्मेदवार पुष्पराज पुरुष आफैँले फैलाए भ्रम
TC_fact-check-uml-cadres-assault-students-gokarneshwor-bell-taunt-video,https://techpana.prixacdn.net/media/albums/Verified_D1ilr30fx6.png.760x430_q100_crop.jpg,गोकर्णेश्वरमा एमाले कार्यकर्ताले विद्यार्थीमाथि कुटपिट गरेको भिडियो भ्रामक थियो,1,Miscaptioned,"CPN-UML, Gokarneshwor",Politics,05/03/2026,ne,https://techpana.com/2026/155461/fact-check-uml-cadres-assault-students-gokarneshwor-bell-taunt-video,फ्याक्टचेकः ‘घण्टी-घण्टी’ भन्दै जिस्काउने विद्यार्थीलाई एमाले कार्यकर्ताले कुटेको घटना गोकर्णेश्वरको
TC_fact-check-uml-cadres-assault-students-gokarneshwor-bell-taunt-video,https://techpana.prixacdn.net/media/albums/Verified_D1ilr30fx6.png.760x430_q100_crop.jpg,गोकर्णेश्वरमा एमाले कार्यकर्ताले विद्यार्थीमाथि कुटपिट गरेको भिडियो भ्रामक भएको छ ।,0,None,"CPN-UML, Gokarneshwor",Politics,05/03/2026,ne,https://techpana.com/2026/155461/fact-check-uml-cadres-assault-students-gokarneshwor-bell-taunt-video,फ्याक्टचेकः ‘घण्टी-घण्टी’ भन्दै जिस्काउने विद्यार्थीलाई एमाले कार्यकर्ताले कुटेको घटना गोकर्णेश्वरको
TC_fact-check-uml-leaders-slogan-first-parliament-burned-then-bullets-fired-video-real,https://techpana.prixacdn.net/media/albums/techpana-factcheck-uml_vSNgDSZPDT.png.760x430_q100_crop.jpg,एमाले नेताले संसद जलाउने र गोली चलाएको नारा लगाएको भिडियो वास्तविक र पुष्टि भएको छ,1,Fabricated,"CPN-UML, Nepal Parliament",Politics,05/03/2026,ne,https://techpana.com/2026/155467/fact-check-uml-leaders-slogan-first-parliament-burned-then-bullets-fired-video-real,"फ्याक्टचेकः ‘पहिले संसद जल्यो, त्यसपछि गोली चल्यो’ भन्ने नारा घोकाएको भन्दै भाइरल भिडिओ वास्तविक"
TC_fact-check-uml-leaders-slogan-first-parliament-burned-then-bullets-fired-video-real,https://techpana.prixacdn.net/media/albums/techpana-factcheck-uml_vSNgDSZPDT.png.760x430_q100_crop.jpg,"एमाले नेताको विवादास्पद नाराको भिडियो वास्तविक हो, मनगढन्ते होइन ।",0,None,"CPN-UML, Nepal Parliament",Politics,05/03/2026,ne,https://techpana.com/2026/155467/fact-check-uml-leaders-slogan-first-parliament-burned-then-bullets-fired-video-real,"फ्याक्टचेकः ‘पहिले संसद जल्यो, त्यसपछि गोली चल्यो’ भन्ने नारा घोकाएको भन्दै भाइरल भिडिओ वास्तविक"
TC_fact-check-viral-photo-of-hark-sampang-and-bishwo-limbu-drinking-alcohol-and-eating-sekuwa-is-ai-manipulated,https://techpana.prixacdn.net/media/albums/Misleading-bishwo-harka-drinking_QWrmnvAjKC.jpg.760x430_q100_crop.jpg,हर्क साम्पाङ र विश्व लिम्बुको रक्सी पिएर सेकुवा खाएको भाइरल फोटो एआईले चलाएको छ ।,1,Fabricated,"Harka Sampang, Bishwo Limbu",Politics,06/03/2026,ne,https://techpana.com/2026/155452/fact-check-viral-photo-of-hark-sampang-and-bishwo-limbu-drinking-alcohol-and-eating-sekuwa-is-ai-manipulated,फ्याक्टचेक: हर्क साम्पाङ र विश्व लिम्बुले रक्सी-सेकुवा खाए भन्दै भाइरल फोटो एआई म्यानिपुलेसन
TC_fact-check-viral-photo-of-hark-sampang-and-bishwo-limbu-drinking-alcohol-and-eating-sekuwa-is-ai-manipulated,https://techpana.prixacdn.net/media/albums/Misleading-bishwo-harka-drinking_QWrmnvAjKC.jpg.760x430_q100_crop.jpg,भाइरल तस्बिर एआईले हेरफेर गरिएको छ। मूल तस्बिरले उनीहरूलाई रक्सी पिउँदै गरेको देखाउँदैन।,0,None,"Harka Sampang, Bishwo Limbu",Politics,06/03/2026,ne,https://techpana.com/2026/155452/fact-check-viral-photo-of-hark-sampang-and-bishwo-limbu-drinking-alcohol-and-eating-sekuwa-is-ai-manipulated,फ्याक्टचेक: हर्क साम्पाङ र विश्व लिम्बुले रक्सी-सेकुवा खाए भन्दै भाइरल फोटो एआई म्यानिपुलेसन
TC_fact-check-seized-cash-in-jhapa-linked-to-scam-not-kp-oli,https://techpana.prixacdn.net/media/albums/kp-oli-spending-money-on-jhapa-5-misleading_nUW6nyGw7Q.jpg.760x430_q100_crop.jpg,झापामा बरामद भएको नगद केपी ओलीसँग नभई घोटालासँग जोडिएको छ,1,Miscaptioned,"KP Sharma Oli, Jhapa, CPN-UML",Politics,07/03/2026,ne,https://techpana.com/2026/155523/fact-check-seized-cash-in-jhapa-linked-to-scam-not-kp-oli,फ्याक्टचेक: केपी ओलीले झापामा मतदातालाई बाँड्न पैसा ल्याएको दाबीसहितको भिडिओ भ्रामक
TC_fact-check-seized-cash-in-jhapa-linked-to-scam-not-kp-oli,https://techpana.prixacdn.net/media/albums/kp-oli-spending-money-on-jhapa-5-misleading_nUW6nyGw7Q.jpg.760x430_q100_crop.jpg,झापामा बरामद भएको नगद केपी ओलीसँग नभई घोटालासँग जोडिएको छ ।,0,None,"KP Sharma Oli, Jhapa, CPN-UML",Politics,07/03/2026,ne,https://techpana.com/2026/155523/fact-check-seized-cash-in-jhapa-linked-to-scam-not-kp-oli,फ्याक्टचेक: केपी ओलीले झापामा मतदातालाई बाँड्न पैसा ल्याएको दाबीसहितको भिडिओ भ्रामक
TC_fact-check-okhaldhunga-ncp-joining-viral-photo-fake,https://techpana.prixacdn.net/media/albums/Misleading_FIRgxS7o9q.png.760x430_q100_crop.jpg,ओखलढुंगामा नेकपा प्रवेश गरेको भाइरल फोटो नक्कली,1,Fabricated,"NCP, Okhaldhunga",Politics,07/03/2026,ne,https://techpana.com/2026/155501/fact-check-okhaldhunga-ncp-joining-viral-photo-fake,"फ्याक्टचेक: ओखलढुङ्गामा एमाले, काङ्ग्रेस र रास्वपाका १२ सय कार्यकर्ता नेकपा प्रवेश गरेको दाबीसहित भाइरल तस्बिर भ्रामक"
TC_fact-check-okhaldhunga-ncp-joining-viral-photo-fake,https://techpana.prixacdn.net/media/albums/Misleading_FIRgxS7o9q.png.760x430_q100_crop.jpg,ओखलढुंगामा नेकपा प्रवेश गरेको भाइरल फोटो नक्कली,0,None,"NCP, Okhaldhunga",Politics,07/03/2026,ne,https://techpana.com/2026/155501/fact-check-okhaldhunga-ncp-joining-viral-photo-fake,"फ्याक्टचेक: ओखलढुङ्गामा एमाले, काङ्ग्रेस र रास्वपाका १२ सय कार्यकर्ता नेकपा प्रवेश गरेको दाबीसहित भाइरल तस्बिर भ्रामक"
TC_fact-check-edited-photo-falsely-claims-balen-ate-beef-and-alcohol-viral-kheer-image,https://techpana.prixacdn.net/media/albums/balen-shah-drinking-Misleading-techpana-news_WZKaP8KBep.jpg.760x430_q100_crop.jpg,खीरको तस्बिर प्रयोग गरेर सम्पादन गरिएको तस्बिरमा बलेनले गाईको मासु खाएको र रक्सी पिएको झुटो दाबी गरेको छ,1,Fabricated,Balendra Shah,Politics,08/03/2026,ne,https://techpana.com/2026/155450/fact-check-edited-photo-falsely-claims-balen-ate-beef-and-alcohol-viral-kheer-image,फ्याक्टचेकः बालेनले गोरुको मासुसँगै रक्सी खाए भन्दै खीर खाएको फोटो तोडमोड गरी भाइरल
TC_fact-check-edited-photo-falsely-claims-balen-ate-beef-and-alcohol-viral-kheer-image,https://techpana.prixacdn.net/media/albums/balen-shah-drinking-Misleading-techpana-news_WZKaP8KBep.jpg.760x430_q100_crop.jpg,खीरको तस्बिर प्रयोग गरेर सम्पादन गरिएको तस्बिरले बालेनले गाईको मासु र रक्सी खाएको झुटो दाबी गरेको छ। डिजिटल हेरफेर।,0,None,Balendra Shah,Politics,08/03/2026,ne,https://techpana.com/2026/155450/fact-check-edited-photo-falsely-claims-balen-ate-beef-and-alcohol-viral-kheer-image,फ्याक्टचेकः बालेनले गोरुको मासुसँगै रक्सी खाए भन्दै खीर खाएको फोटो तोडमोड गरी भाइरल
TC_fact-check-misleading-propaganda-claiming-kp-khanal-clashed-in-his-constituency-using-dhangadhi-rally-video,https://techpana.prixacdn.net/media/albums/Misleading-kp-khanal-jhadap-in_kailali2_aILFW3OAVB.jpg.760x430_q100_crop.jpg,धनगढी र्‍यालीको भिडियोलाई केपी खनालले आफ्नो निर्वाचन क्षेत्रमा भिड्ने भ्रामक प्रचारका रूपमा प्रयोग,1,Geographic_Mismatch,"KP Khanal, CPN-UML, Dhangadhi",Politics,08/03/2026,ne,https://techpana.com/2026/155464/fact-check-misleading-propaganda-claiming-kp-khanal-clashed-in-his-constituency-using-dhangadhi-rally-video,फ्याक्टचेक: धनगढी उद्घोष सभाको भिडिओ राखेर केपी खनाल आफ्नै कार्यकर्ताबाट कुटिएको भन्दै भ्रामक प्रचार
TC_fact-check-misleading-propaganda-claiming-kp-khanal-clashed-in-his-constituency-using-dhangadhi-rally-video,https://techpana.prixacdn.net/media/albums/Misleading-kp-khanal-jhadap-in_kailali2_aILFW3OAVB.jpg.760x430_q100_crop.jpg,केपी खनाल निर्वाचन क्षेत्रको भिडन्तलाई लिएर धनगढी र्‍यालीको भिडियोलाई भ्रामक प्रचारका रूपमा प्रयोग गरिएको छ ।,0,None,"KP Khanal, CPN-UML, Dhangadhi",Politics,08/03/2026,ne,https://techpana.com/2026/155464/fact-check-misleading-propaganda-claiming-kp-khanal-clashed-in-his-constituency-using-dhangadhi-rally-video,फ्याक्टचेक: धनगढी उद्घोष सभाको भिडिओ राखेर केपी खनाल आफ्नै कार्यकर्ताबाट कुटिएको भन्दै भ्रामक प्रचार
TC_fact-check-gagan-thapa-viral-video-tribal-insult-claim-misleading,https://techpana.prixacdn.net/media/albums/gagan-thapa-factcheck_KulWe1Zdwf.png.760x430_q100_crop.jpg,गगन थापाले आदिवासी समुदायको अपमान गरेको भाइरल भिडियो भ्रामक छ,1,Miscaptioned,"Gagan Thapa, Nepali Congress",Politics,09/03/2026,ne,https://techpana.com/2026/155473/fact-check-gagan-thapa-viral-video-tribal-insult-claim-misleading,फ्याक्टचेकः गगन थापाले ‘जनजातिको अपमान’ गरेको गलत अर्थ लाग्ने गरी भाइरल बनाइएको भिडिओ क्लिप भ्रामक
TC_fact-check-gagan-thapa-viral-video-tribal-insult-claim-misleading,https://techpana.prixacdn.net/media/albums/gagan-thapa-factcheck_KulWe1Zdwf.png.760x430_q100_crop.jpg,आदिवासी समुदायको बारेमा गगन थापाका शब्दहरू सन्दर्भबाट हटाइएको थियो।,0,None,"Gagan Thapa, Nepali Congress",Politics,09/03/2026,ne,https://techpana.com/2026/155473/fact-check-gagan-thapa-viral-video-tribal-insult-claim-misleading,फ्याक्टचेकः गगन थापाले ‘जनजातिको अपमान’ गरेको गलत अर्थ लाग्ने गरी भाइरल बनाइएको भिडिओ क्लिप भ्रामक
TC_fact-check-viral-video-of-kp-oli-crying-after-election-is-9-years-old,https://techpana.prixacdn.net/media/albums/fact-check-viral-video-of-kp-oli-crying-after-election-is-9-years-old_b8qIUMFJEn.jpg.760x430_q100_crop.jpg,चुनावपछि रोएको केपी ओलीको भाइरल भिडियो २०१७ देखि ९ वर्ष पुरानो हो,1,Temporal_Mismatch,"KP Sharma Oli, CPN-UML",Politics,10/03/2026,ne,https://techpana.com/2026/155639/fact-check-viral-video-of-kp-oli-crying-after-election-is-9-years-old,"फ्याक्टचेकः चुनाव हारेपछि केपी ओली आँखाभरी आँशु पार्दै मिडियामा आए भन्ने दाबी भ्रामक, भाइरल भिडिओ ९ वर्ष पुरानो"
TC_fact-check-viral-video-of-kp-oli-crying-after-election-is-9-years-old,https://techpana.prixacdn.net/media/albums/fact-check-viral-video-of-kp-oli-crying-after-election-is-9-years-old_b8qIUMFJEn.jpg.760x430_q100_crop.jpg,चुनावपछि रोएको केपी ओलीको भिडियो अहिलेको निर्वाचनको होइन ९ वर्ष पुरानो हो ।,0,None,"KP Sharma Oli, CPN-UML",Politics,10/03/2026,ne,https://techpana.com/2026/155639/fact-check-viral-video-of-kp-oli-crying-after-election-is-9-years-old,"फ्याक्टचेकः चुनाव हारेपछि केपी ओली आँखाभरी आँशु पार्दै मिडियामा आए भन्ने दाबी भ्रामक, भाइरल भिडिओ ९ वर्ष पुरानो"
TC_viral-video-claiming-kp-oli-predicted-7-seats-for-rsp-misleading,https://techpana.prixacdn.net/media/albums/kp-oli-rsp-seat-prediction-Misleading-claims-and-video-techpana-factcheck-finale_IJ8jUmzqlE.jpg.760x430_q100_crop.jpg,केपी ओलीले राप्रपालाई ७ सिटको भविष्यवाणी गरेको भाइरल भिडियो भ्रामक भएको छ,1,Miscaptioned,"KP Sharma Oli, CPN-UML, RSP",Politics,10/03/2026,ne,https://techpana.com/2026/155643/viral-video-claiming-kp-oli-predicted-7-seats-for-rsp-misleading,"फ्याक्टचेक: रास्वपाले ७ सिट मात्र जित्ने ओलीको ‘भविष्यवाणी’ भनिएको भिडिओ भ्रामक, तीन वर्षअघि माओवादीबारे गरेका थिए टिप्पणी"
TC_viral-video-claiming-kp-oli-predicted-7-seats-for-rsp-misleading,https://techpana.prixacdn.net/media/albums/kp-oli-rsp-seat-prediction-Misleading-claims-and-video-techpana-factcheck-finale_IJ8jUmzqlE.jpg.760x430_q100_crop.jpg,केपी ओलीले राप्रपालाई ७ सिटको भविष्यवाणी गरेको भाइरल भिडियो भ्रामक भएको छ ।,0,None,"KP Sharma Oli, CPN-UML, RSP",Politics,10/03/2026,ne,https://techpana.com/2026/155643/viral-video-claiming-kp-oli-predicted-7-seats-for-rsp-misleading,"फ्याक्टचेक: रास्वपाले ७ सिट मात्र जित्ने ओलीको ‘भविष्यवाणी’ भनिएको भिडिओ भ्रामक, तीन वर्षअघि माओवादीबारे गरेका थिए टिप्पणी"
TC_fact-check-ai-photo-viral-claiming-ballot-box-damage-udayapur,https://techpana.prixacdn.net/media/albums/voting-poll-misleading-techpana-news_UOGSwxfB97.jpg.760x430_q100_crop.jpg,उदयपुरमा मतपेटिका बिग्रिएको दाबी गर्दै एआई फोटो भाइरल,1,Fabricated,"Udayapur, Nepal Election Commission",Politics,12/03/2026,ne,https://techpana.com/2026/155605/fact-check-ai-photo-viral-claiming-ballot-box-damage-udayapur,फ्याक्टचेकः उदयपुरमा प्रहरीको हतियार पड्केर मतपेटिकामा क्षति पुगेको भन्दै एआई फोटो भाइरल
TC_fact-check-ai-photo-viral-claiming-ballot-box-damage-udayapur,https://techpana.prixacdn.net/media/albums/voting-poll-misleading-techpana-news_UOGSwxfB97.jpg.760x430_q100_crop.jpg,उदयपुरमा मतपेटिका क्षतिग्रस्त भएको दाबी गर्ने तस्बिर एआईबाट उत्पन्न भएको भाइरल भएको छ ।,0,None,"Udayapur, Nepal Election Commission",Politics,12/03/2026,ne,https://techpana.com/2026/155605/fact-check-ai-photo-viral-claiming-ballot-box-damage-udayapur,फ्याक्टचेकः उदयपुरमा प्रहरीको हतियार पड्केर मतपेटिकामा क्षति पुगेको भन्दै एआई फोटो भाइरल
TC_factcheck-rabi-balen-joint-letter-to-modi-before-election-fake,https://techpana.prixacdn.net/media/albums/techpana-factcheck-rabi-balen-india-modi-nepal-press_5ZlcCMkTwp.jpg.760x430_q100_crop.jpg,चुनावअघि रवि र बलेनले मोदीलाई दिएको संयुक्त पत्र नक्कली,1,Fabricated,"Rabi Lamichhane, Balendra Shah, Narendra Modi, India",Politics,07/03/2026,ne,https://techpana.com/2026/155527/factcheck-rabi-balen-joint-letter-to-modi-before-election-fake,फ्याक्टचेकः चुनावअघि रवि-बालेनको संयुक्त हस्ताक्षरमा मोदीलाई लेखिएको भन्दै सार्वजनिक पत्र फेक
TC_factcheck-rabi-balen-joint-letter-to-modi-before-election-fake,https://techpana.prixacdn.net/media/albums/techpana-factcheck-rabi-balen-india-modi-nepal-press_5ZlcCMkTwp.jpg.760x430_q100_crop.jpg,चुनावअघि रवि र बलेनले मोदीलाई दिएको संयुक्त पत्र नक्कली,0,None,"Rabi Lamichhane, Balendra Shah, Narendra Modi, India",Politics,07/03/2026,ne,https://techpana.com/2026/155527/factcheck-rabi-balen-joint-letter-to-modi-before-election-fake,फ्याक्टचेकः चुनावअघि रवि-बालेनको संयुक्त हस्ताक्षरमा मोदीलाई लेखिएको भन्दै सार्वजनिक पत्र फेक
TC_hari-dhakal-balen-prime-minister-viral-video-fact-check,https://techpana.prixacdn.net/media/albums/Misleading-hari-dhaka-rejecting-balen-claim-techpana-factcheck_6TnURkNvjZ.jpg.760x430_q100_crop.jpg,हरि ढकालले बलेनलाई प्रधानमन्त्री बनाउने भनी भाइरल गरेको भिडियो भ्रामक छ,1,Miscaptioned,"Hari Dhakal, Balendra Shah",Politics,13/03/2026,ne,https://techpana.com/2026/155673/hari-dhakal-balen-prime-minister-viral-video-fact-check,फ्याक्टचेक: बालेनलाई प्रम स्वीकार्न हरि ढकालले आनाकानी गरे भन्दै रास्वपा र बालेनको एकता हुनुअघिको भिडिओ भाइरल
TC_hari-dhakal-balen-prime-minister-viral-video-fact-check,https://techpana.prixacdn.net/media/albums/Misleading-hari-dhaka-rejecting-balen-claim-techpana-factcheck_6TnURkNvjZ.jpg.760x430_q100_crop.jpg,हरि ढकालले बलेन प्रधानमन्त्री हुने भनी भाइरल गरेको भिडियो भ्रामक छ ।,0,None,"Hari Dhakal, Balendra Shah",Politics,13/03/2026,ne,https://techpana.com/2026/155673/hari-dhakal-balen-prime-minister-viral-video-fact-check,फ्याक्टचेक: बालेनलाई प्रम स्वीकार्न हरि ढकालले आनाकानी गरे भन्दै रास्वपा र बालेनको एकता हुनुअघिको भिडिओ भाइरल
TC_misleading-video-binita-kathayat-jumla-election,https://techpana.prixacdn.net/media/albums/binita-kathayat-cried-after-loosing-election-Misleading-claim-techpana-factcheck_r1YKy4mmKI.jpg.760x430_q100_crop.jpg,जुम्ला निर्वाचन सन्दर्भमा बिनिता कठायतको बारेमा भ्रामक भिडियो प्रयोग गरिएको थियो,1,Miscaptioned,"Binita Kathayat, Jumla",Politics,10/03/2026,ne,https://techpana.com/2026/155636/misleading-video-binita-kathayat-jumla-election,"चुनाव हारेर होइन, फिल्म हेरेर रोएकी थिइन् रास्वपा नेतृ विनिता कठायत, जनआस्था लगायतले फैलाए भ्रम"
TC_misleading-video-binita-kathayat-jumla-election,https://techpana.prixacdn.net/media/albums/binita-kathayat-cried-after-loosing-election-Misleading-claim-techpana-factcheck_r1YKy4mmKI.jpg.760x430_q100_crop.jpg,जुम्ला निर्वाचन सन्दर्भमा बिनिता कठायतको बारेमा भ्रामक भिडियो प्रयोग गरिएको थियो।,0,None,"Binita Kathayat, Jumla",Politics,10/03/2026,ne,https://techpana.com/2026/155636/misleading-video-binita-kathayat-jumla-election,"चुनाव हारेर होइन, फिल्म हेरेर रोएकी थिइन् रास्वपा नेतृ विनिता कठायत, जनआस्था लगायतले फैलाए भ्रम"
TC_fact-check-devraj-ghimire-decisive-vote-in-favor-of-treaty-within-cpn-uml-not-mahakali-treaty,https://techpana.prixacdn.net/media/albums/devraj-ghimire-mahakali-treaty-techpana_3mDL2Xe1JS.jpg.760x430_q100_crop.jpg,देवराज घिमिरे निर्णायक मत नेकपा एमाले पार्टीभित्रको कुरा महाकाली सन्धि होइन,1,Miscaptioned,"Devraj Ghimire, CPN-UML, Mahakali Treaty",Politics,10/03/2026,ne,https://techpana.com/2026/155545/fact-check-devraj-ghimire-decisive-vote-in-favor-of-treaty-within-cpn-uml-not-mahakali-treaty,फ्याक्टचेकः देवराज घिमिरेले महाकाली सन्धिमा नभई एमालेभित्र सन्धिको पक्षमा गरेका थिए निर्णायक मतदान
TC_fact-check-devraj-ghimire-decisive-vote-in-favor-of-treaty-within-cpn-uml-not-mahakali-treaty,https://techpana.prixacdn.net/media/albums/devraj-ghimire-mahakali-treaty-techpana_3mDL2Xe1JS.jpg.760x430_q100_crop.jpg,"भोट नेकपा-एमाले पार्टीभित्रको कुरा हो, महाकाली सन्धि नभएको दाबी गरिएको छ ।",0,None,"Devraj Ghimire, CPN-UML, Mahakali Treaty",Politics,10/03/2026,ne,https://techpana.com/2026/155545/fact-check-devraj-ghimire-decisive-vote-in-favor-of-treaty-within-cpn-uml-not-mahakali-treaty,फ्याक्टचेकः देवराज घिमिरेले महाकाली सन्धिमा नभई एमालेभित्र सन्धिको पक्षमा गरेका थिए निर्णायक मतदान
TC_factcheck-international-observers-vehicle-misrepresented-as-us-booth-capture,https://techpana.prixacdn.net/media/albums/factcheck-us-booth-capture_cHIypE0Ztw.jpg.760x430_q100_crop.jpg,अन्तर्राष्ट्रिय निर्वाचन पर्यवेक्षकको गाडीलाई अमेरिकाले मतदान केन्द्र क्याप्चर गर्ने भनी गलत चित्रण गरेको छ,1,Identity_Mismatch,"USA, Nepal Election Commission",Politics,12/03/2026,ne,https://techpana.com/2026/155604/factcheck-international-observers-vehicle-misrepresented-as-us-booth-capture,फ्याक्टचेकः अन्तर्राष्ट्रिय पर्यवेक्षकको गाडीलाई अमेरिकन बुथ कब्जा गर्न आएको भन्दै फलाइयो त्रास
TC_factcheck-international-observers-vehicle-misrepresented-as-us-booth-capture,https://techpana.prixacdn.net/media/albums/factcheck-us-booth-capture_cHIypE0Ztw.jpg.760x430_q100_crop.jpg,अन्तर्राष्ट्रिय चुनाव पर्यवेक्षकको गाडीलाई अमेरिकी बुथ क्याप्चरको रूपमा गलत रूपमा प्रस्तुत गरिएको थियो।,0,None,"USA, Nepal Election Commission",Politics,12/03/2026,ne,https://techpana.com/2026/155604/factcheck-international-observers-vehicle-misrepresented-as-us-booth-capture,फ्याक्टचेकः अन्तर्राष्ट्रिय पर्यवेक्षकको गाडीलाई अमेरिकन बुथ कब्जा गर्न आएको भन्दै फलाइयो त्रास
TC_fact-check-edited-misleading-photo-claiming-balen-wore-islamic-cap-at-ramadan-iftar-viral,https://techpana.prixacdn.net/media/albums/Balen-wore-Kufia-Misleading-claim-techpana-factcheck_T6CsuNEgB3.jpg.760x430_q100_crop.jpg,रमजान इफ्तारमा इस्लामिक टोपी लगाएको बालेनको फोटो सम्पादन र भ्रामक छ,1,Fabricated,Balendra Shah,Politics,12/03/2026,ne,https://techpana.com/2026/155544/fact-check-edited-misleading-photo-claiming-balen-wore-islamic-cap-at-ramadan-iftar-viral,फ्याक्टचेक: रमजानको इफ्तारमा बालेनले इस्लामी टोपी लगाएको दाबी सहित एडिट गरिएको भ्रामक फोटो भाइरल
TC_fact-check-edited-misleading-photo-claiming-balen-wore-islamic-cap-at-ramadan-iftar-viral,https://techpana.prixacdn.net/media/albums/Balen-wore-Kufia-Misleading-claim-techpana-factcheck_T6CsuNEgB3.jpg.760x430_q100_crop.jpg,इफ्तारमा इस्लामिक टोपी लगाएको बालेनको फोटो सम्पादन र भ्रामक छ।,0,None,Balendra Shah,Politics,12/03/2026,ne,https://techpana.com/2026/155544/fact-check-edited-misleading-photo-claiming-balen-wore-islamic-cap-at-ramadan-iftar-viral,फ्याक्टचेक: रमजानको इफ्तारमा बालेनले इस्लामी टोपी लगाएको दाबी सहित एडिट गरिएको भ्रामक फोटो भाइरल
TC_fact-check-pm-modi-nepal-akhand-bharat-deepfake-video,https://techpana.prixacdn.net/media/albums/False_HoemJ9AkOe.png.760x430_q100_crop.jpg,नेपाल अखण्ड भारतको हिस्सा भएको दाबी गर्ने प्रधानमन्त्री मोदीको भिडियो डिपफेक हो,1,Fabricated,"Narendra Modi, India, Nepal, Akhand Bharat",Politics,13/03/2026,ne,https://techpana.com/2026/155688/fact-check-pm-modi-nepal-akhand-bharat-deepfake-video,फ्याक्टचेकः मोदीले नेपाललाई गाभेर अखण्ड भारत बनाउन चाहेको भन्दै भाइरल भएको भिडिओ डिपफेक
TC_fact-check-pm-modi-nepal-akhand-bharat-deepfake-video,https://techpana.prixacdn.net/media/albums/False_HoemJ9AkOe.png.760x430_q100_crop.jpg,नेपाल अखण्ड भारतको हिस्सा भएको दाबी गर्ने प्रधानमन्त्री मोदीको भिडियो डिपफेक हो ।,0,None,"Narendra Modi, India, Nepal, Akhand Bharat",Politics,13/03/2026,ne,https://techpana.com/2026/155688/fact-check-pm-modi-nepal-akhand-bharat-deepfake-video,फ्याक्टचेकः मोदीले नेपाललाई गाभेर अखण्ड भारत बनाउन चाहेको भन्दै भाइरल भएको भिडिओ डिपफेक
TC_fact-check-viral-video-claiming-uml-candidate-distributed-cash-is-three-years-old,https://techpana.prixacdn.net/media/albums/techpana-factcheck_2_0gpikksUEZ.png.760x430_q100_crop.jpg,एमाले उम्मेदवारले तीन वर्ष पुरानो नगद वितरण गरेको भिडियो भाइरल भएको छ,1,Temporal_Mismatch,CPN-UML,Politics,07/03/2026,ne,https://techpana.com/2026/155525/fact-check-viral-video-claiming-uml-candidate-distributed-cash-is-three-years-old,फ्याक्टचेकः गत चुनावमा एमाले उम्मेदवारले पैसा बाँडेको भन्दै भाइरल भिडिओ तीन वर्ष पुरानो
TC_fact-check-viral-video-claiming-uml-candidate-distributed-cash-is-three-years-old,https://techpana.prixacdn.net/media/albums/techpana-factcheck_2_0gpikksUEZ.png.760x430_q100_crop.jpg,एमाले उम्मेदवारले तीन वर्ष पुरानो नगद वितरण गरेको दाबी गरेको भिडियो अहिलेको होइन ।,0,None,CPN-UML,Politics,07/03/2026,ne,https://techpana.com/2026/155525/fact-check-viral-video-claiming-uml-candidate-distributed-cash-is-three-years-old,फ्याक्टचेकः गत चुनावमा एमाले उम्मेदवारले पैसा बाँडेको भन्दै भाइरल भिडिओ तीन वर्ष पुरानो
TC_fact-check-khagendra-sunar-teacher-remark-video-misleading,https://techpana.prixacdn.net/media/albums/Misleading_12_sstnmKtbSF.png.760x430_q100_crop.jpg,खगेन्द्र सुनारले शिक्षकको भनाइलाई प्रसंग बाहिर निकालेर भ्रामक भिडियो निकालेका छन्,1,Miscaptioned,Khagendra Sunar,Politics,11/03/2026,ne,https://techpana.com/2026/155686/fact-check-khagendra-sunar-teacher-remark-video-misleading,"फ्याक्टचेकः जातीय विभेदको घटनामा ९ महिनाअघि बोलेको क्लिप भाइरल, सांसद बनेपछिको भन्दै फैलियो भ्रम"
TC_fact-check-khagendra-sunar-teacher-remark-video-misleading,https://techpana.prixacdn.net/media/albums/Misleading_12_sstnmKtbSF.png.760x430_q100_crop.jpg,खगेन्द्र सुनारले शिक्षकबारे गरेको टिप्पणीलाई प्रसंगभन्दा बाहिर निकालिएको छ ।,0,None,Khagendra Sunar,Politics,11/03/2026,ne,https://techpana.com/2026/155686/fact-check-khagendra-sunar-teacher-remark-video-misleading,"फ्याक्टचेकः जातीय विभेदको घटनामा ९ महिनाअघि बोलेको क्लिप भाइरल, सांसद बनेपछिको भन्दै फैलियो भ्रम"
TC_fact-check-swarnim-wagle-did-not-say-300-percent-vehicle-tax-will-be-removed,https://techpana.prixacdn.net/media/albums/swarnim-wagle-factcheck-claim-tax-_hTY4qEqPgJ_iIZgkHjmM8.jpg.760x430_q100_crop.jpg,स्वर्णिम वाग्लेले ३०० प्रतिशत सवारी कर हटाइने बताएको दाबी झुटो हो,1,Fabricated,"Swarnim Wagle, RSP",Politics,11/03/2026,ne,https://techpana.com/2026/155647/fact-check-swarnim-wagle-did-not-say-300-percent-vehicle-tax-will-be-removed,"फ्याक्टचेकः नझुक्किनुस्, स्वर्णिम वाग्लेले सवारी खरिदमा लाग्ने ३००% कर हटाउने भनेका छैनन्"
TC_fact-check-swarnim-wagle-did-not-say-300-percent-vehicle-tax-will-be-removed,https://techpana.prixacdn.net/media/albums/swarnim-wagle-factcheck-claim-tax-_hTY4qEqPgJ_iIZgkHjmM8.jpg.760x430_q100_crop.jpg,स्वर्णिम वाग्लेले त्यस्तो कुनै अभिव्यक्ति दिएनन् । दाबी गलत छ।,0,None,"Swarnim Wagle, RSP",Politics,11/03/2026,ne,https://techpana.com/2026/155647/fact-check-swarnim-wagle-did-not-say-300-percent-vehicle-tax-will-be-removed,"फ्याक्टचेकः नझुक्किनुस्, स्वर्णिम वाग्लेले सवारी खरिदमा लाग्ने ३००% कर हटाउने भनेका छैनन्"
TC_fact-check-prithvi-subba-gurung-protest-warning-claim-misleading,https://techpana.prixacdn.net/media/albums/ps-gurung-factcheck-uml-techpana-rsp_l8bVjl3xng.jpg.760x430_q100_crop.jpg,पृथ्वीसुब्बा गुरुङले आन्दोलनका बारेमा दिएको चेतावनीलाई भ्रामक रूपमा सन्दर्भबद्ध गरिएको छ,1,Miscaptioned,Prithvi Subba Gurung,Politics,12/03/2026,ne,https://techpana.com/2026/155706/fact-check-prithvi-subba-gurung-protest-warning-claim-misleading,फ्याक्टचेक: पृथ्वीसुब्बा गुरुङले एमालेलाई नसोधी रास्वपा सरकारले कुनैपनि निर्णय लिए आन्दोलनमा जाने भनेका छैनन्
TC_fact-check-prithvi-subba-gurung-protest-warning-claim-misleading,https://techpana.prixacdn.net/media/albums/ps-gurung-factcheck-uml-techpana-rsp_l8bVjl3xng.jpg.760x430_q100_crop.jpg,पृथ्वीसुब्बा गुरुङले आन्दोलनका बारेमा दिएको चेतावनीलाई भ्रामक रूपमा सन्दर्भबद्ध गरिएको छ ।,0,None,Prithvi Subba Gurung,Politics,12/03/2026,ne,https://techpana.com/2026/155706/fact-check-prithvi-subba-gurung-protest-warning-claim-misleading,फ्याक्टचेक: पृथ्वीसुब्बा गुरुङले एमालेलाई नसोधी रास्वपा सरकारले कुनैपनि निर्णय लिए आन्दोलनमा जाने भनेका छैनन्
TC_factcheck-okhaldhunga-shooting-video-from-military-drill-a-month-old,https://techpana.prixacdn.net/media/albums/okhaldhunga-goli-fake_5UZNaN8OUJ.jpg.760x430_q100_crop.jpg,ओखलढुंगा सुटिङको भिडियो सैन्य अभ्यासको हो र एक महिना पुरानो हो भर्खरको होइन,1,Temporal_Mismatch,"Okhaldhunga, Nepal Army",Politics,12/03/2026,ne,https://techpana.com/2026/155599/factcheck-okhaldhunga-shooting-video-from-military-drill-a-month-old,"फ्याक्टचेकः नआत्तिनुहोस्, ओखलढुङ्गामा गोली चलेको छैन, भिडिओ एक महिना अघि अभ्यासका क्रममा खिचिएको हो"
TC_factcheck-okhaldhunga-shooting-video-from-military-drill-a-month-old,https://techpana.prixacdn.net/media/albums/okhaldhunga-goli-fake_5UZNaN8OUJ.jpg.760x430_q100_crop.jpg,सुटिङको भिडियो सैन्य अभ्यासको हो र हालैको घटना होइन एक महिना पुरानो हो।,0,None,"Okhaldhunga, Nepal Army",Politics,12/03/2026,ne,https://techpana.com/2026/155599/factcheck-okhaldhunga-shooting-video-from-military-drill-a-month-old,"फ्याक्टचेकः नआत्तिनुहोस्, ओखलढुङ्गामा गोली चलेको छैन, भिडिओ एक महिना अघि अभ्यासका क्रममा खिचिएको हो"
TC_durga-regmi-death-morang-fact-check,https://techpana.prixacdn.net/media/albums/durga-regmi-death-misleading-information-techpana-factcheck-desk_p9pPZ1AUnX.jpg.760x430_q100_crop.jpg,मोरङमा दुर्गा रेग्मीको मृत्यु भएको दाबी भ्रामक,1,Miscaptioned,"Durga Regmi, Morang",Politics,14/03/2026,ne,https://techpana.com/2026/155611/durga-regmi-death-morang-fact-check,फ्याक्टचेक: मोरङका रास्वपा नेता दुर्गा रेग्मीको मतगणना स्थलमै मृत्यु भएको दाबी भ्रामक
TC_durga-regmi-death-morang-fact-check,https://techpana.prixacdn.net/media/albums/durga-regmi-death-misleading-information-techpana-factcheck-desk_p9pPZ1AUnX.jpg.760x430_q100_crop.jpg,मोरङमा दुर्गा रेग्मीको मृत्यु भएको दाबी भ्रामक,0,None,"Durga Regmi, Morang",Politics,14/03/2026,ne,https://techpana.com/2026/155611/durga-regmi-death-morang-fact-check,फ्याक्टचेक: मोरङका रास्वपा नेता दुर्गा रेग्मीको मतगणना स्थलमै मृत्यु भएको दाबी भ्रामक
NC_old-photos-videos-falsely-shared-nepal-plane-crash,https://nepalcheck.org/wp-content/uploads/2024/07/sourya-airlines-false-photo-yeti-air-crash-pokhara_-x-x.com_-1.png,"Photos and videos show the Saurya Airlines plane crash on July 24, 2024 in Kathmandu",1,Temporal_Mismatch,"Saurya Airlines, Kathmandu, TIA, Yeti Airlines, US-Bangla","Aviation, Disaster",25/07/2024,en,https://nepalcheck.org/2024/07/25/old-photos-and-videos-falsely-shared-following-deadly-nepal-plane-crash/,Old Photos and Videos Falsely Shared Following Deadly Nepal Plane Crash
NC_old-photos-videos-falsely-shared-nepal-plane-crash,https://nepalcheck.org/wp-content/uploads/2024/07/sourya-airlines-false-photo-yeti-air-crash-pokhara_-x-x.com_-1.png,"The photos and videos were from the 2018 US-Bangla Airlines crash and 2023 Yeti Airlines crash, not the Saurya Airlines crash.",0,None,"Saurya Airlines, Kathmandu, TIA, Yeti Airlines, US-Bangla","Aviation, Disaster",25/07/2024,en,https://nepalcheck.org/2024/07/25/old-photos-and-videos-falsely-shared-following-deadly-nepal-plane-crash/,Old Photos and Videos Falsely Shared Following Deadly Nepal Plane Crash
NC_viral-tiktok-deputy-mayor-lamichhane,https://nepalcheck.org/wp-content/uploads/2024/05/sunita-dangol-deputy-mayor-kathmandu-rabi-lamichhane-1.jpg,A TikTok video shows Kathmandu deputy mayor Sunita Dangol endorsing Rabi Lamichhane,1,Miscaptioned,"Sunita Dangol, Rabi Lamichhane, Kathmandu, RSP",Politics,01/05/2024,en,https://nepalcheck.org/2024/05/01/viral-tiktok-post-claiming-deputy-mayors-support-for-lamichhane-is-misleading/,TikTok Post Claiming Deputy Mayor's Support for Lamichhane Is Misleading
NC_viral-tiktok-deputy-mayor-lamichhane,https://nepalcheck.org/wp-content/uploads/2024/05/sunita-dangol-deputy-mayor-kathmandu-rabi-lamichhane-1.jpg,"Dangol's speech was actually about road safety, not support for Lamichhane. The TikTok post misrepresented her speech.",0,None,"Sunita Dangol, Rabi Lamichhane, Kathmandu, RSP",Politics,01/05/2024,en,https://nepalcheck.org/2024/05/01/viral-tiktok-post-claiming-deputy-mayors-support-for-lamichhane-is-misleading/,TikTok Post Claiming Deputy Mayor's Support for Lamichhane Is Misleading
NC_tiktok-falsely-claim-arrest-arzu-rana-deuba,https://nepalcheck.org/wp-content/uploads/2024/04/arzu-rana-arrest-india-tiktok-rabi-lamichhane.jpg,Nepali lawmaker Arzu Rana Deuba was arrested in New Delhi over a refugee scam and fled to Singapore,1,Fabricated,"Arzu Rana Deuba, India, New Delhi, RSP, Rabi Lamichhane","Politics, Legal",08/04/2024,en,https://nepalcheck.org/2024/04/08/tiktok-posts-falsely-claim-arrest-of-arzu-rana-deuba-in-india/,TikTok posts falsely claim arrest of Arzu Rana Deuba in India
NC_tiktok-falsely-claim-arrest-arzu-rana-deuba,https://nepalcheck.org/wp-content/uploads/2024/04/arzu-rana-arrest-india-tiktok-rabi-lamichhane.jpg,Deuba was not arrested. She was hospitalized in Delhi for surgery and refuted the claims.,0,None,"Arzu Rana Deuba, India, New Delhi, RSP, Rabi Lamichhane","Politics, Legal",08/04/2024,en,https://nepalcheck.org/2024/04/08/tiktok-posts-falsely-claim-arrest-of-arzu-rana-deuba-in-india/,TikTok posts falsely claim arrest of Arzu Rana Deuba in India
NC_toshima-karki-protest-photo-doctored,https://nepalcheck.org/wp-content/uploads/2024/02/toshima-karki-protest-tiktok-digitally-altered-photo.jpg,RSP lawmaker Toshima Karki is protesting against her party chair Rabi Lamichhane over cooperative wrongdoing,1,Fabricated,"Toshima Karki, Rabi Lamichhane, RSP, Balkumari, Lalitpur",Politics,02/02/2024,en,https://nepalcheck.org/2024/02/02/fact-check-toshima-karkis-protest-photo-doctored-to-spread-falsehoods/,Fact Check: Toshima Karki's Protest Photo Doctored to Spread Falsehoods
NC_toshima-karki-protest-photo-doctored,https://nepalcheck.org/wp-content/uploads/2024/02/toshima-karki-protest-tiktok-digitally-altered-photo.jpg,"Karki's original placard demanded accountability for police killing of two young men, not for issues related to a cooperative. The photo was digitally altered.",0,None,"Toshima Karki, Rabi Lamichhane, RSP, Balkumari, Lalitpur",Politics,02/02/2024,en,https://nepalcheck.org/2024/02/02/fact-check-toshima-karkis-protest-photo-doctored-to-spread-falsehoods/,Fact Check: Toshima Karki's Protest Photo Doctored to Spread Falsehoods
NC_viral-video-nepal-procession-ram-temple-india,https://nepalcheck.org/wp-content/uploads/2024/01/screenshot-of-video-claiming-to-show-wedding-procession-from-nepal-to-ram-temple-in-ayodhya-2024-01-16.png,A video shows a wedding procession from Nepal's Sita's maternal home to Ayodhya's Ram Temple,1,Geographic_Mismatch,"Janakpur, Ayodhya, Ram Temple, India, Nepal","Religion, Society",21/01/2024,en,https://nepalcheck.org/2024/01/21/viral-video-claiming-to-show-nepal-procession-for-ram-temple-in-india-is-misleading/,Viral Video Claiming to Show Nepal Procession for Ram Temple in India is Misleading
NC_viral-video-nepal-procession-ram-temple-india,https://nepalcheck.org/wp-content/uploads/2024/01/screenshot-of-video-claiming-to-show-wedding-procession-from-nepal-to-ram-temple-in-ayodhya-2024-01-16.png,"The video is from a July 2023 ceremony in Greater Noida, India, not Nepal.",0,None,"Janakpur, Ayodhya, Ram Temple, India, Nepal","Religion, Society",21/01/2024,en,https://nepalcheck.org/2024/01/21/viral-video-claiming-to-show-nepal-procession-for-ram-temple-in-india-is-misleading/,Viral Video Claiming to Show Nepal Procession for Ram Temple in India is Misleading
NC_tiktok-japanese-landslide-sikkim-floods,https://nepalcheck.org/wp-content/uploads/2023/12/japan-landlside-video-shared-as-sikkim-floods-tiktok.jpg,A TikTok video shows the Sikkim flash floods,1,Geographic_Mismatch,"Sikkim, Japan, Landslide, Flood",Disaster,31/12/2023,en,https://nepalcheck.org/2023/12/31/tiktok-user-falsely-attributes-2021-japanese-landslide-video-to-sikkim-flash-floods/,TikTok User Falsely Attributes 2021 Japanese Landslide Video to Sikkim Flash Floods
NC_tiktok-japanese-landslide-sikkim-floods,https://nepalcheck.org/wp-content/uploads/2023/12/japan-landlside-video-shared-as-sikkim-floods-tiktok.jpg,"The video is from a 2021 Japanese landslide, not the Sikkim flash floods.",0,None,"Sikkim, Japan, Landslide, Flood",Disaster,31/12/2023,en,https://nepalcheck.org/2023/12/31/tiktok-user-falsely-attributes-2021-japanese-landslide-video-to-sikkim-flash-floods/,TikTok User Falsely Attributes 2021 Japanese Landslide Video to Sikkim Flash Floods
NC_video-nagdhunga-tunnel-saudi-arabia,https://nepalcheck.org/wp-content/uploads/2023/10/saudi-tunnel-featured-image-nepal-check.png,A TikTok video claims to feature the Nagdhunga tunnel in Nepal,1,Geographic_Mismatch,"Nagdhunga, Kathmandu, Saudi Arabia, Al Baha",Infrastructure,07/10/2023,en,https://nepalcheck.org/2023/10/07/video-claiming-to-show-nepals-nagdhunga-tunnel-is-from-saudi-arabia/,Video Claiming To Show Nepal's Nagdhunga Tunnel Is From Saudi Arabia
NC_video-nagdhunga-tunnel-saudi-arabia,https://nepalcheck.org/wp-content/uploads/2023/10/saudi-tunnel-featured-image-nepal-check.png,"The footage is of a tunnel on the Al Baha road in Saudi Arabia, not the Nagdhunga tunnel in Nepal.",0,None,"Nagdhunga, Kathmandu, Saudi Arabia, Al Baha",Infrastructure,07/10/2023,en,https://nepalcheck.org/2023/10/07/video-claiming-to-show-nepals-nagdhunga-tunnel-is-from-saudi-arabia/,Video Claiming To Show Nepal's Nagdhunga Tunnel Is From Saudi Arabia
NC_facebook-gagan-thapa-freebies,https://nepalcheck.org/wp-content/uploads/2022/09/gagan-thapa-video-on-sudur-paschim-nepal-facebook-group.jpg,"Gagan Thapa promised to give everyone over 60 Rs 30,000 per month and free smartphones to all over 18 if elected prime minister",1,Temporal_Mismatch,"Gagan Thapa, Nepali Congress, Pokhara, Madi Rural Municipality",Politics,18/09/2022,en,https://nepalcheck.org/2022/09/18/facebook-post-claiming-gagan-thapa-promised-freebies-if-elected-is-misleading/,Facebook post claiming Gagan Thapa promised freebies if elected is misleading
NC_facebook-gagan-thapa-freebies,https://nepalcheck.org/wp-content/uploads/2022/09/gagan-thapa-video-on-sudur-paschim-nepal-facebook-group.jpg,"A six-month-old speech was shared without context. Thapa was actually discussing that governments cannot give away money they do not earn, criticizing populist promises. The viral clip was misleadingly trimmed.",0,None,"Gagan Thapa, Nepali Congress, Pokhara, Madi Rural Municipality",Politics,18/09/2022,en,https://nepalcheck.org/2022/09/18/facebook-post-claiming-gagan-thapa-promised-freebies-if-elected-is-misleading/,Facebook post claiming Gagan Thapa promised freebies if elected is misleading
NFC_nayapatrika-misleading-claim-see-result,https://nepalfactcheck.org/wp-content/uploads/2024/07/SEE-300x169.jpg,सामुदायिक विद्यालयका ८८ प्रतिशत विद्यार्थी एसइई परीक्षामा अनुत्तीर्ण भएको नयाँ पत्रिकाले दाबी गरेको छ,1,Miscaptioned,"Naya Patrika, SEE, Kathmandu Metropolitan City, Community Schools","Education, Media",01/07/2024,ne,https://nepalfactcheck.org/2024/07/nayapatrika-misleading-claim-see-result/,सामुदायिक विद्यालयका ८८ प्रतिशत विद्यार्थी अनुत्तीर्ण भएको मिडियाको दावी भ्रामक
NFC_nayapatrika-misleading-claim-see-result,https://nepalfactcheck.org/wp-content/uploads/2024/07/SEE-300x169.jpg,सामुदायिक विद्यालयका ८८ प्रतिशत विद्यार्थी एसइई परीक्षामा अनुत्तीर्ण भएको नयाँ पत्रिकाको दाबी भ्रामक छ । वास्तविक पास दर धेरै उच्च थियो।,0,None,"Naya Patrika, SEE, Kathmandu Metropolitan City, Community Schools","Education, Media",01/07/2024,ne,https://nepalfactcheck.org/2024/07/nayapatrika-misleading-claim-see-result/,सामुदायिक विद्यालयका ८८ प्रतिशत विद्यार्थी अनुत्तीर्ण भएको मिडियाको दावी भ्रामक
NFC_facebook-comment-highlight-viral-claim,https://nepalfactcheck.org/wp-content/uploads/2024/02/facebook-300x169.jpg,फेसबुक कमेन्टमा @highlight लेख्दा कसैले तपाईको एकाउन्ट ह्याक गरेको छ भने थाहा हुन्छ,1,Fabricated,Facebook,"Technology, Social Media",15/02/2024,ne,https://nepalfactcheck.org/2024/02/facebook-comment-highlight-viral-claim/,"नझुक्किनुस्, फेसबुक कमेन्टमा @highlight लेख्दैमा ह्याक हुने/नहुने थाहा हुँदैन"
NFC_facebook-comment-highlight-viral-claim,https://nepalfactcheck.org/wp-content/uploads/2024/02/facebook-300x169.jpg,फेसबुक टिप्पणीहरूमा @highlight टाइप गर्दा ह्याकरहरू प्रकट गर्दैन। यो फेसबुकमा फैलिएको भाइरल होक्स हो।,0,None,Facebook,"Technology, Social Media",15/02/2024,ne,https://nepalfactcheck.org/2024/02/facebook-comment-highlight-viral-claim/,"नझुक्किनुस्, फेसबुक कमेन्टमा @highlight लेख्दैमा ह्याक हुने/नहुने थाहा हुँदैन"
NFC_factcheck-saurya-airlines-crash-picture,https://nepalfactcheck.org/wp-content/uploads/2024/07/saurya-1-300x169.png,"जुलाई 24, 2024 मा भएको सौर्य एयरलाइन्सको दुर्घटनाका तस्बिरहरूका रूपमा भाइरल फोटोहरू",1,Temporal_Mismatch,"Saurya Airlines, Tribhuvan International Airport, Kathmandu","Aviation, Disaster",25/07/2024,ne,https://nepalfactcheck.org/2024/07/factcheck-saurya-airlines-crash-picture/,"नझुक्किनुस्, यी भाइरल फोटोहरु सौर्य एयरलाइन्स दुर्घटनाका होइनन्"
NFC_factcheck-saurya-airlines-crash-picture,https://nepalfactcheck.org/wp-content/uploads/2024/07/saurya-1-300x169.png,"सौर्य एयरलाइन्सको दुर्घटना पछि साझा गरिएका भाइरल तस्बिरहरू नेपालमा अघिल्लो दुर्घटना (यति एयरलाइन्स 2023 र यूएस-बंगला 2018) को हुन्, जुलाई 24, 2024 दुर्घटनाको होइन।",0,None,"Saurya Airlines, Tribhuvan International Airport, Kathmandu","Aviation, Disaster",25/07/2024,ne,https://nepalfactcheck.org/2024/07/factcheck-saurya-airlines-crash-picture/,"नझुक्किनुस्, यी भाइरल फोटोहरु सौर्य एयरलाइन्स दुर्घटनाका होइनन्"
NFC_khulamanch-old-photo,https://nepalfactcheck.org/wp-content/uploads/2024/01/baburam-300x169.jpg,फुटबल मैदान निर्माणको विरोधमा खुलामञ्चमा भएको विरोधको पुरानो तस्बिर साझा गरिएको छ,1,Temporal_Mismatch,"Khulamanch, Kathmandu","Politics, Sports",15/01/2024,ne,https://nepalfactcheck.org/2024/01/khulamanch-old-photo/,फुटबल मैदान बनाउन लागेको विरोधवा खुलामञ्चमा भएको प्रदर्शन भनिएको फोटो चार वर्ष पुरानो
NFC_khulamanch-old-photo,https://nepalfactcheck.org/wp-content/uploads/2024/01/baburam-300x169.jpg,खुलामञ्चको विरोधको तस्बिर चार वर्ष पुरानो हो र अहिलेको फुटबल मैदान निर्माण विवादसँग सम्बन्धित छैन ।,0,None,"Khulamanch, Kathmandu","Politics, Sports",15/01/2024,ne,https://nepalfactcheck.org/2024/01/khulamanch-old-photo/,फुटबल मैदान बनाउन लागेको विरोधवा खुलामञ्चमा भएको प्रदर्शन भनिएको फोटो चार वर्ष पुरानो
NFC_nayapatrika-daily-claim-see,https://nepalfactcheck.org/wp-content/uploads/2024/07/koshi-2-300x169.jpg,काठमाडौं महानगरपालिकाका सामुदायिक विद्यालयको एसइईको नतिजाबारे सञ्चारमाध्यमको दाबी भ्रामक भएको छ,1,Miscaptioned,"Kathmandu Metropolitan City, SEE, Community Schools","Education, Media",02/07/2024,ne,https://nepalfactcheck.org/2024/07/nayapatrika-daily-claim-see/,काठमाडौँ महानगरका सामुदायिक विद्यालयको एसईई नतिजाबारे मिडियामा भ्रामक दावी
NFC_nayapatrika-daily-claim-see,https://nepalfactcheck.org/wp-content/uploads/2024/07/koshi-2-300x169.jpg,"काठमाडौं महानगरपालिकाका सामुदायिक विद्यालयमा एसइईको नतिजाबारे सञ्चारमाध्यममा भ्रामक, वास्तविक तथ्याङ्कलाई गलत प्रस्तुत गर्ने गरेको पाइयो ।",0,None,"Kathmandu Metropolitan City, SEE, Community Schools","Education, Media",02/07/2024,ne,https://nepalfactcheck.org/2024/07/nayapatrika-daily-claim-see/,काठमाडौँ महानगरका सामुदायिक विद्यालयको एसईई नतिजाबारे मिडियामा भ्रामक दावी
NFC_puerto-rico-bridge,https://nepalfactcheck.org/wp-content/uploads/2024/07/koshi-1-300x169.jpg,पोर्टो रिकोको पुल बगाएको भिडियो नेपालमा कोशी नदीको बाढीका कारण सेयर भइरहेको छ,1,Geographic_Mismatch,"Koshi River, Puerto Rico, Nepal","Disaster, Floods",20/06/2024,ne,https://nepalfactcheck.org/2024/06/puerto-rico-bridge/,कोशीको बाढी भन्दै पुएर्टो रिकोमा पुल बगाएको भिडियो सामाजिक सञ्जालमा फैलाइयो
NFC_puerto-rico-bridge,https://nepalfactcheck.org/wp-content/uploads/2024/07/koshi-1-300x169.jpg,पुल बगाएको भाइरल भिडियो नेपालको कोशी नदीको बाढीको नभई पोर्टो रिकोको हो ।,0,None,"Koshi River, Puerto Rico, Nepal","Disaster, Floods",20/06/2024,ne,https://nepalfactcheck.org/2024/06/puerto-rico-bridge/,कोशीको बाढी भन्दै पुएर्टो रिकोमा पुल बगाएको भिडियो सामाजिक सञ्जालमा फैलाइयो
NFC_aids-epidemic-fake,https://nepalfactcheck.org/wp-content/uploads/2024/07/aids-300x169.jpg,कोभिड–१९ पछि नेपालमा एड्सको महामारी फैलिएको छ,1,Fabricated,"AIDS, COVID-19, Nepal",Health,12/07/2024,ne,https://nepalfactcheck.org/2024/07/aids-epidemic-fake/,के नेपालमा कोरोनापछि एड्सको महामारी फैलिएको हो ?
NFC_aids-epidemic-fake,https://nepalfactcheck.org/wp-content/uploads/2024/07/aids-300x169.jpg,कोभिड–१९ पछि नेपालमा एड्सको महामारी छैन । दाबी मनगढन्ते हो र कुनै प्रमाण छैन।,0,None,"AIDS, COVID-19, Nepal",Health,12/07/2024,ne,https://nepalfactcheck.org/2024/07/aids-epidemic-fake/,के नेपालमा कोरोनापछि एड्सको महामारी फैलिएको हो ?
NFC_constitution-nepal,https://nepalfactcheck.org/wp-content/uploads/2024/05/gyanendra-shahi-300x169.jpg,नेपालको संविधान अनुसार हरेक सांसद प्रधानमन्त्री बन्न सक्नेछन्,1,Fabricated,"Nepal Constitution, Parliament, Prime Minister","Politics, Legal",10/05/2024,ne,https://nepalfactcheck.org/2024/05/constitution-nepal/,के नेपालको संविधान अनुसार सांसद भएका हरेक व्यक्ति प्रधानमन्त्री बन्न सक्छन्?
NFC_constitution-nepal,https://nepalfactcheck.org/wp-content/uploads/2024/05/gyanendra-shahi-300x169.jpg,नेपालको संविधान अनुसार हरेक सांसद प्रधानमन्त्री बन्न सक्दैनन् । संविधानमा विशिष्ट योग्यता आवश्यकताहरू छन्। दाबी भ्रामक छ।,0,None,"Nepal Constitution, Parliament, Prime Minister","Politics, Legal",10/05/2024,ne,https://nepalfactcheck.org/2024/05/constitution-nepal/,के नेपालको संविधान अनुसार सांसद भएका हरेक व्यक्ति प्रधानमन्त्री बन्न सक्छन्?
NFC_nepal-flag-opera-house,https://nepalfactcheck.org/wp-content/uploads/2024/03/opera-house-300x169.jpg,सिड्नी ओपेरा हाउस नेपाली झण्डाको रंगले उज्यालो भएको छ,1,Fabricated,"Sydney Opera House, Nepal Flag, Australia","International, Patriotism",20/03/2024,ne,https://nepalfactcheck.org/2024/03/nepal-flag-opera-house/,"नझुक्किनुस्, सिड्नीको ओपेरा हाउसमा नेपाली झण्डाको लाइटिङसहितको यो फोटो सही होइन"
NFC_nepal-flag-opera-house,https://nepalfactcheck.org/wp-content/uploads/2024/03/opera-house-300x169.jpg,नेपाली झण्डाको रङले उज्यालो बनाएको सिड्नी ओपेरा हाउसको तस्बिर डिजिटल रूपमा सम्पादन गरिएको छ । ओपेरा हाउस नेपाली झण्डाको रङमा जलाइएको थिएन।,0,None,"Sydney Opera House, Nepal Flag, Australia","International, Patriotism",20/03/2024,ne,https://nepalfactcheck.org/2024/03/nepal-flag-opera-house/,"नझुक्किनुस्, सिड्नीको ओपेरा हाउसमा नेपाली झण्डाको लाइटिङसहितको यो फोटो सही होइन"
NFC_pokhara-flood-misinformation,https://nepalfactcheck.org/wp-content/uploads/2024/07/pkr-flood-300x169.jpg,सेती नदी अवरुद्ध हुँदा पोखरामा आएको बाढीको भिडियो,1,Geographic_Mismatch,"Pokhara, Seti River, India","Disaster, Floods",20/07/2024,ne,https://nepalfactcheck.org/2024/07/pokhara-flood-misinformation/,सेती नदी थुनिँदा पोखरामा बाढी भन्दै भाइरल भएको भिडियो भारतको ११ वर्ष पुरानो
NFC_pokhara-flood-misinformation,https://nepalfactcheck.org/wp-content/uploads/2024/07/pkr-flood-300x169.jpg,सेती नदी अवरुद्ध हुँदा पोखरामा आएको बाढी देखाउने भाइरल भिडियो वास्तवमा भारतको हो र ११ वर्ष पुरानो हो ।,0,None,"Pokhara, Seti River, India","Disaster, Floods",20/07/2024,ne,https://nepalfactcheck.org/2024/07/pokhara-flood-misinformation/,सेती नदी थुनिँदा पोखरामा बाढी भन्दै भाइरल भएको भिडियो भारतको ११ वर्ष पुरानो
NFC_factcheck-tattoo-hiv,https://nepalfactcheck.org/wp-content/uploads/2024/08/santoshi-1-300x169.jpg,नेपालमा ट्याटुबाट ४० जनामा ​​एचआईभी/एड्स भएको छ,1,Fabricated,"HIV, AIDS, Tattoo, Nepal",Health,05/08/2024,ne,https://nepalfactcheck.org/2024/08/factcheck-tattoo-hiv/,के नेपालमा ट्याटु बनाउँदा ४० जनालाई एचआइभी सरेको हो ?
NFC_factcheck-tattoo-hiv,https://nepalfactcheck.org/wp-content/uploads/2024/08/santoshi-1-300x169.jpg,नेपालमा ट्याटुबाट ४० जनामा ​​एचआइभी सङ्क्रमण भएको दाबी गलत हो । स्वास्थ्य अधिकारीहरूले यस्तो कुनै घटना पुष्टि गरेनन्।,0,None,"HIV, AIDS, Tattoo, Nepal",Health,05/08/2024,ne,https://nepalfactcheck.org/2024/08/factcheck-tattoo-hiv/,के नेपालमा ट्याटु बनाउँदा ४० जनालाई एचआइभी सरेको हो ?
NFC_viral-video-not-from-kathmandu,https://nepalfactcheck.org/wp-content/uploads/2024/07/badhi-300x169.jpg,बलेन शाहको काठमाडौंसँग जोडिएको बाढीको भिडियो काठमाडौंको होइन विदेशी हो,1,Geographic_Mismatch,"Balendra Shah, Balen, Kathmandu","Politics, Disaster",25/07/2024,ne,https://nepalfactcheck.org/2024/07/viral-video-not-from-kathmandu/,"बालेनको नाम जोड्दै भाइरल भएको बाढीको भिडियो काठमाडौँको होइन, विदेशको"
NFC_viral-video-not-from-kathmandu,https://nepalfactcheck.org/wp-content/uploads/2024/07/badhi-300x169.jpg,काठमाडौंका मेयर बलेन शाहको कार्यकालसँग जोडेर बाँडिएको बाढीको भिडियो काठमाडौंको होइन; यो विदेशी देशबाट हो।,0,None,"Balendra Shah, Balen, Kathmandu","Politics, Disaster",25/07/2024,ne,https://nepalfactcheck.org/2024/07/viral-video-not-from-kathmandu/,"बालेनको नाम जोड्दै भाइरल भएको बाढीको भिडियो काठमाडौँको होइन, विदेशको"
NFC_saurya-airlines-crash-factcheck,https://nepalfactcheck.org/wp-content/uploads/2024/07/saurya-300x169.png,सौर्य एयरलाइन्सको विमान दुर्घटनापछि अन्य विमानका यात्रुहरु आत्तिएर भागेका थिए,1,Temporal_Mismatch,"Saurya Airlines, Tribhuvan International Airport, Kathmandu","Aviation, Disaster",26/07/2024,ne,https://nepalfactcheck.org/2024/07/saurya-airlines-crash-factcheck/,के हो सौर्य एयरलाइन्स दुर्घटनापछि अरु विमानका यात्रु भागाभागको दावीसहित भाइरल भिडियोको तथ्य?
NFC_saurya-airlines-crash-factcheck,https://nepalfactcheck.org/wp-content/uploads/2024/07/saurya-300x169.png,"सौर्य एयरलाइन्सको दुर्घटनापछि विमानका अन्य यात्रुहरु आतंकित भएर भागेको भाइरल भिडियो त्यो घटनाको होइन । भिडियो जुलाई 24, 2024 दुर्घटनासँग सम्बन्धित छैन।",0,None,"Saurya Airlines, Tribhuvan International Airport, Kathmandu","Aviation, Disaster",26/07/2024,ne,https://nepalfactcheck.org/2024/07/saurya-airlines-crash-factcheck/,के हो सौर्य एयरलाइन्स दुर्घटनापछि अरु विमानका यात्रु भागाभागको दावीसहित भाइरल भिडियोको तथ्य?
NFC_bagmati-flood-misinformation,https://nepalfactcheck.org/wp-content/uploads/2024/07/bagmati-flood-300x169.jpg,बागमती नदीले कार बगाएको भिडियो काठमाडौंको होइन भारतको हो,1,Geographic_Mismatch,"Bagmati River, Kathmandu, India","Disaster, Floods",28/07/2024,ne,https://nepalfactcheck.org/2024/07/bagmati-flood-misinformation/,काठमाडौँको बागमती नदीले कार बगाएको भन्दै भाइरल भएको भिडियो भारतको
NFC_bagmati-flood-misinformation,https://nepalfactcheck.org/wp-content/uploads/2024/07/bagmati-flood-300x169.jpg,काठमाडौंको बागमती नदीले बगाएको कार देखाएको भाइरल भिडियो वास्तवमा भारतको हो ।,0,None,"Bagmati River, Kathmandu, India","Disaster, Floods",28/07/2024,ne,https://nepalfactcheck.org/2024/07/bagmati-flood-misinformation/,काठमाडौँको बागमती नदीले कार बगाएको भन्दै भाइरल भएको भिडियो भारतको
NFC_sandeep-lamichhane,https://nepalfactcheck.org/wp-content/uploads/2024/05/Sandeep-1-300x169.jpg,सन्दीप लामिछाने विश्वकप क्रिकेट खेल्न अमेरिका गएका छन्,1,Fabricated,"Sandeep Lamichhane, Cricket World Cup, USA, Nepal","Sports, Cricket",20/05/2024,ne,https://nepalfactcheck.org/2024/05/sandeep-lamichhane/,सन्दीप लामिछाने विश्वकप खेल्न अमेरिका उडेको दाबी मिथ्या
NFC_sandeep-lamichhane,https://nepalfactcheck.org/wp-content/uploads/2024/05/Sandeep-1-300x169.jpg,सन्दीप लामिछाने विश्वकप क्रिकेट खेल्न अमेरिका गएको दाबी गलत हो । उनी विश्वकपका लागि अमेरिका गएका थिएनन् ।,0,None,"Sandeep Lamichhane, Cricket World Cup, USA, Nepal","Sports, Cricket",20/05/2024,ne,https://nepalfactcheck.org/2024/05/sandeep-lamichhane/,सन्दीप लामिछाने विश्वकप खेल्न अमेरिका उडेको दाबी मिथ्या
NFC_badhaiyataal-school,https://nepalfactcheck.org/wp-content/uploads/2024/04/ronb-school-300x169.jpg,नेपाल बन्दको रुटिन प्रभावित विद्यालय नम्बरको दाबी गलत हो,1,Fabricated,"Badhaiyataal School, Nepal Banda",Education,05/04/2024,ne,https://nepalfactcheck.org/2024/04/badhaiyataal-school/,विद्यालय संख्याबारे रुटिन अफ नेपाल बन्दको दावी गलत
NFC_badhaiyataal-school,https://nepalfactcheck.org/wp-content/uploads/2024/04/ronb-school-300x169.jpg,नेपाल बन्द (बन्द)सँग सम्बन्धित विद्यालयको तथ्याङ्कमा परेको दाबी गलत छ ।,0,None,"Badhaiyataal School, Nepal Banda",Education,05/04/2024,ne,https://nepalfactcheck.org/2024/04/badhaiyataal-school/,विद्यालय संख्याबारे रुटिन अफ नेपाल बन्दको दावी गलत
NFC_fulbright-scholorship-age-limit-misinformation,https://nepalfactcheck.org/wp-content/uploads/2024/01/fulbright-300x169.jpg,Fulbright scholarship requires applicants to be under 40 years old,1,Fabricated,"Fulbright Scholarship, USA","Education, International",20/01/2024,ne-en,https://nepalfactcheck.org/2024/01/fulbright-scholorship-age-limit-misinformation/,के फुलब्राइट स्कलरसिप पाउन ४० वर्षभन्दा कम उमेर हुनुपर्छ?
NFC_fulbright-scholorship-age-limit-misinformation,https://nepalfactcheck.org/wp-content/uploads/2024/01/fulbright-300x169.jpg,The Fulbright scholarship does not have an age limit of under 40 years. This is misinformation about scholarship eligibility.,0,None,"Fulbright Scholarship, USA","Education, International",20/01/2024,ne-en,https://nepalfactcheck.org/2024/01/fulbright-scholorship-age-limit-misinformation/,के फुलब्राइट स्कलरसिप पाउन ४० वर्षभन्दा कम उमेर हुनुपर्छ?
NFC_fake-world-happiness-report-index,https://nepalfactcheck.org/wp-content/uploads/2024/01/happiness-300x169.jpg,Nepal ranked number 1 in the World Happiness Report Index,1,Fabricated,"World Happiness Report, Nepal","International, Social",25/01/2024,ne-en,https://nepalfactcheck.org/2024/01/fake-world-happiness-report-index/,विश्व खुसी सूचकाङ्कमा नेपाल एक नम्बरमा परेको मिथ्या सूचना एक्समा भाइरल
NFC_fake-world-happiness-report-index,https://nepalfactcheck.org/wp-content/uploads/2024/01/happiness-300x169.jpg,Nepal did not rank number 1 in the World Happiness Report. This is a false claim going viral on X (Twitter). Nepal's actual ranking is much lower.,0,None,"World Happiness Report, Nepal","International, Social",25/01/2024,ne-en,https://nepalfactcheck.org/2024/01/fake-world-happiness-report-index/,विश्व खुसी सूचकाङ्कमा नेपाल एक नम्बरमा परेको मिथ्या सूचना एक्समा भाइरल
NFC_mustang-landslide-factcheck,https://nepalfactcheck.org/wp-content/uploads/2024/07/mustang-landslide-300x169.jpg,मुस्ताङमा पहिरो खसेको भिडियो सामाजिक सञ्जालमा पोष्ट भएको छ,1,Geographic_Mismatch,"Mustang, Landslide, Nepal",Disaster,25/07/2024,ne,https://nepalfactcheck.org/2024/07/mustang-landslide-factcheck/,मुस्ताङमा पहिरो भन्दै सामाजिक सञ्जालमा पोस्ट गरिएको भिडियोको तथ्य के हो ?
NFC_mustang-landslide-factcheck,https://nepalfactcheck.org/wp-content/uploads/2024/07/mustang-landslide-300x169.jpg,मुस्ताङ जिल्लामा पहिरो गएको देखाएको भिडियो भ्रामक भएको वा दाबी गरिएको स्थान/समयबाट नभएको भन्ने कुराको छानबिन गरियो ।,0,None,"Mustang, Landslide, Nepal",Disaster,25/07/2024,ne,https://nepalfactcheck.org/2024/07/mustang-landslide-factcheck/,मुस्ताङमा पहिरो भन्दै सामाजिक सञ्जालमा पोस्ट गरिएको भिडियोको तथ्य के हो ?
NFC_misinformation-flood-video,https://nepalfactcheck.org/wp-content/uploads/2024/08/pahiro-300x169.jpg,नेपालमा पहिरो खसेको भिडियो चीनको हो,1,Geographic_Mismatch,"Nepal, China, Flood, Landslide",Disaster,15/08/2024,ne,https://nepalfactcheck.org/2024/08/misinformation-flood-video/,नेपालको पहिरो भन्दै फैलिएको भिडियो वास्तवमा चीनको
NFC_misinformation-flood-video,https://nepalfactcheck.org/wp-content/uploads/2024/08/pahiro-300x169.jpg,नेपालमा पहिरो गएको भाइरल भिडियो वास्तवमा चीनको हो ।,0,None,"Nepal, China, Flood, Landslide",Disaster,15/08/2024,ne,https://nepalfactcheck.org/2024/08/misinformation-flood-video/,नेपालको पहिरो भन्दै फैलिएको भिडियो वास्तवमा चीनको
NFC_gurkha-army-pla,https://nepalfactcheck.org/wp-content/uploads/2024/03/Sonam-1-300x169.jpg,भारतविरुद्ध लड्न नेपाली जनता चिनियाँ जनमुक्ति सेना (पीएलए) मा सामेल भइरहेका छन्,1,Fabricated,"PLA, China, Nepal, India, Gurkha Army","Military, Politics, International",10/03/2024,ne,https://nepalfactcheck.org/2024/03/gurkha-army-pla/,के नेपालीहरु चिनियाँ सेनामा भर्ति भएर भारत विरुद्ध लड्न लागेका हुन ?
NFC_gurkha-army-pla,https://nepalfactcheck.org/wp-content/uploads/2024/03/Sonam-1-300x169.jpg,भारतविरुद्ध लड्न चिनियाँ जनयुद्धमा नेपाली जनता सामेल भएको दाबी झुटो र मनगढन्ते हो ।,0,None,"PLA, China, Nepal, India, Gurkha Army","Military, Politics, International",10/03/2024,ne,https://nepalfactcheck.org/2024/03/gurkha-army-pla/,के नेपालीहरु चिनियाँ सेनामा भर्ति भएर भारत विरुद्ध लड्न लागेका हुन ?
NFC_balen-criticism-fake-photo,https://nepalfactcheck.org/wp-content/uploads/2024/07/balen-2-300x169.jpg,मेयर बलेन शाहको आलोचना गर्न काठमाडौं महानगरपालिकाको कार्यालयमा बाढी आएको तस्बिर झुटो,1,Miscaptioned,"Balendra Shah, Balen, Kathmandu Metropolitan City","Politics, Disaster",30/07/2024,ne,https://nepalfactcheck.org/2024/07/balen-criticism-fake-photo/,बालेनको आलोचना गर्दै महानगर कार्यालय डुबानमा परेको दावी गर्दै राखिएको फोटो यसकारण गलत
NFC_balen-criticism-fake-photo,https://nepalfactcheck.org/wp-content/uploads/2024/07/balen-2-300x169.jpg,काठमाडौंका मेयर बलेन शाहको आलोचना गर्न प्रयोग गरिएको तस्बिरमा महानगरीय कार्यालय बाढी आएको देखाउँदै फरक घटना वा स्थानको हो र वास्तविक अवस्थालाई गलत प्रस्तुत गरिएको छ ।,0,None,"Balendra Shah, Balen, Kathmandu Metropolitan City","Politics, Disaster",30/07/2024,ne,https://nepalfactcheck.org/2024/07/balen-criticism-fake-photo/,बालेनको आलोचना गर्दै महानगर कार्यालय डुबानमा परेको दावी गर्दै राखिएको फोटो यसकारण गलत
NFC_apf-misleading-news,https://nepalfactcheck.org/wp-content/uploads/2024/02/apf-300x169.jpg,एपीएफले पर्सा जिल्लाबाट ४२ लाखभन्दा बढीको प्याज बरामद गरेको छ,1,Miscaptioned,"APF, Parsa, Onion","Government, Society",10/02/2024,ne,https://nepalfactcheck.org/2024/02/apf-misleading-news/,के सशस्त्र प्रहरीले पर्साबाट ४२ लाखभन्दा बढी मूल्यको प्याज बरामद गरेको हो?
NFC_apf-misleading-news,https://nepalfactcheck.org/wp-content/uploads/2024/02/apf-300x169.jpg,सशस्त्र प्रहरीले पर्साबाट ४२ लाखभन्दा बढीको प्याज बरामद गरेको दाबी भ्रामक छ । एपीएफको कब्जा विवरण मिडिया रिपोर्टिङमा गलत थियो।,0,None,"APF, Parsa, Onion","Government, Society",10/02/2024,ne,https://nepalfactcheck.org/2024/02/apf-misleading-news/,के सशस्त्र प्रहरीले पर्साबाट ४२ लाखभन्दा बढी मूल्यको प्याज बरामद गरेको हो?
NFC_qatar-amir-nepal-visit-public-holiday-factcheck,https://nepalfactcheck.org/wp-content/uploads/2024/09/bida-1-300x169.jpg,कतारका अमिरको भ्रमणका लागि सरकारले भदौ १९ गते सार्वजनिक बिदा दिएको छ,1,Fabricated,"Qatar, Nepal Government, Amir","Government, Politics",01/09/2024,ne,https://nepalfactcheck.org/2024/09/qatar-amir-nepal-visit-public-holiday-factcheck/,"सरकारले भदौ १९ गते सार्वजनिक विदा दिएको होइन, सम्पादित पुरानो विज्ञप्ति भाइरल"
NFC_qatar-amir-nepal-visit-public-holiday-factcheck,https://nepalfactcheck.org/wp-content/uploads/2024/09/bida-1-300x169.jpg,सरकारले सार्वजनिक बिदा दिएको छैन । एउटा सम्पादित पुरानो प्रेस विज्ञप्ति नयाँ घोषणाको रूपमा साझा गरिएको थियो।,0,None,"Qatar, Nepal Government, Amir","Government, Politics",01/09/2024,ne,https://nepalfactcheck.org/2024/09/qatar-amir-nepal-visit-public-holiday-factcheck/,"सरकारले भदौ १९ गते सार्वजनिक विदा दिएको होइन, सम्पादित पुरानो विज्ञप्ति भाइरल"
NFC_dog-saliva-bacteria-misinformation,https://nepalfactcheck.org/wp-content/uploads/2024/07/dog-300x169.jpg,कुकुरको लारले अंग विच्छेदन गर्न सक्छ - भाइरल भिडियो दावी,1,Fabricated,"Dog, Bacteria, Nepal",Health,18/07/2024,ne,https://nepalfactcheck.org/2024/07/dog-saliva-bacteria-misinformation/,कुकुरले चाटेमा हातखुट्टा नै काट्नुपर्ने अवस्था आउँछ? भाइरल भिडियोको तथ्य
NFC_dog-saliva-bacteria-misinformation,https://nepalfactcheck.org/wp-content/uploads/2024/07/dog-300x169.jpg,"कुकुरले तपाईलाई चाट्दा तपाईको खुट्टा काट्न सक्छ भन्ने भाइरल दाबी अत्यधिक बढाइचढाइ र भ्रामक छ। जबकि कुकुरको लारले ब्याक्टेरिया बोक्न सक्छ, यसले विरलै यस्तो चरम प्रतिक्रिया निम्त्याउँछ।",0,None,"Dog, Bacteria, Nepal",Health,18/07/2024,ne,https://nepalfactcheck.org/2024/07/dog-saliva-bacteria-misinformation/,कुकुरले चाटेमा हातखुट्टा नै काट्नुपर्ने अवस्था आउँछ? भाइरल भिडियोको तथ्य
NFC_mayor-misleading-video,https://nepalfactcheck.org/wp-content/uploads/2024/02/Janaboli-Balen-300x169.jpg,"बलेन शाहको भिडियो क्लिप, मार्नु छ भने मार्नुस्",1,Miscaptioned,"Balendra Shah, Balen, Kathmandu",Politics,20/02/2024,ne,https://nepalfactcheck.org/2024/02/mayor-misleading-video/,के हो बालेनले मार्छन् भने मारुन् भन्दै गरेको भाइरल भिडियो क्लिपको तथ्य?
NFC_mayor-misleading-video,https://nepalfactcheck.org/wp-content/uploads/2024/02/Janaboli-Balen-300x169.jpg,मेयर बलेन शाहले धम्कीपूर्ण शब्द बोलेको भिडियोलाई प्रसंग बाहिर निकालिएको छ । उनले फरक सन्दर्भमा बयान दिए र भाइरल व्याख्या भ्रामक छ।,0,None,"Balendra Shah, Balen, Kathmandu",Politics,20/02/2024,ne,https://nepalfactcheck.org/2024/02/mayor-misleading-video/,के हो बालेनले मार्छन् भने मारुन् भन्दै गरेको भाइरल भिडियो क्लिपको तथ्य?
NFC_siddha-baba,https://nepalfactcheck.org/wp-content/uploads/2024/04/Sidhhababa-1-300x169.jpg,नेपालमा सिद्धबाबा सुरुङ रहेको दाबी गरिएको भिडियो वास्तवमा जापानको हो,1,Geographic_Mismatch,"Siddha Baba, Palpa, Japan, Tunnel","Infrastructure, Tourism",15/04/2024,ne,https://nepalfactcheck.org/2024/04/siddha-baba/,"सिद्धबाबाको सुरुङ भन्दै भाइरल भइरहेको भिडियो नेपालको हैन, जापानको"
NFC_siddha-baba,https://nepalfactcheck.org/wp-content/uploads/2024/04/Sidhhababa-1-300x169.jpg,नेपालमा सिद्धबाबा सुरुङको रूपमा देखाइएको भाइरल भिडियो वास्तवमा जापानको हो।,0,None,"Siddha Baba, Palpa, Japan, Tunnel","Infrastructure, Tourism",15/04/2024,ne,https://nepalfactcheck.org/2024/04/siddha-baba/,"सिद्धबाबाको सुरुङ भन्दै भाइरल भइरहेको भिडियो नेपालको हैन, जापानको"
NFC_nasa-scholorship,https://nepalfactcheck.org/wp-content/uploads/2024/03/apf-1-300x169.jpg,एउटी नेपाली महिला पूर्ण छात्रवृत्तिमा नासा पुगिन्,1,Fabricated,"NASA, Nepal, Scholarship","Education, International",10/03/2024,ne,https://nepalfactcheck.org/2024/03/nasa-scholorship/,के नासामा पूर्ण छात्रवृत्तिमा अध्ययन गर्न नेपाली महिला गएकी हुन्?
NFC_nasa-scholorship,https://nepalfactcheck.org/wp-content/uploads/2024/03/apf-1-300x169.jpg,नेपाली महिला पूर्ण छात्रवृत्तिमा नासामा पढ्न गएको भाइरल दाबीको कुनै भरपर्दो प्रमाण छैन । NASA ले वर्णन गरिएको तरिकामा शैक्षिक छात्रवृत्ति प्रदान गर्दैन।,0,None,"NASA, Nepal, Scholarship","Education, International",10/03/2024,ne,https://nepalfactcheck.org/2024/03/nasa-scholorship/,के नासामा पूर्ण छात्रवृत्तिमा अध्ययन गर्न नेपाली महिला गएकी हुन्?
NFC_onlinekhabar-fake-screenshot,https://nepalfactcheck.org/wp-content/uploads/2024/01/onlinekhabar-300x169.png,देउवा बारे अनलाइनखबरको लेखको फेक फेसबुक पेजको स्क्रिनसट भाइरल भइरहेको छ,1,Fabricated,"Sher Bahadur Deuba, Onlinekhabar, Facebook","Politics, Media",22/01/2024,ne,https://nepalfactcheck.org/2024/01/onlinekhabar-fake-screenshot/,देउवासम्बन्धी अनलाइनखबरको समाचारको फेक फेसबुक पेज स्क्रिनसट भाइरल
NFC_onlinekhabar-fake-screenshot,https://nepalfactcheck.org/wp-content/uploads/2024/01/onlinekhabar-300x169.png,शेरबहादुर देउवाको बारेमा अनलाइनखबरको लेखको नक्कली फेसबुक पेजको स्क्रिनसट सेयर भइरहेको छ। स्क्रिनसट बनावटी थियो।,0,None,"Sher Bahadur Deuba, Onlinekhabar, Facebook","Politics, Media",22/01/2024,ne,https://nepalfactcheck.org/2024/01/onlinekhabar-fake-screenshot/,देउवासम्बन्धी अनलाइनखबरको समाचारको फेक फेसबुक पेज स्क्रिनसट भाइरल
NFC_santoshi-shrestha-misinformation-factcheck,https://nepalfactcheck.org/wp-content/uploads/2024/07/santoshi-300x169.jpg,सन्तोषी श्रेष्ठले पेरिस ओलम्पिकमा आफ्नै कीर्तिमान तोडिन्,1,Fabricated,"Santoshi Shrestha, Paris Olympics, Athletics, Nepal","Sports, Olympics",10/08/2024,ne,https://nepalfactcheck.org/2024/07/santoshi-shrestha-misinformation-factcheck/,के धाविका सन्तोषी श्रेष्ठले पेरिस ओलम्पिकमा आफ्नै कीर्तिमान भंग गरेकी हुन्?
NFC_santoshi-shrestha-misinformation-factcheck,https://nepalfactcheck.org/wp-content/uploads/2024/07/santoshi-300x169.jpg,पेरिस ओलम्पिकमा धावक सन्तोषी श्रेष्ठले आफ्नै कीर्तिमान तोड्न सकेकी छैनन् । दाबी गलत छ।,0,None,"Santoshi Shrestha, Paris Olympics, Athletics, Nepal","Sports, Olympics",10/08/2024,ne,https://nepalfactcheck.org/2024/07/santoshi-shrestha-misinformation-factcheck/,के धाविका सन्तोषी श्रेष्ठले पेरिस ओलम्पिकमा आफ्नै कीर्तिमान भंग गरेकी हुन्?
NFC_justice-marasini,https://nepalfactcheck.org/wp-content/uploads/2024/01/corporate-nepal-300x169.jpg,अदालतमा बहस सुन्ने क्रममा न्यायाधीश मरासिनीलाई हृदयघात भयो ?,1,Fabricated,"Justice Marasini, Supreme Court","Legal, Health",18/01/2024,ne,https://nepalfactcheck.org/2024/01/justice-marasini/,के इजलासमा बहस सुन्दासुन्दै न्यायाधीश मरासिनीलाई हृदयघात भएको हो?
NFC_justice-marasini,https://nepalfactcheck.org/wp-content/uploads/2024/01/corporate-nepal-300x169.jpg,अदालतमा उपस्थित हुँदा न्यायाधीश मरासिनीलाई हृदयाघात भएको दाबी भ्रामक वा गलत भएको पाइएको छ ।,0,None,"Justice Marasini, Supreme Court","Legal, Health",18/01/2024,ne,https://nepalfactcheck.org/2024/01/justice-marasini/,के इजलासमा बहस सुन्दासुन्दै न्यायाधीश मरासिनीलाई हृदयघात भएको हो?
NFC_ramkumari-jhankri,https://nepalfactcheck.org/wp-content/uploads/2024/08/jhakri-300x169.jpg,नेतृ रामकुमारी झाँक्री रोएको भिडियो भाइरल - सत्य के हो ?,1,Miscaptioned,"Ram Kumari Jhankri, CPN-UML",Politics,05/08/2024,ne,https://nepalfactcheck.org/2024/08/ramkumari-jhankri/,के हो नेतृ रामकुमारी झाँक्री रोएको भाइरल भिडियोको तथ्य ?
NFC_ramkumari-jhankri,https://nepalfactcheck.org/wp-content/uploads/2024/08/jhakri-300x169.jpg,रामकुमारी झाँक्री रोएको भाइरल भिडियोलाई प्रसंग बाहिर निकालिएको छ । उनको भावनात्मक क्षण एक फरक घटनाबाट थियो र वर्तमान राजनीतिक दावीहरूसँग सम्बन्धित छैन।,0,None,"Ram Kumari Jhankri, CPN-UML",Politics,05/08/2024,ne,https://nepalfactcheck.org/2024/08/ramkumari-jhankri/,के हो नेतृ रामकुमारी झाँक्री रोएको भाइरल भिडियोको तथ्य ?
NFC_devi-prateeva,https://nepalfactcheck.org/wp-content/uploads/2024/08/dog-1-300x169.png,पशुपतिनाथमा देवीप्रतिभाको दर्शन गर्न भीड भएको दाबी गर्ने भिडियो भ्रामक छ,1,Miscaptioned,"Devi Prateeva, Pashupatinath, Kathmandu","Religion, Society",10/08/2024,ne,https://nepalfactcheck.org/2024/08/devi-prateeva/,देवी प्रतिभालाई हेर्न पशुपतिमा देखिएको भीड दावी गरिएको भिडियो भ्रामक
NFC_devi-prateeva,https://nepalfactcheck.org/wp-content/uploads/2024/08/dog-1-300x169.png,पशुपतिनाथ मन्दिरमा ठूलो भीड देखाइएको भिडियो देवीप्रतिभाको कारणले होइन । भिड त्यहाँ फरक धार्मिक कार्यक्रमको लागि थियो।,0,None,"Devi Prateeva, Pashupatinath, Kathmandu","Religion, Society",10/08/2024,ne,https://nepalfactcheck.org/2024/08/devi-prateeva/,देवी प्रतिभालाई हेर्न पशुपतिमा देखिएको भीड दावी गरिएको भिडियो भ्रामक
NFC_china-dailekh-petroleum-misinformation-factcheck,https://nepalfactcheck.org/wp-content/uploads/2024/08/dailekh-300x169.jpg,के चीनले नेपालको दैलेखबाट पेट्रोलियम निकालेको हो ?,1,Fabricated,"China, Dailekh, Petroleum, Nepal","Economy, International",20/08/2024,ne,https://nepalfactcheck.org/2024/08/china-dailekh-petroleum-misinformation-factcheck/,के चीनले दैलेखमा पेट्रोल निकालेको हो?
NFC_china-dailekh-petroleum-misinformation-factcheck,https://nepalfactcheck.org/wp-content/uploads/2024/08/dailekh-300x169.jpg,नेपालको दैलेख जिल्लाबाट चीनले पेट्रोलियम निकालेको दाबी गलत हो । यस्तो निकासी भएको छैन ।,0,None,"China, Dailekh, Petroleum, Nepal","Economy, International",20/08/2024,ne,https://nepalfactcheck.org/2024/08/china-dailekh-petroleum-misinformation-factcheck/,के चीनले दैलेखमा पेट्रोल निकालेको हो?
NFC_indonesia-landslide-fake-claim,https://nepalfactcheck.org/wp-content/uploads/2024/07/badhi-300x169.png,काठमाडौं–हेटौंडा सडकखण्डमा पहिरो खसेको भाइरल भिडियो इन्डोनेसियाको हो ।,1,Geographic_Mismatch,"Kathmandu, Hetauda, Indonesia, Landslide","Disaster, Infrastructure",25/07/2024,ne,https://nepalfactcheck.org/2024/07/indonesia-landslide-fake-claim/,काठमाडौँ-हेटौडा सडकखण्डको पहिरो दावी गर्दै भाइरल भिडियो वास्तवमा इन्डोनेसियाको
NFC_indonesia-landslide-fake-claim,https://nepalfactcheck.org/wp-content/uploads/2024/07/badhi-300x169.png,काठमाडौं–हेटौंडा सडकमा पहिरो देखाउँदै शेयर गरिएको भिडियो वास्तवमा इन्डोनेसियाको हो ।,0,None,"Kathmandu, Hetauda, Indonesia, Landslide","Disaster, Infrastructure",25/07/2024,ne,https://nepalfactcheck.org/2024/07/indonesia-landslide-fake-claim/,काठमाडौँ-हेटौडा सडकखण्डको पहिरो दावी गर्दै भाइरल भिडियो वास्तवमा इन्डोनेसियाको
NFC_bardiya-national-park-misinformation,https://nepalfactcheck.org/wp-content/uploads/2024/08/bardiya-300x169.jpg,बर्दिया राष्ट्रिय निकुञ्जको भाइरल भिडियो नेपालको होइन विदेशको हो,1,Geographic_Mismatch,"Bardiya National Park, Nepal","Wildlife, Tourism",22/07/2024,ne,https://nepalfactcheck.org/2024/08/bardiya-national-park-misinformation/,"बर्दिया राष्ट्रिय निकुञ्जको भन्दै भाइरल भएको भिडियो नेपालको होइन, विदेशको"
NFC_bardiya-national-park-misinformation,https://nepalfactcheck.org/wp-content/uploads/2024/08/bardiya-300x169.jpg,बर्दिया राष्ट्रिय निकुञ्जको भाइरल भाइरल भिडियो नेपाल नभई विदेशको हो ।,0,None,"Bardiya National Park, Nepal","Wildlife, Tourism",22/07/2024,ne,https://nepalfactcheck.org/2024/08/bardiya-national-park-misinformation/,"बर्दिया राष्ट्रिय निकुञ्जको भन्दै भाइरल भएको भिडियो नेपालको होइन, विदेशको"
NFC_youtube-viral-video-misleading-claim,https://nepalfactcheck.org/wp-content/uploads/2024/07/prachanda-viral-video-300x169.jpg,प्रधानमन्त्रीले संसदलाई सम्बोधन गरेको एक वर्ष पुरानो भ्रामक भिडियो युट्युबमा भाइरल,1,Temporal_Mismatch,"Prime Minister, Parliament, Nepal",Politics,18/07/2024,ne,https://nepalfactcheck.org/2024/07/youtube-viral-video-misleading-claim/,प्रधानमन्त्रीले संसदमा सम्बोधन गरेको भन्दै एक वर्ष पुरानो भ्रामक भिडियो युट्युबमा भाइरल
NFC_youtube-viral-video-misleading-claim,https://nepalfactcheck.org/wp-content/uploads/2024/07/prachanda-viral-video-300x169.jpg,प्रधानमन्त्रीको संसदीय सम्बोधनको एक वर्ष पुरानो भिडियो भ्रामक दाबीसहित भर्खरको भाषणका रूपमा युट्युबमा शेयर भइरहेको छ ।,0,None,"Prime Minister, Parliament, Nepal",Politics,18/07/2024,ne,https://nepalfactcheck.org/2024/07/youtube-viral-video-misleading-claim/,प्रधानमन्त्रीले संसदमा सम्बोधन गरेको भन्दै एक वर्ष पुरानो भ्रामक भिडियो युट्युबमा भाइरल
NFC_year-old-japan-earthquake-video-falsely-linked-to-latest-earthquake-in-china,https://nepalfactcheck.org/wp-content/uploads/2025/01/earthquake-300x169.png,Viral video claimed to be from Tuesday's earthquake in China is one year old,1,Temporal_Mismatch,"Japan, China, Earthquake",Disaster,10/01/2025,ne-en,https://nepalfactcheck.org/2025/01/year-old-japan-earthquake-video-falsely-linked-to-latest-earthquake-in-china/,मंगलबारको भूकम्पको दृश्य दावी गर्दै भाइरल भएको भिडियो एक वर्ष पुरानो
NFC_year-old-japan-earthquake-video-falsely-linked-to-latest-earthquake-in-china,https://nepalfactcheck.org/wp-content/uploads/2025/01/earthquake-300x169.png,"The viral video being shared as footage of the recent earthquake in China is actually one year old, from Japan's earthquake.",0,None,"Japan, China, Earthquake",Disaster,10/01/2025,ne-en,https://nepalfactcheck.org/2025/01/year-old-japan-earthquake-video-falsely-linked-to-latest-earthquake-in-china/,मंगलबारको भूकम्पको दृश्य दावी गर्दै भाइरल भएको भिडियो एक वर्ष पुरानो
NFC_video-from-bangladesh-falsely-linked-to-pokhara,https://nepalfactcheck.org/wp-content/uploads/2024/11/viral-11-300x169.jpg,पोखराको दाबी गरिएको मशाल जुलुसको भाइरल भिडियो वास्तवमा बंगलादेशको हो,1,Geographic_Mismatch,"Pokhara, Bangladesh, Procession","Society, Politics",15/11/2024,ne,https://nepalfactcheck.org/2024/11/video-from-bangladesh-falsely-linked-to-pokhara/,पोखराको भन्दै भाइरल भएको मसाल जुलुसको भिडियो वास्तवमा बंगलादेशको
NFC_video-from-bangladesh-falsely-linked-to-pokhara,https://nepalfactcheck.org/wp-content/uploads/2024/11/viral-11-300x169.jpg,नेपालको पोखराबाट साझा गरिएको मशाल जुलुसको भिडियो वास्तवमा बंगलादेशको हो ।,0,None,"Pokhara, Bangladesh, Procession","Society, Politics",15/11/2024,ne,https://nepalfactcheck.org/2024/11/video-from-bangladesh-falsely-linked-to-pokhara/,पोखराको भन्दै भाइरल भएको मसाल जुलुसको भिडियो वास्तवमा बंगलादेशको
NFC_national-id,https://nepalfactcheck.org/wp-content/uploads/2024/09/nid-card-300x169.jpg,राष्ट्रिय परिचयपत्रका लागि सरकारले विश्व बैंकबाट ऋण लिएको हो ?,1,Miscaptioned,"National ID, World Bank, Nepal Government","Government, Finance",12/09/2024,ne,https://nepalfactcheck.org/2024/09/national-id/,के राष्ट्रिय परिचय पत्र बनाउनको लागि सरकारले विश्व बैँकबाट ऋण लिएको हो ?
NFC_national-id,https://nepalfactcheck.org/wp-content/uploads/2024/09/nid-card-300x169.jpg,सरकारले राष्ट्रिय परिचयपत्रका लागि विशेषगरी विश्व बैंकबाट ऋण लिएको दाबी भ्रामक छ । ऋण विवरणहरू दावी गरिएको भन्दा फरक छन्।,0,None,"National ID, World Bank, Nepal Government","Government, Finance",12/09/2024,ne,https://nepalfactcheck.org/2024/09/national-id/,के राष्ट्रिय परिचय पत्र बनाउनको लागि सरकारले विश्व बैँकबाट ऋण लिएको हो ?
NFC_factcheck-of-incident-with-pm-oli,https://nepalfactcheck.org/wp-content/uploads/2024/12/kp-oli-300x169.jpg,प्रधानमन्त्री ओलीमाथि आक्रमण भएको भिडियो एक वर्ष पुरानो हो,1,Temporal_Mismatch,"KP Sharma Oli, PM, Nepal",Politics,05/12/2024,ne,https://nepalfactcheck.org/2024/12/factcheck-of-incident-with-pm-oli/,प्रधानमन्त्री ओलीमाथि आक्रमण गरिएको भन्ने भिडियो एक वर्ष पुरानो
NFC_factcheck-of-incident-with-pm-oli,https://nepalfactcheck.org/wp-content/uploads/2024/12/kp-oli-300x169.jpg,प्रधानमन्त्री केपी शर्मा ओलीमाथि हमला भएको देखाइएको भिडियो एक वर्ष पुरानो र पछिल्लो कुनै घटनासँग सम्बन्धित छैन ।,0,None,"KP Sharma Oli, PM, Nepal",Politics,05/12/2024,ne,https://nepalfactcheck.org/2024/12/factcheck-of-incident-with-pm-oli/,प्रधानमन्त्री ओलीमाथि आक्रमण गरिएको भन्ने भिडियो एक वर्ष पुरानो
NFC_fact-checking-hpv-vaccine-claims-misleading-information,https://nepalfactcheck.org/wp-content/uploads/2025/02/hpv-vaccine-300x169.jpg,Claim that HPV vaccine causes harmful side effects is misleading,1,Fabricated,"HPV Vaccine, Nepal",Health,05/02/2025,ne-en,https://nepalfactcheck.org/2025/02/fact-checking-hpv-vaccine-claims-misleading-information/,एचपिभी खोपले दुष्प्रभाव गर्छ भन्ने दावी यसकारण भ्रामक
NFC_fact-checking-hpv-vaccine-claims-misleading-information,https://nepalfactcheck.org/wp-content/uploads/2025/02/hpv-vaccine-300x169.jpg,The claims circulating about HPV vaccine causing severe side effects are misleading and not supported by medical evidence.,0,None,"HPV Vaccine, Nepal",Health,05/02/2025,ne-en,https://nepalfactcheck.org/2025/02/fact-checking-hpv-vaccine-claims-misleading-information/,एचपिभी खोपले दुष्प्रभाव गर्छ भन्ने दावी यसकारण भ्रामक
NFC_tesla-phone-kathmandu-december-false-claim,https://nepalfactcheck.org/wp-content/uploads/2024/12/WhatsApp-Image-2024-12-16-at-13.19.41-300x169.jpeg,टेस्ला फोन डिसेम्बरमा काठमाडौंमा लन्च हुनेछ,1,Fabricated,"Tesla, Phone, Kathmandu",Technology,12/12/2024,ne,https://nepalfactcheck.org/2024/12/tesla-phone-kathmandu-december-false-claim/,"काठमाडौँमा टेस्ला फोन सार्वजनिक हुने? अहँ, यो भाइरल दावी साँचो होइन"
NFC_tesla-phone-kathmandu-december-false-claim,https://nepalfactcheck.org/wp-content/uploads/2024/12/WhatsApp-Image-2024-12-16-at-13.19.41-300x169.jpeg,टेस्ला फोन डिसेम्बरमा काठमाडौंमा लन्च हुने दाबी गलत हो। त्यहाँ कुनै टेस्ला फोन उत्पादन छैन।,0,None,"Tesla, Phone, Kathmandu",Technology,12/12/2024,ne,https://nepalfactcheck.org/2024/12/tesla-phone-kathmandu-december-false-claim/,"काठमाडौँमा टेस्ला फोन सार्वजनिक हुने? अहँ, यो भाइरल दावी साँचो होइन"
NFC_ronaldo-did-not-donate-50-crore-nepali-rupees-nepal-earthquake,https://nepalfactcheck.org/wp-content/uploads/2025/01/WhatsApp-Image-2025-01-16-at-21.23.38-300x169.jpeg,Did Ronaldo donate 50 crore Nepali rupees for Nepal earthquake,1,Fabricated,"Cristiano Ronaldo, Nepal Earthquake","Sports, Disaster",08/01/2025,ne-en,https://nepalfactcheck.org/2025/01/ronaldo-did-not-donate-50-crore-nepali-rupees-nepal-earthquake/,के रोनाल्डोले नेपालको भूकम्पमा ५० करोड रुपैयाँ सहयोग गरेका हुन् ?
NFC_ronaldo-did-not-donate-50-crore-nepali-rupees-nepal-earthquake,https://nepalfactcheck.org/wp-content/uploads/2025/01/WhatsApp-Image-2025-01-16-at-21.23.38-300x169.jpeg,Cristiano Ronaldo did not donate 50 crore Nepali rupees for Nepal earthquake victims. The claim is false.,0,None,"Cristiano Ronaldo, Nepal Earthquake","Sports, Disaster",08/01/2025,ne-en,https://nepalfactcheck.org/2025/01/ronaldo-did-not-donate-50-crore-nepali-rupees-nepal-earthquake/,के रोनाल्डोले नेपालको भूकम्पमा ५० करोड रुपैयाँ सहयोग गरेका हुन् ?
NFC_elon-musk-tesla-10k-autonomous-mobile-home-fact-check,https://nepalfactcheck.org/wp-content/uploads/2024/12/elon-300x169.jpg,"Elon Musk is building a 10,000 dollar autonomous mobile home",1,Fabricated,"Elon Musk, Tesla, Mobile Home","Technology, International",15/12/2024,ne-en,https://nepalfactcheck.org/2024/12/elon-musk-tesla-10k-autonomous-mobile-home-fact-check/,"नझुक्किनुस्, एलन मस्कले १० हजार डलर पर्ने स्वचालित मोटर होम बनाउन लागेका हैनन्"
NFC_elon-musk-tesla-10k-autonomous-mobile-home-fact-check,https://nepalfactcheck.org/wp-content/uploads/2024/12/elon-300x169.jpg,"Elon Musk is not building a 10,000 dollar autonomous mobile home. The claim is false.",0,None,"Elon Musk, Tesla, Mobile Home","Technology, International",15/12/2024,ne-en,https://nepalfactcheck.org/2024/12/elon-musk-tesla-10k-autonomous-mobile-home-fact-check/,"नझुक्किनुस्, एलन मस्कले १० हजार डलर पर्ने स्वचालित मोटर होम बनाउन लागेका हैनन्"
NFC_shoe-throwing-incident-pushpa-kamal-dahal-fact-check,https://nepalfactcheck.org/wp-content/uploads/2024/12/WhatsApp-Image-2024-12-26-at-13.47.01-300x169.jpeg,"पुष्पकमल दाहालमाथि जुत्ता प्रहार ? होइन, चार वर्ष पुरानो भिडियो भाइरल भइरहेको छ",1,Temporal_Mismatch,"Pushpa Kamal Dahal, Prachanda, CPN Maoist",Politics,18/12/2024,ne,https://nepalfactcheck.org/2024/12/shoe-throwing-incident-pushpa-kamal-dahal-fact-check/,"पुष्पकमल दाहालमाथि जुत्ता प्रहार? होइन, चार वर्ष पुरानो भिडियो भाइरल"
NFC_shoe-throwing-incident-pushpa-kamal-dahal-fact-check,https://nepalfactcheck.org/wp-content/uploads/2024/12/WhatsApp-Image-2024-12-26-at-13.47.01-300x169.jpeg,पुष्पकमल दाहाल (प्रचण्ड) मा जुत्ता प्रहार भएको भाइरल भिडियो चार वर्ष पुरानो हो र हालैको कुनै घटनासँग सम्बन्धित छैन ।,0,None,"Pushpa Kamal Dahal, Prachanda, CPN Maoist",Politics,18/12/2024,ne,https://nepalfactcheck.org/2024/12/shoe-throwing-incident-pushpa-kamal-dahal-fact-check/,"पुष्पकमल दाहालमाथि जुत्ता प्रहार? होइन, चार वर्ष पुरानो भिडियो भाइरल"
NFC_president-office-advisors-false-claim-nepal,https://nepalfactcheck.org/wp-content/uploads/2024/11/viral-13-300x169.jpg,ज्ञानेन्द्र शाहीको नाममा झुटो प्रचार - राष्ट्रपतिका २७ सल्लाहकार छैनन्,1,Fabricated,"Gyanendra Shahi, President, Nepal Government","Politics, Government",10/11/2024,ne,https://nepalfactcheck.org/2024/11/president-office-advisors-false-claim-nepal/,ज्ञानेन्द्र शाहीको नाममा झुटो प्रचार! राष्ट्रपतिका सल्लाहकारहरु २७ जना होइनन्
NFC_president-office-advisors-false-claim-nepal,https://nepalfactcheck.org/wp-content/uploads/2024/11/viral-13-300x169.jpg,राष्ट्रपतिका २७ जना सल्लाहकार रहेको ज्ञानेन्द्र शाहीको दाबी गलत हो । राष्ट्रपतिका सल्लाहकारको वास्तविक संख्या फरक छ।,0,None,"Gyanendra Shahi, President, Nepal Government","Politics, Government",10/11/2024,ne,https://nepalfactcheck.org/2024/11/president-office-advisors-false-claim-nepal/,ज्ञानेन्द्र शाहीको नाममा झुटो प्रचार! राष्ट्रपतिका सल्लाहकारहरु २७ जना होइनन्
NFC_fact-check-viral-video-falsely-claims-kamal-thapa-chanted-bahun-chhetri-murdabad,https://nepalfactcheck.org/wp-content/uploads/2024/11/viral-10-300x169.jpg,कमल थापाले बाहुन क्षेत्री मुर्दाबादको नारा लगाएनन्,1,Miscaptioned,"Kamal Thapa, RPP","Politics, Social",12/11/2024,ne,https://nepalfactcheck.org/2024/11/fact-check-viral-video-falsely-claims-kamal-thapa-chanted-bahun-chhetri-murdabad/,"कमल थापाले बाहुन क्षेत्री मूर्दाबाद नारा लगाएका हैनन्, भाइरल भिडियोको तथ्य यस्तो छ"
NFC_fact-check-viral-video-falsely-claims-kamal-thapa-chanted-bahun-chhetri-murdabad,https://nepalfactcheck.org/wp-content/uploads/2024/11/viral-10-300x169.jpg,कमल थापाले ब्राह्मण र क्षेत्री विरोधी नारा लगाएको भाइरल भिडियो गलत हो । भिडियोलाई गलत रूपमा प्रस्तुत गरिएको थियो।,0,None,"Kamal Thapa, RPP","Politics, Social",12/11/2024,ne,https://nepalfactcheck.org/2024/11/fact-check-viral-video-falsely-claims-kamal-thapa-chanted-bahun-chhetri-murdabad/,"कमल थापाले बाहुन क्षेत्री मूर्दाबाद नारा लगाएका हैनन्, भाइरल भिडियोको तथ्य यस्तो छ"
NFC_elon-musk-tesla-phone-299-dollar-rumors-debunked,https://nepalfactcheck.org/wp-content/uploads/2024/11/FI-Elon-300x169.png,Elon Musk has not announced a 299 dollar Tesla phone,1,Fabricated,"Elon Musk, Tesla Phone","Technology, International",15/11/2024,ne-en,https://nepalfactcheck.org/2024/11/elon-musk-tesla-phone-299-dollar-rumors-debunked/,"नुझुक्किनुस्, एलन मस्कले २९९ डलर पर्ने टेस्ला फोन बनाउने भनेका छैनन्"
NFC_elon-musk-tesla-phone-299-dollar-rumors-debunked,https://nepalfactcheck.org/wp-content/uploads/2024/11/FI-Elon-300x169.png,The rumor that Elon Musk announced a 299 dollar Tesla phone is false. No such phone exists or has been announced.,0,None,"Elon Musk, Tesla Phone","Technology, International",15/11/2024,ne-en,https://nepalfactcheck.org/2024/11/elon-musk-tesla-phone-299-dollar-rumors-debunked/,"नुझुक्किनुस्, एलन मस्कले २९९ डलर पर्ने टेस्ला फोन बनाउने भनेका छैनन्"
NFC_dhanraj-gurung-edited-photo-factcheck,https://nepalfactcheck.org/wp-content/uploads/2024/09/dhanaraj-300x169.jpg,कांग्रेस उपसभापति धनराज गुरुङको विमानमा महिलासँगको तस्बिर सम्पादन गरिएको छ,1,Fabricated,"Dhanraj Gurung, Nepali Congress",Politics,20/09/2024,ne,https://nepalfactcheck.org/2024/09/dhanraj-gurung-edited-photo-factcheck/,कांग्रेस उपसभापति धनराज गुरुङ हवाईजहाजमा महिलासँगै रहेको फोटो सम्पादित
NFC_dhanraj-gurung-edited-photo-factcheck,https://nepalfactcheck.org/wp-content/uploads/2024/09/dhanaraj-300x169.jpg,काङ्ग्रेसका उपसभापति धनराज गुरुङलाई विमानमा महिलासँग देखाइएको तस्बिरलाई डिजिटल सम्पादन गरी गलत छाप सृजना गरिएको छ ।,0,None,"Dhanraj Gurung, Nepali Congress",Politics,20/09/2024,ne,https://nepalfactcheck.org/2024/09/dhanraj-gurung-edited-photo-factcheck/,कांग्रेस उपसभापति धनराज गुरुङ हवाईजहाजमा महिलासँगै रहेको फोटो सम्पादित
NFC_alleged-sheinbaums-response-is-a-chain-message,https://nepalfactcheck.org/wp-content/uploads/2025/02/Mexican-President-300x169.png,Mexican President Sheinbaum did not respond to Trump - viral message is a chain message,1,Fabricated,"Claudia Sheinbaum, Donald Trump, Mexico","International, Politics",10/02/2025,ne-en,https://nepalfactcheck.org/2025/02/alleged-sheinbaums-response-is-a-chain-message/,"मेक्सिकोकी राष्ट्रपतिले ट्रम्पलाई जवाफ दिएकी होइनन्, भाइरल सन्देश भ्रामक"
NFC_alleged-sheinbaums-response-is-a-chain-message,https://nepalfactcheck.org/wp-content/uploads/2025/02/Mexican-President-300x169.png,The alleged response of Mexican President Claudia Sheinbaum to Trump is a fabricated chain message. She did not make such a statement.,0,None,"Claudia Sheinbaum, Donald Trump, Mexico","International, Politics",10/02/2025,ne-en,https://nepalfactcheck.org/2025/02/alleged-sheinbaums-response-is-a-chain-message/,"मेक्सिकोकी राष्ट्रपतिले ट्रम्पलाई जवाफ दिएकी होइनन्, भाइरल सन्देश भ्रामक"
NFC_no-electronic-crime-control-act-is-in-existence,https://nepalfactcheck.org/wp-content/uploads/2024/11/viral-7-1-300x169.jpg,दुर्गा प्रसाईंलाई कारबाही अन्तर्गत गिरफ्तार - केहि मिडिया गलत,1,Fabricated,"Durga Prasai, Electronic Crime Act, Nepal","Legal, Media",20/11/2024,ne,https://nepalfactcheck.org/2024/11/no-electronic-crime-control-act-is-in-existence/,दुर्गा प्रसाईंलाई हुँदै नभएको ऐन अन्तर्गत पक्राउ गरिएको? केही मिडियाका समाचार यसकारण गलत
NFC_no-electronic-crime-control-act-is-in-existence,https://nepalfactcheck.org/wp-content/uploads/2024/11/viral-7-1-300x169.jpg,दुर्गा प्रसाईंलाई विद्युतीय अपराध नियन्त्रण ऐन अन्तर्गत पक्राउ गरिएको तर नेपालमा यो ऐन नभएको केही सञ्चारमाध्यमले जनाएका छन् ।,0,None,"Durga Prasai, Electronic Crime Act, Nepal","Legal, Media",20/11/2024,ne,https://nepalfactcheck.org/2024/11/no-electronic-crime-control-act-is-in-existence/,दुर्गा प्रसाईंलाई हुँदै नभएको ऐन अन्तर्गत पक्राउ गरिएको? केही मिडियाका समाचार यसकारण गलत
NFC_birth-without-mother-misinformation,https://nepalfactcheck.org/wp-content/uploads/2024/11/viral-2-300x169.jpg,Technology developed to give birth without a mother,1,Fabricated,"Birth Technology, AI Incubation","Health, Technology",22/11/2024,ne-en,https://nepalfactcheck.org/2024/11/birth-without-mother-misinformation/,आमाबिना नै बच्चा जन्माउन सकिने प्रविधिको विकास भएको हो?
NFC_birth-without-mother-misinformation,https://nepalfactcheck.org/wp-content/uploads/2024/11/viral-2-300x169.jpg,The viral video claiming technology has been developed to give birth without a mother is false. No such technology exists.,0,None,"Birth Technology, AI Incubation","Health, Technology",22/11/2024,ne-en,https://nepalfactcheck.org/2024/11/birth-without-mother-misinformation/,आमाबिना नै बच्चा जन्माउन सकिने प्रविधिको विकास भएको हो?
NFC_factcheck-truth-behind-viral-video-of-army-chanting-in-support-of-monarchy,https://nepalfactcheck.org/wp-content/uploads/2024/09/sena-300x169.jpg,नेपाली सेनाले राजतन्त्रको समर्थनमा नारा लगाएको भाइरल भिडियोको सत्यता के हो ?,1,Miscaptioned,"Nepal Army, Monarchy, Royalist","Politics, Military",22/09/2024,ne,https://nepalfactcheck.org/2024/09/factcheck-truth-behind-viral-video-of-army-chanting-in-support-of-monarchy/,के हो राजसंस्थाको समर्थनमा सेनाले नारा लगाएको भाइरल भिडियोको तथ्य?
NFC_factcheck-truth-behind-viral-video-of-army-chanting-in-support-of-monarchy,https://nepalfactcheck.org/wp-content/uploads/2024/09/sena-300x169.jpg,नेपाली सेनाले राजतन्त्रको पक्षमा नारा लगाएको भाइरल भिडियो भ्रामक छ । भजन अर्कै सन्दर्भबाट थियो।,0,None,"Nepal Army, Monarchy, Royalist","Politics, Military",22/09/2024,ne,https://nepalfactcheck.org/2024/09/factcheck-truth-behind-viral-video-of-army-chanting-in-support-of-monarchy/,के हो राजसंस्थाको समर्थनमा सेनाले नारा लगाएको भाइरल भिडियोको तथ्य?
NFC_abc-tv-trump-defamation-case-compensation-claim-review,https://nepalfactcheck.org/wp-content/uploads/2024/12/WhatsApp-Image-2024-12-16-at-16.50.34-300x169.jpeg,ABC TV has to pay 1.5 crore not 15 crore dollars to Donald Trump in defamation case,1,Fabricated,"ABC TV, Donald Trump, Defamation, USA","International, Legal",20/12/2024,ne-en,https://nepalfactcheck.org/2024/12/abc-tv-trump-defamation-case-compensation-claim-review/,"एबीसी टिभीले डोनाल्ड ट्रम्पलाई १५ करोड होइन, डेढ करोड डलर क्षतिपूर्ति तिर्नुपर्ने"
NFC_abc-tv-trump-defamation-case-compensation-claim-review,https://nepalfactcheck.org/wp-content/uploads/2024/12/WhatsApp-Image-2024-12-16-at-16.50.34-300x169.jpeg,The claim that ABC TV must pay 15 crore dollars to Donald Trump in the defamation case is wrong. The actual settlement is 1.5 crore dollars.,0,None,"ABC TV, Donald Trump, Defamation, USA","International, Legal",20/12/2024,ne-en,https://nepalfactcheck.org/2024/12/abc-tv-trump-defamation-case-compensation-claim-review/,"एबीसी टिभीले डोनाल्ड ट्रम्पलाई १५ करोड होइन, डेढ करोड डलर क्षतिपूर्ति तिर्नुपर्ने"
NFC_misleading_landslide_factcheck,https://nepalfactcheck.org/wp-content/uploads/2024/10/viral-1-300x169.jpg,काठमाडौंको भाइरल भिडियो वास्तवमा जापानको हो,1,Geographic_Mismatch,"Kathmandu, Japan, Landslide",Disaster,05/10/2024,ne,https://nepalfactcheck.org/2024/10/misleading_landslide_factcheck/,काठमाडौँको भन्दै भाइरल भिडियो वास्तवमा जापानको
NFC_misleading_landslide_factcheck,https://nepalfactcheck.org/wp-content/uploads/2024/10/viral-1-300x169.jpg,काठमाडौंको भाइरल भएको पहिरोको भिडियो वास्तवमा जापानको हो ।,0,None,"Kathmandu, Japan, Landslide",Disaster,05/10/2024,ne,https://nepalfactcheck.org/2024/10/misleading_landslide_factcheck/,काठमाडौँको भन्दै भाइरल भिडियो वास्तवमा जापानको
NFC_pakistan_flood_linked_to_nepal,https://nepalfactcheck.org/wp-content/uploads/2024/10/viral-2-300x169.jpg,भाइरल भिडियो नेपालबाट भएको दाबी वास्तवमा पाकिस्तानको हो,1,Geographic_Mismatch,"Nepal, Pakistan, Flood",Disaster,08/10/2024,ne,https://nepalfactcheck.org/2024/10/pakistan_flood_linked_to_nepal/,नेपालको भन्दै भाइरल भिडियो वास्तवमा पाकिस्तानको
NFC_pakistan_flood_linked_to_nepal,https://nepalfactcheck.org/wp-content/uploads/2024/10/viral-2-300x169.jpg,नेपालबाट आएको बाढीको भाइरल भिडियो वास्तवमा पाकिस्तानको हो ।,0,None,"Nepal, Pakistan, Flood",Disaster,08/10/2024,ne,https://nepalfactcheck.org/2024/10/pakistan_flood_linked_to_nepal/,नेपालको भन्दै भाइरल भिडियो वास्तवमा पाकिस्तानको
NFC_nepali-tigers-do-not-drink-blood-fact-check,https://nepalfactcheck.org/wp-content/uploads/2025/01/tiger1-300x169.jpg,नेपाली बाघले रगत पिउने,1,Fabricated,"Tiger, Nepal","Wildlife, Health",20/01/2025,ne,https://nepalfactcheck.org/2025/01/nepali-tigers-do-not-drink-blood-fact-check/,"बाघले रगत पिउँदैन, भ्रममा नपर्नुस् !"
NFC_nepali-tigers-do-not-drink-blood-fact-check,https://nepalfactcheck.org/wp-content/uploads/2025/01/tiger1-300x169.jpg,बाघले रगत पिउदैन । नेपाली बाघले रगत पिउने भाइरल दाबी गलत हो । बाघले पानी पिउने।,0,None,"Tiger, Nepal","Wildlife, Health",20/01/2025,ne,https://nepalfactcheck.org/2025/01/nepali-tigers-do-not-drink-blood-fact-check/,"बाघले रगत पिउँदैन, भ्रममा नपर्नुस् !"
NFC_gas-cylinder,https://nepalfactcheck.org/wp-content/uploads/2025/02/gas-cylinder-300x169.jpg,ग्यास सिलिन्डरको म्याद सकिने मिति हुन्छ,1,Fabricated,"Gas Cylinder, LPG, Nepal","Safety, Consumer",12/02/2025,ne,https://nepalfactcheck.org/2025/02/gas-cylinder/,"भ्रममा नपर्नुस्, ग्यास सिलिन्डरमा एक्सपायरी डेट हुँदैन"
NFC_gas-cylinder,https://nepalfactcheck.org/wp-content/uploads/2025/02/gas-cylinder-300x169.jpg,नेपालमा ग्यास सिलिन्डरको म्याद सकिने मिति हुँदैन । ग्यास सिलिन्डरमा म्याद सकिने मिति जाँच गर्नुपर्छ भन्ने भाइरल दाबी भ्रामक छ।,0,None,"Gas Cylinder, LPG, Nepal","Safety, Consumer",12/02/2025,ne,https://nepalfactcheck.org/2025/02/gas-cylinder/,"भ्रममा नपर्नुस्, ग्यास सिलिन्डरमा एक्सपायरी डेट हुँदैन"
NFC_hesis-photo-misleading-claim-nigeria-university-of-calabar,https://nepalfactcheck.org/wp-content/uploads/2024/12/thesis-300x169.jpg,Photo of theses being thrown is from Nigeria not Nepal or HESIS,1,Geographic_Mismatch,"HESIS, Nigeria, University of Calabar",Education,22/12/2024,ne-en,https://nepalfactcheck.org/2024/12/hesis-photo-misleading-claim-nigeria-university-of-calabar/,थेसिस फ्याँकेको फोटो नेपालको होइन नाइजेरियाको
NFC_hesis-photo-misleading-claim-nigeria-university-of-calabar,https://nepalfactcheck.org/wp-content/uploads/2024/12/thesis-300x169.jpg,The photo of theses/dissertations being thrown is not from Nepal (HESIS) but from the University of Calabar in Nigeria.,0,None,"HESIS, Nigeria, University of Calabar",Education,22/12/2024,ne-en,https://nepalfactcheck.org/2024/12/hesis-photo-misleading-claim-nigeria-university-of-calabar/,थेसिस फ्याँकेको फोटो नेपालको होइन नाइजेरियाको
NFC_kp-oli-factcheck,https://nepalfactcheck.org/wp-content/uploads/2024/09/oli-300x169.jpg,केपी ओलीबारे भारतीय पत्रिकाले यस्तो हेडलाइन छापेका छैनन्,1,Fabricated,"KP Sharma Oli, Indian Media","Politics, Media",25/09/2024,ne,https://nepalfactcheck.org/2024/09/kp-oli-factcheck/,भारतीय पत्रिकाले केपी ओलीबारे यस्तो शीर्षकको समाचार प्रकाशन गरेको होइन
NFC_kp-oli-factcheck,https://nepalfactcheck.org/wp-content/uploads/2024/09/oli-300x169.jpg,एक भारतीय पत्रिकाले केपी शर्मा ओलीको बारेमा नकारात्मक हेडलाइन छापेको झुटो दाबी गरेको छ । उद्धृत पत्रिकाले त्यस्तो कुनै लेख प्रकाशित गरेको छैन।,0,None,"KP Sharma Oli, Indian Media","Politics, Media",25/09/2024,ne,https://nepalfactcheck.org/2024/09/kp-oli-factcheck/,भारतीय पत्रिकाले केपी ओलीबारे यस्तो शीर्षकको समाचार प्रकाशन गरेको होइन
NFC_formaldehyde-in-vaccines-leukemia-claim-reviewed,https://nepalfactcheck.org/wp-content/uploads/2025/02/vaccine-300x169.jpg,Formaldehyde in vaccines causes cancer in children - claim is false,1,Fabricated,"Vaccine, Formaldehyde, Cancer, Children",Health,15/02/2025,ne-en,https://nepalfactcheck.org/2025/02/formaldehyde-in-vaccines-leukemia-claim-reviewed/,खोपमा हालिएको पदार्थले बालबालिकामा क्यान्सर गराउने दावी मिथ्या
NFC_formaldehyde-in-vaccines-leukemia-claim-reviewed,https://nepalfactcheck.org/wp-content/uploads/2025/02/vaccine-300x169.jpg,The viral claim that formaldehyde in vaccines causes leukemia/cancer in children is false. The amount of formaldehyde in vaccines is far too small to cause any harm.,0,None,"Vaccine, Formaldehyde, Cancer, Children",Health,15/02/2025,ne-en,https://nepalfactcheck.org/2025/02/formaldehyde-in-vaccines-leukemia-claim-reviewed/,खोपमा हालिएको पदार्थले बालबालिकामा क्यान्सर गराउने दावी मिथ्या
NFC_raswapa-three-victories-false-claim,https://nepalfactcheck.org/wp-content/uploads/2024/12/viral-16-300x169.jpg,उपनिर्वाचनमा तीन स्थानमा आरएसपीले जितेको भाइरल टिकटकको दाबी गलत हो,1,Fabricated,"RSP, Rastriya Swatantra Party, By-election","Politics, Election",25/12/2024,ne,https://nepalfactcheck.org/2024/12/raswapa-three-victories-false-claim/,उप-निर्वाचनमा रास्वपा तीन ठाउँमा विजयी भएको भाइरल टिकटक गलत
NFC_raswapa-three-victories-false-claim,https://nepalfactcheck.org/wp-content/uploads/2024/12/viral-16-300x169.jpg,उपनिर्वाचनमा आरएसपीले तीनवटा निर्वाचन क्षेत्रमा जितेको भाइरल टिकटक झुटो हो । राप्रपाले तीन स्थानमा जित हासिल गर्न सकेन ।,0,None,"RSP, Rastriya Swatantra Party, By-election","Politics, Election",25/12/2024,ne,https://nepalfactcheck.org/2024/12/raswapa-three-victories-false-claim/,उप-निर्वाचनमा रास्वपा तीन ठाउँमा विजयी भएको भाइरल टिकटक गलत
NFC_ai-incubation,https://nepalfactcheck.org/wp-content/uploads/2024/11/viral-7-300x169.jpg,Era of AI incubation coming where parents not needed for birth - viral video is false,1,Fabricated,"AI, Artificial Womb, Birth Technology","Technology, Health",28/11/2024,ne-en,https://nepalfactcheck.org/2024/11/ai-incubation/,बच्चा जन्माउन बाबुआमा नै नचाहिने गरी एडब्ल्युको युग आउन लागेको? भाइरल भिडियो यसकारण गलत
NFC_ai-incubation,https://nepalfactcheck.org/wp-content/uploads/2024/11/viral-7-300x169.jpg,The viral video claiming an era of AI-assisted birth without parents is coming is false. No such technology currently exists.,0,None,"AI, Artificial Womb, Birth Technology","Technology, Health",28/11/2024,ne-en,https://nepalfactcheck.org/2024/11/ai-incubation/,बच्चा जन्माउन बाबुआमा नै नचाहिने गरी एडब्ल्युको युग आउन लागेको? भाइरल भिडियो यसकारण गलत
NFC_protest-in-support-of-rabi-lamichhane-in-malaysia-is-false,https://nepalfactcheck.org/wp-content/uploads/2024/11/viral-6-1-300x169.jpg,रवि लामिछानेको समर्थनमा मलेसियामा भएको प्रदर्शन झुटो,1,Fabricated,"Rabi Lamichhane, RSP, Malaysia","Politics, International",30/11/2024,ne,https://nepalfactcheck.org/2024/11/protest-in-support-of-rabi-lamichhane-in-malaysia-is-false/,मलेसियामा रवि लामिछानेको समर्थनमा आन्दोलन भएको दावी मिथ्या
NFC_protest-in-support-of-rabi-lamichhane-in-malaysia-is-false,https://nepalfactcheck.org/wp-content/uploads/2024/11/viral-6-1-300x169.jpg,रवि लामिछानेको समर्थनमा मलेसियामा विरोध प्रदर्शन भएको दाबी गलत हो ।,0,None,"Rabi Lamichhane, RSP, Malaysia","Politics, International",30/11/2024,ne,https://nepalfactcheck.org/2024/11/protest-in-support-of-rabi-lamichhane-in-malaysia-is-false/,मलेसियामा रवि लामिछानेको समर्थनमा आन्दोलन भएको दावी मिथ्या
NFC_gaur-office-assistant-operation-claim-fact-check,https://nepalfactcheck.org/wp-content/uploads/2024/10/viral-3-300x169.jpg,"फेसबुक अफवाह: अफिस असिस्टेन्टले गरे अपरेशन - भाइरल पोस्ट, तर सत्य के हो?",1,Fabricated,"Gaur, Office Assistant, Surgery","Health, Society",15/10/2024,ne,https://nepalfactcheck.org/2024/10/gaur-office-assistant-operation-claim-fact-check/,"फेसबुकमा अफवाह: कार्यालय सहयोगीले अपरेसन गरेको भन्दै पोस्ट भाइरल, तर तथ्य के हो?"
NFC_gaur-office-assistant-operation-claim-fact-check,https://nepalfactcheck.org/wp-content/uploads/2024/10/viral-3-300x169.jpg,गौरका कार्यालय सहायकले शल्यक्रिया गरेको भनी भाइरल फेसबुक पोस्ट गलत हो । त्यस्तो घटना घटेको छैन ।,0,None,"Gaur, Office Assistant, Surgery","Health, Society",15/10/2024,ne,https://nepalfactcheck.org/2024/10/gaur-office-assistant-operation-claim-fact-check/,"फेसबुकमा अफवाह: कार्यालय सहयोगीले अपरेसन गरेको भन्दै पोस्ट भाइरल, तर तथ्य के हो?"
NFC_karnali-bba-factcheck,https://nepalfactcheck.org/wp-content/uploads/2024/09/bba-300x169.jpg,अन्नपूर्ण पोस्टले कर्णालीमा पहिलो पटक बीबीए पढाउने दाबी गलत भएको छ,1,Fabricated,"Karnali, BBA, Annapurna Post","Education, Media",30/09/2024,ne,https://nepalfactcheck.org/2024/09/karnali-bba-factcheck/,कर्णालीमा पहिलो पटक बीबीए पढाइ हुने अन्नपूर्ण पोष्टको दाबी गलत
NFC_karnali-bba-factcheck,https://nepalfactcheck.org/wp-content/uploads/2024/09/bba-300x169.jpg,कर्णाली प्रदेशमा पहिलो पटक बीबीए (व्यापार प्रशासन स्नातक) पढाइने अन्नपूर्ण पोस्टको दाबी गलत छ । त्यहाँ पहिलेदेखि बीबीए पढाइँदै थियो ।,0,None,"Karnali, BBA, Annapurna Post","Education, Media",30/09/2024,ne,https://nepalfactcheck.org/2024/09/karnali-bba-factcheck/,कर्णालीमा पहिलो पटक बीबीए पढाइ हुने अन्नपूर्ण पोष्टको दाबी गलत
NFC_koshi-province-mp-was-not-suspended-after-arrest,https://nepalfactcheck.org/wp-content/uploads/2024/11/viral-15-300x169.jpg,कोशी प्रदेश सांसद लीलाबल्लभ अधिकारी पक्राउपछि निलम्बनमा परे ?,1,Fabricated,"Lilaballabh Adhikari, Koshi Province, Nepal Parliament","Legal, Politics",28/12/2024,ne,https://nepalfactcheck.org/2024/12/koshi-province-mp-was-not-suspended-after-arrest/,के कोशी प्रदेश सांसद लीलाबल्लभ अधिकारी पक्राउ परेसँगै निलम्बनमा परेका थिए?
NFC_koshi-province-mp-was-not-suspended-after-arrest,https://nepalfactcheck.org/wp-content/uploads/2024/11/viral-15-300x169.jpg,कोशी प्रदेशका सांसद लीलाबल्लभ अधिकारी पक्राउ परेपछि स्वतः निलम्बन भएनन् । निलम्बनको दाबी गर्ने मिडिया रिपोर्टहरू गलत थिए।,0,None,"Lilaballabh Adhikari, Koshi Province, Nepal Parliament","Legal, Politics",28/12/2024,ne,https://nepalfactcheck.org/2024/12/koshi-province-mp-was-not-suspended-after-arrest/,के कोशी प्रदेश सांसद लीलाबल्लभ अधिकारी पक्राउ परेसँगै निलम्बनमा परेका थिए?
NFC_sunil-pokhrel-hollywood-walk-of-fame-factcheck,https://nepalfactcheck.org/wp-content/uploads/2024/09/sunil-300x169.jpg,अभिनेता सुनिल पोखरेलले हलिउड वाक अफ फेम सम्मान पाएनन्,1,Fabricated,"Sunil Pokhrel, Hollywood Walk of Fame, Nepal",Entertainment,22/09/2024,ne,https://nepalfactcheck.org/2024/09/sunil-pokhrel-hollywood-walk-of-fame-factcheck/,कलाकार सुनील पोखरेलले हलिउड वाक अफ फेम सम्मान पाएका होइनन्
NFC_sunil-pokhrel-hollywood-walk-of-fame-factcheck,https://nepalfactcheck.org/wp-content/uploads/2024/09/sunil-300x169.jpg,नेपाली अभिनेता सुनिल पोखरेलले हलिउड वाक अफ फेम स्टार पाएको दाबी गलत हो ।,0,None,"Sunil Pokhrel, Hollywood Walk of Fame, Nepal",Entertainment,22/09/2024,ne,https://nepalfactcheck.org/2024/09/sunil-pokhrel-hollywood-walk-of-fame-factcheck/,कलाकार सुनील पोखरेलले हलिउड वाक अफ फेम सम्मान पाएका होइनन्
NFC_pm-oli-hospitalized-claim-false,https://nepalfactcheck.org/wp-content/uploads/2025/01/kp-birami-300x169.png,अस्पतालमा प्रधानमन्त्री ओलीको तस्बिर पाँच वर्ष पुरानो,1,Temporal_Mismatch,"KP Sharma Oli, Hospital, Nepal","Politics, Health",28/01/2025,ne,https://nepalfactcheck.org/2025/01/pm-oli-hospitalized-claim-false/,प्रधानमन्त्री ओली अस्पतालमा भएको फोटो पाँच वर्ष पुरानो
NFC_pm-oli-hospitalized-claim-false,https://nepalfactcheck.org/wp-content/uploads/2025/01/kp-birami-300x169.png,प्रधानमन्त्री केपी शर्मा ओली हाल अस्पतालमा भर्ना भएका देखाएको तस्बिर वास्तवमा पाँच वर्ष पुरानो हो । उनी अहिले अस्पतालमा भर्ना छैनन् ।,0,None,"KP Sharma Oli, Hospital, Nepal","Politics, Health",28/01/2025,ne,https://nepalfactcheck.org/2025/01/pm-oli-hospitalized-claim-false/,प्रधानमन्त्री ओली अस्पतालमा भएको फोटो पाँच वर्ष पुरानो
NFC_fact-check-nic-asia-bank-about-balance-check,https://nepalfactcheck.org/wp-content/uploads/2024/10/viral-4-300x169.jpg,एनआईसी एशिया बैंकको नाममा फर्जी म्यासेज,1,Fabricated,"NIC Asia Bank, Scam, Nepal","Finance, Security",18/10/2024,ne,https://nepalfactcheck.org/2024/10/fact-check-nic-asia-bank-about-balance-check/,एनआइसी एसिया बैङ्कको नाममा भएको नक्कली म्यासेजको वास्तविकता
NFC_fact-check-nic-asia-bank-about-balance-check,https://nepalfactcheck.org/wp-content/uploads/2024/10/viral-4-300x169.jpg,एनआईसी एशिया बैंकको नाममा ब्यालेन्स चेकको नक्कली म्यासेज फैलिएको छ । एनआईसी एशिया बैंकले यो सन्देश पठाएको छैन।,0,None,"NIC Asia Bank, Scam, Nepal","Finance, Security",18/10/2024,ne,https://nepalfactcheck.org/2024/10/fact-check-nic-asia-bank-about-balance-check/,एनआइसी एसिया बैङ्कको नाममा भएको नक्कली म्यासेजको वास्तविकता
NFC_tiktok-ban-misinformation,https://nepalfactcheck.org/wp-content/uploads/2024/12/TIKTOK-1-300x169.jpg,TikTok to be banned worldwide? Viral video claim is misleading,1,Fabricated,"TikTok, Ban, Social Media","Technology, International",05/12/2024,ne-en,https://nepalfactcheck.org/2024/12/tiktok-ban-misinformation/,टिकटक संसारभर बन्द हुने? भाइरल भिडियोको दावी यसकारण भ्रामक
NFC_tiktok-ban-misinformation,https://nepalfactcheck.org/wp-content/uploads/2024/12/TIKTOK-1-300x169.jpg,"The viral claim that TikTok will be banned worldwide is misleading. While TikTok faced a US ban, a global ban has not happened.",0,None,"TikTok, Ban, Social Media","Technology, International",05/12/2024,ne-en,https://nepalfactcheck.org/2024/12/tiktok-ban-misinformation/,टिकटक संसारभर बन्द हुने? भाइरल भिडियोको दावी यसकारण भ्रामक
NFC_viral-facebook-video-lung-health-breath-holding-claim-fact-check,https://nepalfactcheck.org/wp-content/uploads/2024/12/WhatsApp-Image-2024-12-30-at-12.55.47-300x169.jpeg,Holding breath for a few seconds reveals if lungs are healthy,1,Fabricated,"Lung Health, Breath Holding, COVID-19",Health,08/12/2024,ne-en,https://nepalfactcheck.org/2024/12/viral-facebook-video-lung-health-breath-holding-claim-fact-check/,"भ्रममा नपर्नुस्, केही सेकेण्ड सास रोक्दैमा फोक्सो स्वस्थ भए/नभएको थाहा हुँदैन"
NFC_viral-facebook-video-lung-health-breath-holding-claim-fact-check,https://nepalfactcheck.org/wp-content/uploads/2024/12/WhatsApp-Image-2024-12-30-at-12.55.47-300x169.jpeg,The viral claim that holding your breath for a few seconds tells you if your lungs are healthy is false. This is medical misinformation.,0,None,"Lung Health, Breath Holding, COVID-19",Health,08/12/2024,ne-en,https://nepalfactcheck.org/2024/12/viral-facebook-video-lung-health-breath-holding-claim-fact-check/,"भ्रममा नपर्नुस्, केही सेकेण्ड सास रोक्दैमा फोक्सो स्वस्थ भए/नभएको थाहा हुँदैन"
NFC_prime-minister-oli-ram-kumari-jhakri-deepfake-video,https://nepalfactcheck.org/wp-content/uploads/2025/01/kp-oli-1-300x169.jpg,प्रधानमन्त्री ओली र झंक्री जस्तो भाइरल भिडियो डिपफेक हो,1,Fabricated,"KP Sharma Oli, Ram Kumari Jhankri, Deepfake, AI","Politics, Technology",05/01/2025,ne,https://nepalfactcheck.org/2025/01/prime-minister-oli-ram-kumari-jhakri-deepfake-video/,प्रधानमन्त्री ओली र झाँक्री जस्तै देखिने भाइरल भिडियो डिपफेक प्रविधिबाट बनाइएको नक्कली
NFC_prime-minister-oli-ram-kumari-jhakri-deepfake-video,https://nepalfactcheck.org/wp-content/uploads/2025/01/kp-oli-1-300x169.jpg,प्रधानमन्त्री केपी शर्मा ओली र रामकुमारी झाँक्री सँगै देखिने भाइरल भिडियो एआई प्रविधि प्रयोग गरेर सिर्जना गरिएको डिपफेक हो।,0,None,"KP Sharma Oli, Ram Kumari Jhankri, Deepfake, AI","Politics, Technology",05/01/2025,ne,https://nepalfactcheck.org/2025/01/prime-minister-oli-ram-kumari-jhakri-deepfake-video/,प्रधानमन्त्री ओली र झाँक्री जस्तै देखिने भाइरल भिडियो डिपफेक प्रविधिबाट बनाइएको नक्कली
NFC_viral-video-falsely-claims-couples-must-have-child-after-marriage,https://nepalfactcheck.org/wp-content/uploads/2024/09/child-birth-300x169.jpg,विवाहपछि तुरुन्तै सन्तान जन्माउनुपर्ने भ्रामक दाबीसहितको भिडियो भाइरल भएको छ,1,Fabricated,"Marriage, Child, Nepal Law","Legal, Society",18/09/2024,ne,https://nepalfactcheck.org/2024/09/viral-video-falsely-claims-couples-must-have-child-after-marriage/,बिहे गर्ने बित्तिकै बच्चा जन्माइहाल्नुपर्ने भ्रामक दावीसहितको भिडियो भाइरल
NFC_viral-video-falsely-claims-couples-must-have-child-after-marriage,https://nepalfactcheck.org/wp-content/uploads/2024/09/child-birth-300x169.jpg,भाइरल भिडियोले नेपालको कानुनले दम्पतीले विवाहपछि तुरुन्तै सन्तान जन्माउनु पर्ने दाबी गरेको छ। त्यस्तो कानुन छैन ।,0,None,"Marriage, Child, Nepal Law","Legal, Society",18/09/2024,ne,https://nepalfactcheck.org/2024/09/viral-video-falsely-claims-couples-must-have-child-after-marriage/,बिहे गर्ने बित्तिकै बच्चा जन्माइहाल्नुपर्ने भ्रामक दावीसहितको भिडियो भाइरल
NFC_prime-minister-oli-madan-bhandari-murder-claim-fact-check,https://nepalfactcheck.org/wp-content/uploads/2025/02/kp-madan-300x169.jpg,मदन भण्डारीलाई मार्न भनिएको प्रधानमन्त्री ओलीको भाइरल भिडियोको सत्यता के हो ?,1,Miscaptioned,"KP Sharma Oli, Madan Bhandari, CPN-UML",Politics,28/02/2025,ne,https://nepalfactcheck.org/2025/02/prime-minister-oli-madan-bhandari-murder-claim-fact-check/,के हो मदन भण्डारीलाई मार्न मलाई जिम्मा दिन खोजेको भन्दै गरेको प्रम ओलीको भाइरल भिडियोको तथ्य
NFC_prime-minister-oli-madan-bhandari-murder-claim-fact-check,https://nepalfactcheck.org/wp-content/uploads/2025/02/kp-madan-300x169.jpg,प्रधानमन्त्री केपी शर्मा ओलीले आफूलाई मदन भण्डारीको हत्याको जिम्मा दिएको देखाएको भाइरल भिडियोलाई प्रसंग बाहिर निकालिएको छ । पूर्ण सन्दर्भमा सुन्दा वास्तविक कथन फरक थियो।,0,None,"KP Sharma Oli, Madan Bhandari, CPN-UML",Politics,28/02/2025,ne,https://nepalfactcheck.org/2025/02/prime-minister-oli-madan-bhandari-murder-claim-fact-check/,के हो मदन भण्डारीलाई मार्न मलाई जिम्मा दिन खोजेको भन्दै गरेको प्रम ओलीको भाइरल भिडियोको तथ्य
NFC_facebook-policy-change-rumor-debunked,https://nepalfactcheck.org/wp-content/uploads/2025/08/facebook-copypasta-msg-1-300x169.png,Facebook introduced new policy to use private photos,1,Fabricated,"Facebook, Privacy Policy, Hoax","Technology, Social Media",01/08/2025,ne-en,https://nepalfactcheck.org/2025/08/facebook-policy-change-rumor-debunked/,फेसबुकले निजी तस्बिर प्रयोग गर्ने नयाँ नियम ल्याएको दावी झुटो
NFC_facebook-policy-change-rumor-debunked,https://nepalfactcheck.org/wp-content/uploads/2025/08/facebook-copypasta-msg-1-300x169.png,The viral chain message claiming Facebook introduced a new policy to use your private photos is false. This is a recurring hoax.,0,None,"Facebook, Privacy Policy, Hoax","Technology, Social Media",01/08/2025,ne-en,https://nepalfactcheck.org/2025/08/facebook-policy-change-rumor-debunked/,फेसबुकले निजी तस्बिर प्रयोग गर्ने नयाँ नियम ल्याएको दावी झुटो
NFC_viral-video-army-vehicles-factcheck,https://nepalfactcheck.org/wp-content/uploads/2025/09/tej-bikram-claim-300x169.png,गलत सूचना फैलाउने लाइभ भिडियो : नेपाली सेनाको नियमित अपरेशन बढाइचढाइ,1,Miscaptioned,"Nepal Army, Military Vehicles","Military, Politics",01/09/2025,ne,https://nepalfactcheck.org/2025/09/viral-video-army-vehicles-factcheck/,भ्रम फैलाउने लाइभ भिडियोः नेपाली सेनाको नियमित कारवाहीलाई अतिरञ्जित बनाइयो
NFC_viral-video-army-vehicles-factcheck,https://nepalfactcheck.org/wp-content/uploads/2025/09/tej-bikram-claim-300x169.png,नेपाली सेनाको नियमित अपरेशनलाई असाधारण वा धम्कीपूर्ण भनी बढाइचढाइ गर्ने लाइभ भिडियो भ्रामक दाबीसहित शेयर गरिएको थियो।,0,None,"Nepal Army, Military Vehicles","Military, Politics",01/09/2025,ne,https://nepalfactcheck.org/2025/09/viral-video-army-vehicles-factcheck/,भ्रम फैलाउने लाइभ भिडियोः नेपाली सेनाको नियमित कारवाहीलाई अतिरञ्जित बनाइयो
NFC_suicide-rates,https://nepalfactcheck.org/wp-content/uploads/2025/05/Kantipur-article-fact-check-1-300x169.png,कान्तिपुरले प्रकाशित गरेको लेखमा आत्महत्या दरका तीनवटा दाबी तथ्यगत रुपमा गलत छन्,1,Miscaptioned,"Kantipur, Suicide Rate, Nepal","Health, Media",05/05/2025,ne,https://nepalfactcheck.org/2025/05/suicide-rates/,कान्तिपुरका प्रकाशित लेखका तीन दावी तथ्यगत रुपमा गलत
NFC_suicide-rates,https://nepalfactcheck.org/wp-content/uploads/2025/05/Kantipur-article-fact-check-1-300x169.png,नेपालमा आत्महत्या दर बारे कान्तिपुर दैनिकले छापेको लेखमा तीनवटा तथ्यपरक दाबी गलत भएको पाइएको छ ।,0,None,"Kantipur, Suicide Rate, Nepal","Health, Media",05/05/2025,ne,https://nepalfactcheck.org/2025/05/suicide-rates/,कान्तिपुरका प्रकाशित लेखका तीन दावी तथ्यगत रुपमा गलत
NFC_onlinekhabar-ai-news-summary-factcheck,https://nepalfactcheck.org/wp-content/uploads/2025/06/OK-ai-fact-check-300x169.jpg,Onlinekhabar AI द्वारा उत्पन्न समाचार सारांशमा गलत जानकारी छ,1,Fabricated,"Onlinekhabar, AI, News Summary","Media, Technology",01/06/2025,ne,https://nepalfactcheck.org/2025/06/onlinekhabar-ai-news-summary-factcheck/,अनलाइनखबरको एआईद्वारा तयार न्युज समरीमा मिथ्या सूचना
NFC_onlinekhabar-ai-news-summary-factcheck,https://nepalfactcheck.org/wp-content/uploads/2025/06/OK-ai-fact-check-300x169.jpg,अनलाइनखबर द्वारा प्रकाशित एआई-उत्पन्न समाचार सारांशमा तथ्यात्मक त्रुटि र गलत जानकारी समावेश छ।,0,None,"Onlinekhabar, AI, News Summary","Media, Technology",01/06/2025,ne,https://nepalfactcheck.org/2025/06/onlinekhabar-ai-news-summary-factcheck/,अनलाइनखबरको एआईद्वारा तयार न्युज समरीमा मिथ्या सूचना
NFC_bhatbhateni-35-skeleton-claim-misleading,https://nepalfactcheck.org/wp-content/uploads/2025/09/bhatbhateni-claim-300x169.jpg,भाटभटेनी चुच्चेपाटीमा ३५ वटा कंकाल फेला नपरेको दाबी भ्रामक,1,Fabricated,"BhatBhateni, Chuchepati, Kathmandu, Skeletons",Society,02/09/2025,ne,https://nepalfactcheck.org/2025/09/bhatbhateni-35-skeleton-claim-misleading/,"भ्रममा नपर्नुस्, चुच्चेपाटीको भाटभटेनीमा ३५ जनाको कंकाल भेटिएको छैन"
NFC_bhatbhateni-35-skeleton-claim-misleading,https://nepalfactcheck.org/wp-content/uploads/2025/09/bhatbhateni-claim-300x169.jpg,चुच्चेपाटीको भाटभटेनी सुपरमार्केटमा ३५ वटा मानव कंकाल फेला परेको दाबी गलत हो ।,0,None,"BhatBhateni, Chuchepati, Kathmandu, Skeletons",Society,02/09/2025,ne,https://nepalfactcheck.org/2025/09/bhatbhateni-35-skeleton-claim-misleading/,"भ्रममा नपर्नुस्, चुच्चेपाटीको भाटभटेनीमा ३५ जनाको कंकाल भेटिएको छैन"
NFC_balens-signature-not-for-rabi-support,https://nepalfactcheck.org/wp-content/uploads/2025/07/balen-in-support-of-rabi-lamichhane-300x169.png,रवि लामिछानेको समर्थनमा बलेन शाहले हस्ताक्षर गरेनन्,1,Fabricated,"Balendra Shah, Balen, Rabi Lamichhane, RSP",Politics,01/07/2025,ne,https://nepalfactcheck.org/2025/07/balens-signature-not-for-rabi-support/,"नझुक्किनुस्, बालेनले रवि लामिछानेको पक्षमा हस्ताक्षर गरेका होइनन्"
NFC_balens-signature-not-for-rabi-support,https://nepalfactcheck.org/wp-content/uploads/2025/07/balen-in-support-of-rabi-lamichhane-300x169.png,काठमाडौंका मेयर बलेन शाहले रवि लामिछानेको पक्षमा कुनै निवेदन वा कागजातमा हस्ताक्षर गरेका छैनन् । दाबी गलत छ।,0,None,"Balendra Shah, Balen, Rabi Lamichhane, RSP",Politics,01/07/2025,ne,https://nepalfactcheck.org/2025/07/balens-signature-not-for-rabi-support/,"नझुक्किनुस्, बालेनले रवि लामिछानेको पक्षमा हस्ताक्षर गरेका होइनन्"
NFC_impeachment-vs-removal-deputy-speaker-nepal,https://nepalfactcheck.org/wp-content/uploads/2025/08/Deputy-speaker-impeachment-300x169.png,के उपसभामुखलाई महाभियोग लगाउन सकिन्छ ? मिडियाको समाचार भ्रामक छ,1,Miscaptioned,"Deputy Speaker, Impeachment, Nepal Parliament","Legal, Politics, Media",08/08/2025,ne,https://nepalfactcheck.org/2025/08/impeachment-vs-removal-deputy-speaker-nepal/,के उपसभामुखलाई महाभियोग लाग्छ? मिडिया समाचार यसकारण भ्रामक
NFC_impeachment-vs-removal-deputy-speaker-nepal,https://nepalfactcheck.org/wp-content/uploads/2025/08/Deputy-speaker-impeachment-300x169.png,"Media reporting about impeachment of the Deputy Speaker used incorrect legal terminology. The correct process is ""removal"", not ""impeachment"" (महाभियोग).",0,None,"Deputy Speaker, Impeachment, Nepal Parliament","Legal, Politics, Media",08/08/2025,ne,https://nepalfactcheck.org/2025/08/impeachment-vs-removal-deputy-speaker-nepal/,के उपसभामुखलाई महाभियोग लाग्छ? मिडिया समाचार यसकारण भ्रामक
NFC_chain-message-about-new-rules-regarding-whatsapp-is-false,https://nepalfactcheck.org/wp-content/uploads/2025/05/whatsapp-factcheck-300x169.jpg,WhatsApp calls will be recorded - viral posts are false,1,Fabricated,"WhatsApp, Call Recording, Privacy","Technology, Privacy",10/05/2025,ne-en,https://nepalfactcheck.org/2025/05/chain-message-about-new-rules-regarding-whatsapp-is-false/,"नझुक्किनुस्, ह्वाट्सएप कलहरु रेकर्ड गरिने भन्दै फैलिएका पोस्ट सही होइन"
NFC_chain-message-about-new-rules-regarding-whatsapp-is-false,https://nepalfactcheck.org/wp-content/uploads/2025/05/whatsapp-factcheck-300x169.jpg,The viral chain message claiming WhatsApp calls will now be recorded is false. WhatsApp uses end-to-end encryption.,0,None,"WhatsApp, Call Recording, Privacy","Technology, Privacy",10/05/2025,ne-en,https://nepalfactcheck.org/2025/05/chain-message-about-new-rules-regarding-whatsapp-is-false/,"नझुक्किनुस्, ह्वाट्सएप कलहरु रेकर्ड गरिने भन्दै फैलिएका पोस्ट सही होइन"
NFC_hpv-vaccine-clinical-trial-nepal-fact-check,https://nepalfactcheck.org/wp-content/uploads/2025/03/vaccine-300x169.png,HPV vaccine clinical trial was not conducted in Nepal - viral claim is false,1,Fabricated,"HPV Vaccine, Clinical Trial, Nepal",Health,05/03/2025,ne-en,https://nepalfactcheck.org/2025/03/hpv-vaccine-clinical-trial-nepal-fact-check/,"नेपालमा एचपीभी खोपको क्लिनिकल ट्रायल गरिएको होइन, भाइरल दावी गलत"
NFC_hpv-vaccine-clinical-trial-nepal-fact-check,https://nepalfactcheck.org/wp-content/uploads/2025/03/vaccine-300x169.png,The claim that HPV vaccine clinical trials were conducted in Nepal is false. Standard vaccine approval processes were followed.,0,None,"HPV Vaccine, Clinical Trial, Nepal",Health,05/03/2025,ne-en,https://nepalfactcheck.org/2025/03/hpv-vaccine-clinical-trial-nepal-fact-check/,"नेपालमा एचपीभी खोपको क्लिनिकल ट्रायल गरिएको होइन, भाइरल दावी गलत"
NFC_prachanda-signature-not-for-lamichhane,https://nepalfactcheck.org/wp-content/uploads/2025/07/prachanda-with-rabi-fact-check-300x169.png,के रवि लामिछानेको समर्थनमा प्रचण्डले हस्ताक्षर गरे ?,1,Fabricated,"Pushpa Kamal Dahal, Prachanda, Rabi Lamichhane, RSP",Politics,05/07/2025,ne,https://nepalfactcheck.org/2025/07/prachanda-signature-not-for-lamichhane/,के प्रचण्डले रवि लामिछानेको पक्षमा हस्ताक्षर गरेका हुन्?
NFC_prachanda-signature-not-for-lamichhane,https://nepalfactcheck.org/wp-content/uploads/2025/07/prachanda-with-rabi-fact-check-300x169.png,रवि लामिछानेको पक्षमा कुनै पनि निवेदनमा पुष्पकमल दाहाल (प्रचण्ड)ले हस्ताक्षर गरेका छैनन् । दाबी गलत छ।,0,None,"Pushpa Kamal Dahal, Prachanda, Rabi Lamichhane, RSP",Politics,05/07/2025,ne,https://nepalfactcheck.org/2025/07/prachanda-signature-not-for-lamichhane/,के प्रचण्डले रवि लामिछानेको पक्षमा हस्ताक्षर गरेका हुन्?
NFC_pregnancy-photo-kit-hoax,https://nepalfactcheck.org/wp-content/uploads/2025/07/prehnancy-test-kit-300x169.jpg,Technology to show father's photo in pregnancy test kit has not arrived,1,Fabricated,"Pregnancy Kit, Father Photo Hoax","Technology, Health",08/07/2025,ne-en,https://nepalfactcheck.org/2025/07/pregnancy-photo-kit-hoax/,"नझुक्किनुस्, प्रेगनेन्सी टेस्ट किटमा पिताको फोटो देखिने प्रविधि आइसकेको छैन"
NFC_pregnancy-photo-kit-hoax,https://nepalfactcheck.org/wp-content/uploads/2025/07/prehnancy-test-kit-300x169.jpg,The viral claim that a new pregnancy test kit shows the father's photo has not been invented. The claim is false.,0,None,"Pregnancy Kit, Father Photo Hoax","Technology, Health",08/07/2025,ne-en,https://nepalfactcheck.org/2025/07/pregnancy-photo-kit-hoax/,"नझुक्किनुस्, प्रेगनेन्सी टेस्ट किटमा पिताको फोटो देखिने प्रविधि आइसकेको छैन"
NFC_nuwakot-five-babies-viral-photo-ai-misleading,https://nepalfactcheck.org/wp-content/uploads/2025/08/nuwakot-5-babies-300x169.jpg,नुवाकोटकी एक महिलाले पाँच सन्तान जन्माएको भाइरल खबरले भ्रम फैलाएको छ,1,Fabricated,"Nuwakot, Five Babies, AI Generated","Society, Health",10/08/2025,ne,https://nepalfactcheck.org/2025/08/nuwakot-five-babies-viral-photo-ai-misleading/,नुवाकोटकी महिलाले पाँच बच्चा जन्माएको भाइरल सूचनाले यसरी फैलायो भ्रम
NFC_nuwakot-five-babies-viral-photo-ai-misleading,https://nepalfactcheck.org/wp-content/uploads/2025/08/nuwakot-5-babies-300x169.jpg,नुवाकोटकी एक महिलाले पाँच सन्तान जन्माएको भाइरल तस्बिर र दाबी एआईद्वारा निर्मित र भ्रामक छ ।,0,None,"Nuwakot, Five Babies, AI Generated","Society, Health",10/08/2025,ne,https://nepalfactcheck.org/2025/08/nuwakot-five-babies-viral-photo-ai-misleading/,नुवाकोटकी महिलाले पाँच बच्चा जन्माएको भाइरल सूचनाले यसरी फैलायो भ्रम
NFC_prime-minister-oli-did-not-mention-he-pleaded-for-ceasefire-between-india-and-pakistan,https://nepalfactcheck.org/wp-content/uploads/2025/05/deshsanchar-misleading-300x169.jpg,तथ्य जाँचः भारत–पाकिस्तान युद्ध र युद्धविरामबारे प्रधानमन्त्री ओलीले के भने ?,1,Miscaptioned,"KP Sharma Oli, India, Pakistan, Ceasefire","Politics, International",12/05/2025,ne,https://nepalfactcheck.org/2025/05/prime-minister-oli-did-not-mention-he-pleaded-for-ceasefire-between-india-and-pakistan/,तथ्य जाँच : भारत-पाकिस्तान युद्ध बारे प्रधानमन्त्री ओलीले के भनेका हुन् ?
NFC_prime-minister-oli-did-not-mention-he-pleaded-for-ceasefire-between-india-and-pakistan,https://nepalfactcheck.org/wp-content/uploads/2025/05/deshsanchar-misleading-300x169.jpg,प्रधानमन्त्री केपी शर्मा ओलीले भारत र पाकिस्तानबीच युद्धविरामका लागि व्यक्तिगत रुपमा बिन्ती गरेको दाबी गरेका छैनन् । उनको भनाइलाई गलत ढंगले प्रस्तुत गरिएको छ ।,0,None,"KP Sharma Oli, India, Pakistan, Ceasefire","Politics, International",12/05/2025,ne,https://nepalfactcheck.org/2025/05/prime-minister-oli-did-not-mention-he-pleaded-for-ceasefire-between-india-and-pakistan/,तथ्य जाँच : भारत-पाकिस्तान युद्ध बारे प्रधानमन्त्री ओलीले के भनेका हुन् ?
NFC_rpp-balaju-indian-flag-photo-fake,https://nepalfactcheck.org/wp-content/uploads/2025/04/balkhu-300x169.jpg,राप्रपाको र्‍यालीमा भारतीय झण्डा ? सम्पादित तस्बिर प्रयोग गरेर गलत सूचना फैलियो,1,Fabricated,"RPP, Balaju, Indian Flag, Edited Photo",Politics,08/04/2025,ne,https://nepalfactcheck.org/2025/04/rpp-balaju-indian-flag-photo-fake/,राप्रपाको प्रदर्शनमा भारतीय झण्डा? सम्पादित फोटोका भरमा फैलाइएको भ्रम
NFC_rpp-balaju-indian-flag-photo-fake,https://nepalfactcheck.org/wp-content/uploads/2025/04/balkhu-300x169.jpg,राप्रपा (राष्ट्रिय प्रजातन्त्र पार्टी) को जुलुसमा भारतीय झण्डा देखाएको डिजिटल सम्पादन गरिएको तस्बिर झुटो प्रचार गरिएको थियो ।,0,None,"RPP, Balaju, Indian Flag, Edited Photo",Politics,08/04/2025,ne,https://nepalfactcheck.org/2025/04/rpp-balaju-indian-flag-photo-fake/,राप्रपाको प्रदर्शनमा भारतीय झण्डा? सम्पादित फोटोका भरमा फैलाइएको भ्रम
NFC_genz-against-corruption-not-hindu-nation,https://nepalfactcheck.org/wp-content/uploads/2025/09/SEE-1-300x169.jpg,Gen-Z आन्दोलन हिन्दू राष्ट्रको मागका लागि भएको दाबी गर्ने भारतबाट गलत सूचना,1,Miscaptioned,"Gen-Z, Hindu Nation, Nepal, India","Politics, Society",08/09/2025,ne,https://nepalfactcheck.org/2025/09/genz-against-corruption-not-hindu-nation/,जेन-जीको आन्दोलन हिन्दू राष्ट्रको मागका लागि भन्दै भ्रामक सूचना भारतबाट फैलाइयो
NFC_genz-against-corruption-not-hindu-nation,https://nepalfactcheck.org/wp-content/uploads/2025/09/SEE-1-300x169.jpg,भारतबाट नेपाललाई हिन्दू राष्ट्र बनाउने उद्देश्यले नेपालको जेन-जेड आन्दोलनको भ्रामक सूचना फैलाइएको थियो। जेन-जेड आन्दोलन भ्रष्टाचार विरुद्ध थियो।,0,None,"Gen-Z, Hindu Nation, Nepal, India","Politics, Society",08/09/2025,ne,https://nepalfactcheck.org/2025/09/genz-against-corruption-not-hindu-nation/,जेन-जीको आन्दोलन हिन्दू राष्ट्रको मागका लागि भन्दै भ्रामक सूचना भारतबाट फैलाइयो
NFC_journalist-suresh-rajak-postmortem-bullet-claim-false,https://nepalfactcheck.org/wp-content/uploads/2025/03/rajak-300x169.jpg,"पत्रकार सुरेश रजकको पोष्टमार्टम भएन, शरीरमा गोली लागेको खबर गलत",1,Fabricated,"Suresh Rajak, Journalist, Nepal","Media, Legal",15/03/2025,ne,https://nepalfactcheck.org/2025/03/journalist-suresh-rajak-postmortem-bullet-claim-false/,"पत्रकार रजकको पोस्टमार्टम गरिएकै छैन, शरीरमा गोली भेटिएको खबर गलत"
NFC_journalist-suresh-rajak-postmortem-bullet-claim-false,https://nepalfactcheck.org/wp-content/uploads/2025/03/rajak-300x169.jpg,पोष्टमार्टमपछि पत्रकार सुरेश रजकको शवमा गोली फेला परेको समाचार झुटो भएको छ । पोस्टमार्टम प्रकाशनको समयमा गरिएको थिएन।,0,None,"Suresh Rajak, Journalist, Nepal","Media, Legal",15/03/2025,ne,https://nepalfactcheck.org/2025/03/journalist-suresh-rajak-postmortem-bullet-claim-false/,"पत्रकार रजकको पोस्टमार्टम गरिएकै छैन, शरीरमा गोली भेटिएको खबर गलत"
NFC_national-flag-was-not-at-half-mast-in-uml-event,https://nepalfactcheck.org/wp-content/uploads/2025/04/flag-half-mast-300x169.jpg,एमालेको कार्यक्रममा राष्ट्रिय झण्डा आधा झुकिएको दाबीको तथ्य जाँचः भ्रम वा वास्तविकता ?,1,Miscaptioned,"National Flag, CPN-UML, Half Mast",Politics,12/04/2025,ne,https://nepalfactcheck.org/2025/04/national-flag-was-not-at-half-mast-in-uml-event/,राष्ट्रिय झण्डा आधा झुकाइएको दावीको तथ्यजाँच: भ्रम कि वास्तविकता?
NFC_national-flag-was-not-at-half-mast-in-uml-event,https://nepalfactcheck.org/wp-content/uploads/2025/04/flag-half-mast-300x169.jpg,एमालेको कार्यक्रममा राष्ट्रिय झण्डा आधा झुकिएको दाबी भ्रामक छ । झण्डा स्थिति अन्य कारणले गर्दा थियो।,0,None,"National Flag, CPN-UML, Half Mast",Politics,12/04/2025,ne,https://nepalfactcheck.org/2025/04/national-flag-was-not-at-half-mast-in-uml-event/,राष्ट्रिय झण्डा आधा झुकाइएको दावीको तथ्यजाँच: भ्रम कि वास्तविकता?
NFC_nepal-army-2,https://nepalfactcheck.org/wp-content/uploads/2025/03/army-300x169.jpg,तथ्य जाँच: सेना प्रमुखलाई जिम्मेवार भाइरल भइरहेको दाबी गलत हो,1,Fabricated,"Nepal Army Chief, Nepal Army","Military, Politics",20/03/2025,ne,https://nepalfactcheck.org/2025/03/nepal-army-2/,तथ्य जाँच : प्रधानसेनापतिको भनाइ भन्दै भाइरल भएको दाबी मिथ्या
NFC_nepal-army-2,https://nepalfactcheck.org/wp-content/uploads/2025/03/army-300x169.jpg,नेपाली सेना प्रमुखको भाइरल दाबी गलत हो । उनले त्यस्तो अभिव्यक्ति दिएनन् ।,0,None,"Nepal Army Chief, Nepal Army","Military, Politics",20/03/2025,ne,https://nepalfactcheck.org/2025/03/nepal-army-2/,तथ्य जाँच : प्रधानसेनापतिको भनाइ भन्दै भाइरल भएको दाबी मिथ्या
NFC_relationship-insurance,https://nepalfactcheck.org/wp-content/uploads/2025/05/IK-FACT-CHECK-300x169.png,सम्बन्ध बीमा: अप्रिल फूलको मजाक समाचार बन्यो,1,Fabricated,"Relationship Insurance, April Fool, Nepal","Society, Media",15/05/2025,ne,https://nepalfactcheck.org/2025/05/relationship-insurance/,रिलेसनसिप इन्स्योरेन्स : अप्रिल फूलको मजाक बन्यो समाचार
NFC_relationship-insurance,https://nepalfactcheck.org/wp-content/uploads/2025/05/IK-FACT-CHECK-300x169.png,"नेपालमा ""सम्बन्ध बीमा"" को बारेमा समाचार अप्रिल फूल डे मजाक थियो जुन केहि आउटलेटहरू द्वारा वास्तविक समाचारको रूपमा रिपोर्ट गरिएको थियो।",0,None,"Relationship Insurance, April Fool, Nepal","Society, Media",15/05/2025,ne,https://nepalfactcheck.org/2025/05/relationship-insurance/,रिलेसनसिप इन्स्योरेन्स : अप्रिल फूलको मजाक बन्यो समाचार
NFC_farmers-protest-gujarat-not-nepal,https://nepalfactcheck.org/wp-content/uploads/2025/08/milk-protest-300x169.png,किसानले विरोधमा दूध खन्याएको भाइरल भिडियो नेपालको होइन भारतको हो,1,Geographic_Mismatch,"Nepal, India, Gujarat, Farmers Protest","Agriculture, Society",15/08/2025,ne,https://nepalfactcheck.org/2025/08/farmers-protest-gujarat-not-nepal/,किसानले दुध पोखेर आन्दोलन गरिरहेको भाइरल भिडियो नेपालको हैन भारतको
NFC_farmers-protest-gujarat-not-nepal,https://nepalfactcheck.org/wp-content/uploads/2025/08/milk-protest-300x169.png,"किसानले विरोधमा दूध खन्याएको भाइरल भिडियो नेपालको होइन, भारतको गुजरातको हो ।",0,None,"Nepal, India, Gujarat, Farmers Protest","Agriculture, Society",15/08/2025,ne,https://nepalfactcheck.org/2025/08/farmers-protest-gujarat-not-nepal/,किसानले दुध पोखेर आन्दोलन गरिरहेको भाइरल भिडियो नेपालको हैन भारतको
NFC_polio-vaccine-misleading-claims-about-monkey-kidney-cells,https://nepalfactcheck.org/wp-content/uploads/2025/03/polio-300x169.jpg,Rumor that monkey kidney cells are mixed in polio vaccine is misleading,1,Fabricated,"Polio Vaccine, Monkey Cells, Nepal",Health,28/03/2025,ne-en,https://nepalfactcheck.org/2025/03/polio-vaccine-misleading-claims-about-monkey-kidney-cells/,पोलियो खोपमा बाँदरको कोशिका मिसाइएको भनेर फैलाइएको हल्ला भ्रामक
NFC_polio-vaccine-misleading-claims-about-monkey-kidney-cells,https://nepalfactcheck.org/wp-content/uploads/2025/03/polio-300x169.jpg,The claim that monkey kidney cells are mixed into polio vaccines is misleading. The manufacturing process uses controlled cell cultures that undergo extensive processing.,0,None,"Polio Vaccine, Monkey Cells, Nepal",Health,28/03/2025,ne-en,https://nepalfactcheck.org/2025/03/polio-vaccine-misleading-claims-about-monkey-kidney-cells/,पोलियो खोपमा बाँदरको कोशिका मिसाइएको भनेर फैलाइएको हल्ला भ्रामक
NFC_false-claim-of-nepal-army-in-gujrat,https://nepalfactcheck.org/wp-content/uploads/2025/05/nepal-army-in-india-1-300x169.png,नेपाली सेना भारतको गुजरातमा रहेको भाइरल भिडियो वास्तवमा काठमाडौंको हो,1,Geographic_Mismatch,"Nepal Army, Gujarat, India, Kathmandu",Military,18/05/2025,ne,https://nepalfactcheck.org/2025/05/false-claim-of-nepal-army-in-gujrat/,भारतको गुजरातमा नेपाली सेना भन्दै भाइरल भएको भिडियो वास्तवमा काठमाडौँको
NFC_false-claim-of-nepal-army-in-gujrat,https://nepalfactcheck.org/wp-content/uploads/2025/05/nepal-army-in-india-1-300x169.png,भारतको गुजरातमा रहेको नेपाली सेना देखाउँदै शेयर गरिएको भिडियो वास्तवमा नेपालको काठमाडौंको हो ।,0,None,"Nepal Army, Gujarat, India, Kathmandu",Military,18/05/2025,ne,https://nepalfactcheck.org/2025/05/false-claim-of-nepal-army-in-gujrat/,भारतको गुजरातमा नेपाली सेना भन्दै भाइरल भएको भिडियो वास्तवमा काठमाडौँको
NFC_siraha-kalash-yatra-video-depicted-as-janakpur-protest,https://nepalfactcheck.org/wp-content/uploads/2025/04/WhatsApp-Image-2025-04-09-at-11.14.17-AM-300x169.jpeg,जनकपुरको विरोध प्रदर्शनको भाइरल भिडियो वास्तवमा सिरहाको हो,1,Geographic_Mismatch,"Janakpur, Siraha, Kalash Yatra, Protest","Society, Religion",18/04/2025,ne,https://nepalfactcheck.org/2025/04/siraha-kalash-yatra-video-depicted-as-janakpur-protest/,जनकपुरको प्रदर्शन भन्दै भाइरल भिडियो वास्तवमा सिराहाको
NFC_siraha-kalash-yatra-video-depicted-as-janakpur-protest,https://nepalfactcheck.org/wp-content/uploads/2025/04/WhatsApp-Image-2025-04-09-at-11.14.17-AM-300x169.jpeg,जनकपुरबाट विरोधका रूपमा सेयर गरिएको भाइरल भिडियो वास्तवमा सिरहा जिल्लाको कलश यात्रा (धार्मिक जुलुस) को हो ।,0,None,"Janakpur, Siraha, Kalash Yatra, Protest","Society, Religion",18/04/2025,ne,https://nepalfactcheck.org/2025/04/siraha-kalash-yatra-video-depicted-as-janakpur-protest/,जनकपुरको प्रदर्शन भन्दै भाइरल भिडियो वास्तवमा सिराहाको
NFC_balen-shah-setopati-false-claim-fact-check,https://nepalfactcheck.org/wp-content/uploads/2025/04/balkhu-1-300x169.jpg,के मेयर बलेनले e-BPS कार्यविधिमा नभएको भन्दै स्टेटस लेख्नुभएको थियो ?,1,Miscaptioned,"Balendra Shah, Balen, Setopati, Kathmandu","Politics, Government",22/04/2025,ne,https://nepalfactcheck.org/2025/04/balen-shah-setopati-false-claim-fact-check/,के मेयर बालेनले कार्यविधिमा नभएको इ-बीपीएसबारे उल्लेख गर्दै स्टायटस लेखेका हुन्?
NFC_balen-shah-setopati-false-claim-fact-check,https://nepalfactcheck.org/wp-content/uploads/2025/04/balkhu-1-300x169.jpg,मेयर बलेन शाहको फेसबुक स्टाटसमा ई–बिपिएससँग सम्बन्धित विषय उल्लेख गरिएको दाबी गलत हो । सेतोपाटीलाई दिइएको दाबी गलत थियो।,0,None,"Balendra Shah, Balen, Setopati, Kathmandu","Politics, Government",22/04/2025,ne,https://nepalfactcheck.org/2025/04/balen-shah-setopati-false-claim-fact-check/,के मेयर बालेनले कार्यविधिमा नभएको इ-बीपीएसबारे उल्लेख गर्दै स्टायटस लेखेका हुन्?
NFC_viral-naked-protest-video-misleading,https://nepalfactcheck.org/wp-content/uploads/2025/07/singhadurbar-protest-fact-check-300x169.png,सिंहदरबारमा नाङ्गो विरोध: भ्रामक दाबी गर्दै पुरानो भिडियो हालै फैलाइँदै,1,Temporal_Mismatch,"Singha Durbar, Naked Protest, Kathmandu","Society, Politics",15/07/2025,ne,https://nepalfactcheck.org/2025/07/viral-naked-protest-video-misleading/,सिंहदरबारमा नग्न प्रदर्शन : पुरानो भिडियो हालको भन्दै फैलाइँदैछ भ्रामक दाबी
NFC_viral-naked-protest-video-misleading,https://nepalfactcheck.org/wp-content/uploads/2025/07/singhadurbar-protest-fact-check-300x169.png,सिंहदरबारमा भएको नग्न विरोधको भाइरल भिडियो पुरानो हो र यो हालैको घटना हो जस्तो गरी सेयर भइरहेको छ ।,0,None,"Singha Durbar, Naked Protest, Kathmandu","Society, Politics",15/07/2025,ne,https://nepalfactcheck.org/2025/07/viral-naked-protest-video-misleading/,सिंहदरबारमा नग्न प्रदर्शन : पुरानो भिडियो हालको भन्दै फैलाइँदैछ भ्रामक दाबी
NFC_prachanda-has-not-accepted-indian-intelligence-agencies-support-in-peoples-war,https://nepalfactcheck.org/wp-content/uploads/2025/05/prachanda-misleading-video-300x169.png,प्रचण्डको सम्पादित भिडियो भारतीय गुप्तचरको सहयोगको झुटो दाबीसहित फैलियो,1,Fabricated,"Pushpa Kamal Dahal, Prachanda, India, RAW, Maoist",Politics,20/05/2025,ne,https://nepalfactcheck.org/2025/05/prachanda-has-not-accepted-indian-intelligence-agencies-support-in-peoples-war/,प्रचण्डको सम्पादित भिडियो गलत दावीका साथ फैलाइयो
NFC_prachanda-has-not-accepted-indian-intelligence-agencies-support-in-peoples-war,https://nepalfactcheck.org/wp-content/uploads/2025/05/prachanda-misleading-video-300x169.png,प्रचण्डले जनयुद्धका क्रममा भारतीय गुप्तचर निकायबाट सहयोग पाएको स्वीकार गरेको झुटो दाबीसहितको सम्पादित भिडियो फैलाइएको थियो ।,0,None,"Pushpa Kamal Dahal, Prachanda, India, RAW, Maoist",Politics,20/05/2025,ne,https://nepalfactcheck.org/2025/05/prachanda-has-not-accepted-indian-intelligence-agencies-support-in-peoples-war/,प्रचण्डको सम्पादित भिडियो गलत दावीका साथ फैलाइयो
NFC_threekune-protest-tear-gas-national-anthem-deepfake-fact-check,https://nepalfactcheck.org/wp-content/uploads/2025/04/tinkune-1-300x169.jpg,के राष्ट्रिय गान बजिरहेको बेला स्टेजमा अश्रुग्यास पुगेको भिडियो दाबी गरिए अनुसार ?,1,Fabricated,"Tinkune, Teargas, National Anthem, Deepfake, Nepal Police","Politics, Society",30/04/2025,ne,https://nepalfactcheck.org/2025/04/threekune-protest-tear-gas-national-anthem-deepfake-fact-check/,के राष्ट्रगान बजिरहेकै बेला मञ्चमा अश्रुग्यास पुगेको भिडियो दावी गरिए जस्तै डिपफेक हो?
NFC_threekune-protest-tear-gas-national-anthem-deepfake-fact-check,https://nepalfactcheck.org/wp-content/uploads/2025/04/tinkune-1-300x169.jpg,तीनकुने आन्दोलनमा राष्ट्रिय गानको क्रममा स्टेजमा अश्रुग्यास पुगेको भिडियो प्रहरीको दाबी अनुसार डिपफेक होइन । भिडियो वास्तविक र प्रमाणित छ।,0,None,"Tinkune, Teargas, National Anthem, Deepfake, Nepal Police","Politics, Society",30/04/2025,ne,https://nepalfactcheck.org/2025/04/threekune-protest-tear-gas-national-anthem-deepfake-fact-check/,के राष्ट्रगान बजिरहेकै बेला मञ्चमा अश्रुग्यास पुगेको भिडियो दावी गरिए जस्तै डिपफेक हो?
NFC_hundi-karobari,https://nepalfactcheck.org/wp-content/uploads/2025/03/a9bdfd9f-804a-4fb8-ae73-0b4cc2598d8e-300x169.jpeg,"फेसबुकमा भाइरल तस्बिरको सत्यता : न राजनीतिज्ञ, न बैंक लुटेरा, उनी हुण्डी व्यापारी हुन् अभियुक्त",1,Identity_Mismatch,"Hundi, Illegal Money Transfer, Nepal","Legal, Finance",10/03/2025,ne,https://nepalfactcheck.org/2025/03/hundi-karobari/,"फेसबुकमा भाइरल फोटोको तथ्य: न नेता, न बैँक लुटेरा, उनी हुन् हुण्डी कारोबारका अभियुक्त"
NFC_hundi-karobari,https://nepalfactcheck.org/wp-content/uploads/2025/03/a9bdfd9f-804a-4fb8-ae73-0b4cc2598d8e-300x169.jpeg,"भाइरल तस्बिरमा या त राजनीतिज्ञ वा बैंक लुटेरा देखाइएको दाबी गरिएको छ, तर व्यक्तिलाई वास्तवमा हुण्डी (अवैध पैसा ट्रान्सफर) कारोवार गरेको आरोप लगाइएको छ।",0,None,"Hundi, Illegal Money Transfer, Nepal","Legal, Finance",10/03/2025,ne,https://nepalfactcheck.org/2025/03/hundi-karobari/,"फेसबुकमा भाइरल फोटोको तथ्य: न नेता, न बैँक लुटेरा, उनी हुन् हुण्डी कारोबारका अभियुक्त"
NFC_tinkune-incident-cremation-false-claim-viral-video-debunked,https://nepalfactcheck.org/wp-content/uploads/2025/04/tinkune-300x169.jpg,तीनकुने घटनामा ज्यान गुमाएकाहरुको दाहसंस्कार अघि नै झुटो दाबी भाइरल भएको भिडियो,1,Fabricated,"Tinkune, Cremation, Nepal Protest","Society, Politics",25/04/2025,ne,https://nepalfactcheck.org/2025/04/tinkune-incident-cremation-false-claim-viral-video-debunked/,तीनकुने घटनामा मृत्यु भएकाको अन्त्येष्टि नै नहुँदै मिथ्या दावीसहितको भिडियो भाइरल
NFC_tinkune-incident-cremation-false-claim-viral-video-debunked,https://nepalfactcheck.org/wp-content/uploads/2025/04/tinkune-300x169.jpg,तीनकुने घटनामा मृत्यु भएकाको दाहसंस्कार हुनुअघि नै झुटो दाबीसहितको भिडियो भाइरल भइरहेको थियो ।,0,None,"Tinkune, Cremation, Nepal Protest","Society, Politics",25/04/2025,ne,https://nepalfactcheck.org/2025/04/tinkune-incident-cremation-false-claim-viral-video-debunked/,तीनकुने घटनामा मृत्यु भएकाको अन्त्येष्टि नै नहुँदै मिथ्या दावीसहितको भिडियो भाइरल
NFC_gagan-thapa-hiterendra-dev-shakya-photo-misleading,https://nepalfactcheck.org/wp-content/uploads/2025/03/gagan-thapa-1-300x169.png,तस्बिर साँचो तर प्रसंग गलत - हितेन्द्र देव शाक्यसँग गगन थापा भेटेको तस्बिर भाइरल,1,Miscaptioned,"Gagan Thapa, Hitendra Dev Shakya, Nepali Congress",Politics,12/03/2025,ne,https://nepalfactcheck.org/2025/03/gagan-thapa-hiterendra-dev-shakya-photo-misleading/,"फोटो त सही हो, तर सन्दर्भ गलत! गगन थापाले हितेन्द्र देव शाक्यलाई भेटेको भाइरल फोटोको तथ्य"
NFC_gagan-thapa-hiterendra-dev-shakya-photo-misleading,https://nepalfactcheck.org/wp-content/uploads/2025/03/gagan-thapa-1-300x169.png,"हितेन्द्रदेव शाक्यसँगको गगन थापाको तस्बिर वास्तविक हो, तर दाबी गरिएको सन्दर्भ गलत हो । भेट फरक प्रसंगबाट भएको थियो ।",0,None,"Gagan Thapa, Hitendra Dev Shakya, Nepali Congress",Politics,12/03/2025,ne,https://nepalfactcheck.org/2025/03/gagan-thapa-hiterendra-dev-shakya-photo-misleading/,"फोटो त सही हो, तर सन्दर्भ गलत! गगन थापाले हितेन्द्र देव शाक्यलाई भेटेको भाइरल फोटोको तथ्य"
NFC_batauli-viral-photo,https://nepalfactcheck.org/wp-content/uploads/2025/03/batauli-300x169.jpg,"बटौलीमा बसका लागि लाइनमा बसेका जनता ? होइन, यो भाइरल फोटोको सत्य हो",1,Miscaptioned,"Batauli, Bus, Queue, Butwal","Society, Transport",14/03/2025,ne,https://nepalfactcheck.org/2025/03/batauli-viral-photo/,"बटौलीमा बस चढ्न line लागेको? होइन, भाइरल फोटोको तथ्य यस्तो"
NFC_batauli-viral-photo,https://nepalfactcheck.org/wp-content/uploads/2025/03/batauli-300x169.jpg,भाइरल तस्बिरले बटौलीमा बसका लागि लाइनमा बसेको देखाएको दाबी गरिएको थियो तर वास्तविक प्रसंग अर्कै थियो ।,0,None,"Batauli, Bus, Queue, Butwal","Society, Transport",14/03/2025,ne,https://nepalfactcheck.org/2025/03/batauli-viral-photo/,"बटौलीमा बस चढ्न line लागेको? होइन, भाइरल फोटोको तथ्य यस्तो"
NFC_protest-photo-factcheck,https://nepalfactcheck.org/wp-content/uploads/2025/06/kamal-thapa-300x169.jpg,भाइरल तस्बिर शाही आन्दोलनको हो भनी दाबी गरिएको तस्बिर वास्तवमा मच्छिन्द्रनाथ जात्राको हो,1,Miscaptioned,"Machhindranath Jatra, Royalists, Lalitpur","Politics, Religion",05/06/2025,ne,https://nepalfactcheck.org/2025/06/protest-photo-factcheck/,राजावादी आन्दोलनको भन्दै भाइरल फोटो वास्तवमा मच्छिन्द्रनाथ जात्राको
NFC_protest-photo-factcheck,https://nepalfactcheck.org/wp-content/uploads/2025/06/kamal-thapa-300x169.jpg,राजतन्त्र समर्थक र्‍यालीको रूपमा सेयर गरिएको भाइरल फोटो वास्तवमा मच्छिन्द्रनाथ जात्रा (धार्मिक रथ पर्व) को हो।,0,None,"Machhindranath Jatra, Royalists, Lalitpur","Politics, Religion",05/06/2025,ne,https://nepalfactcheck.org/2025/06/protest-photo-factcheck/,राजावादी आन्दोलनको भन्दै भाइरल फोटो वास्तवमा मच्छिन्द्रनाथ जात्राको
NFC_pashupatinath-viral-video,https://nepalfactcheck.org/wp-content/uploads/2025/09/SEE-1-300x169.png,पशुपतिनाथ मन्दिरको पुरानो भिडियो भ्रामक दाबी गर्दै भाइरल,1,Temporal_Mismatch,"Pashupatinath, Kathmandu, Old Video",Religion,12/09/2025,ne,https://nepalfactcheck.org/2025/09/pashupatinath-viral-video/,पशुपतिनाथको पुरानो भिडियो भ्रामक दावीका साथ भाइरल बनाइयो
NFC_pashupatinath-viral-video,https://nepalfactcheck.org/wp-content/uploads/2025/09/SEE-1-300x169.png,पशुपतिनाथ मन्दिरको एउटा पुरानो भिडियो अहिलेको घटनाबारे भ्रामक दाबी गर्दै भाइरल भएको छ ।,0,None,"Pashupatinath, Kathmandu, Old Video",Religion,12/09/2025,ne,https://nepalfactcheck.org/2025/09/pashupatinath-viral-video/,पशुपतिनाथको पुरानो भिडियो भ्रामक दावीका साथ भाइरल बनाइयो
NFC_no-change-nepal-voting-age-claim-false,https://nepalfactcheck.org/wp-content/uploads/2025/09/india-today-factcheck-300x169.jpg,मतदानको उमेर १८ बाट १६ वर्षमा झारेको छैन,1,Fabricated,"Voting Age, Nepal, Election","Legal, Government",15/09/2025,ne,https://nepalfactcheck.org/2025/09/no-change-nepal-voting-age-claim-false/,मतदान गर्न सकिने उमेर १८ वर्षबाट घटाएर १६ वर्ष पुर्‍याइएको होइन
NFC_no-change-nepal-voting-age-claim-false,https://nepalfactcheck.org/wp-content/uploads/2025/09/india-today-factcheck-300x169.jpg,नेपालले मतदानको उमेर १८ बाट १६ वर्षमा झारेको दाबी गलत हो । नेपालको भोटिङ उमेर १८ वर्ष कायम छ ।,0,None,"Voting Age, Nepal, Election","Legal, Government",15/09/2025,ne,https://nepalfactcheck.org/2025/09/no-change-nepal-voting-age-claim-false/,मतदान गर्न सकिने उमेर १८ वर्षबाट घटाएर १६ वर्ष पुर्‍याइएको होइन
NFC_fake-claim-about-new-bank-note,https://nepalfactcheck.org/wp-content/uploads/2025/09/note-300x169.jpg,एक हजार रुपैयाँको पुरानो नोट बन्द गरेर नयाँ नोट नआउने भाइरल दाबी गलत,1,Fabricated,"Nepal Rastra Bank, 1000 Rupee Note, Currency","Finance, Government",18/09/2025,ne,https://nepalfactcheck.org/2025/09/fake-claim-about-new-bank-note/,"नझुक्किनुस् – पुरानो हजारको नोट बन्द भएर नयाँ आएको हैन, भाइरल दावी मिथ्या"
NFC_fake-claim-about-new-bank-note,https://nepalfactcheck.org/wp-content/uploads/2025/09/note-300x169.jpg,एक हजार रुपैयाँका पुराना नोट बन्द गरेर नयाँ नोटबाट बदलिने भाइरल दाबी गलत हो । नेपाल राष्ट्र बैंकले भने त्यस्तो कुनै घोषणा गरेको छैन ।,0,None,"Nepal Rastra Bank, 1000 Rupee Note, Currency","Finance, Government",18/09/2025,ne,https://nepalfactcheck.org/2025/09/fake-claim-about-new-bank-note/,"नझुक्किनुस् – पुरानो हजारको नोट बन्द भएर नयाँ आएको हैन, भाइरल दावी मिथ्या"
NFC_no-he-is-not-omprakash-aryal,https://nepalfactcheck.org/wp-content/uploads/2025/10/omprakash-300x169.png,गृहमन्त्री ओमप्रकाश अर्यालको भाइरल भिडियो वास्तवमा म्यानपावर अपरेटरको हो,1,Identity_Mismatch,"Om Prakash Aryal, Home Minister, Nepal",Politics,01/10/2025,ne,https://nepalfactcheck.org/2025/10/no-he-is-not-omprakash-aryal/,"नझुक्किनुस्, गृहमन्त्री ओमप्रकाश अर्यालको भन्दै भाइरल भिडियो वास्तवमा म्यानपावर सञ्चालकको"
NFC_no-he-is-not-omprakash-aryal,https://nepalfactcheck.org/wp-content/uploads/2025/10/omprakash-300x169.png,भाइरल भिडियोमा गृहमन्त्री ओमप्रकाश अर्याल उनी नभएको देखाइएको छ । भिडियोमा देखिएका व्यक्ति वास्तवमा म्यानपावर व्यवसायी हुन्।,0,None,"Om Prakash Aryal, Home Minister, Nepal",Politics,01/10/2025,ne,https://nepalfactcheck.org/2025/10/no-he-is-not-omprakash-aryal/,"नझुक्किनुस्, गृहमन्त्री ओमप्रकाश अर्यालको भन्दै भाइरल भिडियो वास्तवमा म्यानपावर सञ्चालकको"
NFC_aarzu-rana-deuba-false-claim,https://nepalfactcheck.org/wp-content/uploads/2025/09/aarzu-claim-300x169.jpg,आरजु राणा देउवाको भाइरल भिडियो भर्खरको होइन - यो कोरोना महामारीको बेला जापानमा थिइन् ।,1,Temporal_Mismatch,"Aarzu Rana Deuba, Japan, COVID-19",Politics,22/09/2025,ne,https://nepalfactcheck.org/2025/09/aarzu-rana-deuba-false-claim/,"नझुक्किनुस्, आरजुको भाइरल भिडियो अहिलेको होइन, कोरोना महामारीको बेला जापानमा हुँदाको"
NFC_aarzu-rana-deuba-false-claim,https://nepalfactcheck.org/wp-content/uploads/2025/09/aarzu-claim-300x169.jpg,आरजु राणा देउवाको भाइरल भिडियो हालैको भिडियो होइन तर कोभिड–१९ महामारीको बेला जापानमा हुँदा खिचिएको हो ।,0,None,"Aarzu Rana Deuba, Japan, COVID-19",Politics,22/09/2025,ne,https://nepalfactcheck.org/2025/09/aarzu-rana-deuba-false-claim/,"नझुक्किनुस्, आरजुको भाइरल भिडियो अहिलेको होइन, कोरोना महामारीको बेला जापानमा हुँदाको"
NFC_deuba-old-video-circulated-as-new,https://nepalfactcheck.org/wp-content/uploads/2025/09/Sher-Bahadur-Deuba-300x169.png,"Gen-Z आन्दोलनमा कुटपिटपछि देउवाको पहिलो भिडियो ? होइन, भाइरल भिडियो पुरानो हो",1,Temporal_Mismatch,"Sher Bahadur Deuba, Nepali Congress, Gen-Z",Politics,25/09/2025,ne,https://nepalfactcheck.org/2025/09/deuba-old-video-circulated-as-new/,"जेन-जी आन्दोलनमा कुटपिटपछि देउवाको पहिलाे भिडियो? होइन, भाइरल भिडियो पुरानो हो"
NFC_deuba-old-video-circulated-as-new,https://nepalfactcheck.org/wp-content/uploads/2025/09/Sher-Bahadur-Deuba-300x169.png,"जनआन्दोलनपछि शेरबहादुर देउवा पहिलो पटक देखा परेको भिडियो हालैको होइन, पुरानो हो ।",0,None,"Sher Bahadur Deuba, Nepali Congress, Gen-Z",Politics,25/09/2025,ne,https://nepalfactcheck.org/2025/09/deuba-old-video-circulated-as-new/,"जेन-जी आन्दोलनमा कुटपिटपछि देउवाको पहिलाे भिडियो? होइन, भाइरल भिडियो पुरानो हो"
NFC_balen-secret-meeting-claim-debunked,https://nepalfactcheck.org/wp-content/uploads/2025/09/balen-masked-300x169.jpg,बालेनले मुखौटा लगाएका व्यक्तिसँग गोप्य भेट गरेको दाबी फैलाएको भिडियोको सत्यता,1,Miscaptioned,"Balendra Shah, Balen, Masked Meeting, Kathmandu",Politics,28/09/2025,ne,https://nepalfactcheck.org/2025/09/balen-secret-meeting-claim-debunked/,नकाबधारीसँग बालेनले गोप्य बैठक गरेको भन्दै फैलाइएको भिडियोको तथ्य यस्तो छ
NFC_balen-secret-meeting-claim-debunked,https://nepalfactcheck.org/wp-content/uploads/2025/09/balen-masked-300x169.jpg,बलेन शाहले मुखौटा लगाएका व्यक्तिहरूसँग गोप्य भेटघाट गरेको दाबी गर्ने भाइरल भिडियो भ्रामक र सन्दर्भ बाहिर निकालिएको छ।,0,None,"Balendra Shah, Balen, Masked Meeting, Kathmandu",Politics,28/09/2025,ne,https://nepalfactcheck.org/2025/09/balen-secret-meeting-claim-debunked/,नकाबधारीसँग बालेनले गोप्य बैठक गरेको भन्दै फैलाइएको भिडियोको तथ्य यस्तो छ
NFC_rooftop-shooting-video-genz-factcheck,https://nepalfactcheck.org/wp-content/uploads/2025/09/note-300x169.png,भाइरल भिडियो दाबी गलत: यो हातमा बन्दुक होइन मोबाइल फोन हो,1,Miscaptioned,"Gen-Z, Rooftop Shooting, Mobile Phone, Nepal","Society, Politics",30/09/2025,ne,https://nepalfactcheck.org/2025/09/rooftop-shooting-video-genz-factcheck/,"भाइरल भिडियोको दावी गलत : बन्दूक होइन, मोबाइल छ हातमा"
NFC_rooftop-shooting-video-genz-factcheck,https://nepalfactcheck.org/wp-content/uploads/2025/09/note-300x169.png,Gen-Z विरोध प्रदर्शनको क्रममा रूफटप शूटिंग भिडियोमा एक व्यक्तिले बन्दुक समातेको दाबी गर्ने भाइरल भिडियो गलत छ। ती व्यक्तिले मोबाइल बोकेका थिए ।,0,None,"Gen-Z, Rooftop Shooting, Mobile Phone, Nepal","Society, Politics",30/09/2025,ne,https://nepalfactcheck.org/2025/09/rooftop-shooting-video-genz-factcheck/,"भाइरल भिडियोको दावी गलत : बन्दूक होइन, मोबाइल छ हातमा"
NFC_deuba-viral-video-claim-factcheck,https://nepalfactcheck.org/wp-content/uploads/2025/10/georgia-300x169.png,भाइरल भिडियोको सत्यता देउवाको घरमा भेटिएको दाबी,1,Miscaptioned,"Sher Bahadur Deuba, Nepali Congress",Politics,05/10/2025,ne,https://nepalfactcheck.org/2025/10/deuba-viral-video-claim-factcheck/,देउवाको घरमा भेटिएको दावी गर्दै भाइरल भएको भिडियोको तथ्य यस्तो छ
NFC_deuba-viral-video-claim-factcheck,https://nepalfactcheck.org/wp-content/uploads/2025/10/georgia-300x169.png,शेरबहादुर देउवाको निवासमा वस्तु वा गतिविधि देखाउने भाइरल भिडियो भ्रामक छ। फेला परेको दाबी गलत थियो।,0,None,"Sher Bahadur Deuba, Nepali Congress",Politics,05/10/2025,ne,https://nepalfactcheck.org/2025/10/deuba-viral-video-claim-factcheck/,देउवाको घरमा भेटिएको दावी गर्दै भाइरल भएको भिडियोको तथ्य यस्तो छ
NFC_nepali-flag-spotted-georgia-fact-check,https://nepalfactcheck.org/wp-content/uploads/2025/10/georgia-300x169.jpg,Was there a Gen-Z movement in Georgia? Was Nepal's flag spotted there?,1,Miscaptioned,"Georgia, Nepal Flag, Gen-Z","International, Society",12/10/2025,ne-en,https://nepalfactcheck.org/2025/10/nepali-flag-spotted-georgia-fact-check/,के जर्जियामा पनि जेन जी आन्दोलन भएको हो? त्यहाँ नेपालको झण्डा देखिएको हो?
NFC_nepali-flag-spotted-georgia-fact-check,https://nepalfactcheck.org/wp-content/uploads/2025/10/georgia-300x169.jpg,The claim about Gen-Z movement in Georgia with Nepal flag sightings needs verification. Investigation found the Nepal flag sighting claim to be unverified or miscontextualized.,0,None,"Georgia, Nepal Flag, Gen-Z","International, Society",12/10/2025,ne-en,https://nepalfactcheck.org/2025/10/nepali-flag-spotted-georgia-fact-check/,के जर्जियामा पनि जेन जी आन्दोलन भएको हो? त्यहाँ नेपालको झण्डा देखिएको हो?
NFC_jagadish-kharel-fact-check,https://nepalfactcheck.org/wp-content/uploads/2025/09/jagadish-kharel-300x169.jpg,नवनियुक्त सञ्चारमन्त्री जगदीश खरेल नेपाली कांग्रेसका सक्रिय सदस्य हुन् ?,1,Fabricated,"Jagadish Kharel, Communication Minister, Nepali Congress",Politics,15/10/2025,ne,https://nepalfactcheck.org/2025/09/jagadish-kharel-fact-check/,के नवनियुक्त सञ्चार मन्त्री जगदीश खरेल नेपाली कांग्रेसका क्रियाशील सदस्य हुन्?
NFC_jagadish-kharel-fact-check,https://nepalfactcheck.org/wp-content/uploads/2025/09/jagadish-kharel-300x169.jpg,नवनियुक्त सञ्चारमन्त्री जगदीश खरेलको नेपाली कांग्रेसमा सक्रिय सदस्यता रहेको दाबी छानबिन गरी भ्रामक भएको पाइएको छ ।,0,None,"Jagadish Kharel, Communication Minister, Nepali Congress",Politics,15/10/2025,ne,https://nepalfactcheck.org/2025/09/jagadish-kharel-fact-check/,के नवनियुक्त सञ्चार मन्त्री जगदीश खरेल नेपाली कांग्रेसका क्रियाशील सदस्य हुन्?
NFC_election-expenses-candidate-disqualification-nepal,https://nepalfactcheck.org/wp-content/uploads/2025/12/annapost.jpg,चुनाव खर्च लुकाउने उम्मेदवारलाई आगामी निर्वाचनमा प्रतिबन्ध लगाइने ?,1,Fabricated,"Election Commission, Nepal, Election Expenses","Legal, Election",01/12/2025,ne,https://nepalfactcheck.org/2025/12/election-expenses-candidate-disqualification-nepal/,के चुनावी खर्च लुकाउने उम्मेदवारले आगामी चुनाव लड्न नपाउने भएका हुन् ?
NFC_election-expenses-candidate-disqualification-nepal,https://nepalfactcheck.org/wp-content/uploads/2025/12/annapost.jpg,नयाँ निर्वाचन नियमावलीले भविष्यमा हुने निर्वाचनमा निर्वाचन खर्च लुकाउने उम्मेदवारलाई प्रतिबन्ध लगाएको दाबी छानबिन गरी स्पष्टीकरण आवश्यक भएको पाइयो।,0,None,"Election Commission, Nepal, Election Expenses","Legal, Election",01/12/2025,ne,https://nepalfactcheck.org/2025/12/election-expenses-candidate-disqualification-nepal/,के चुनावी खर्च लुकाउने उम्मेदवारले आगामी चुनाव लड्न नपाउने भएका हुन् ?
NFC_qatar-elephant-viral-video-made-by-ai,https://nepalfactcheck.org/wp-content/uploads/2025/12/Hatti_FactCheck-300x169.png,Viral video about Qatar welcoming pair of elephants is made by AI,1,Fabricated,"Qatar, Elephant, AI Generated Video","International, Wildlife",05/12/2025,ne-en,https://nepalfactcheck.org/2025/12/qatar-elephant-viral-video-made-by-ai/,कतारमा हात्ती जोडीको स्वागतबारे भाइरल भिडियो एआईले बनाएको
NFC_qatar-elephant-viral-video-made-by-ai,https://nepalfactcheck.org/wp-content/uploads/2025/12/Hatti_FactCheck-300x169.png,The viral video showing Qatar welcoming a pair of elephants with grand ceremony is AI-generated.,0,None,"Qatar, Elephant, AI Generated Video","International, Wildlife",05/12/2025,ne-en,https://nepalfactcheck.org/2025/12/qatar-elephant-viral-video-made-by-ai/,कतारमा हात्ती जोडीको स्वागतबारे भाइरल भिडियो एआईले बनाएको
NFC_gagan-thapa-viral-photo,https://nepalfactcheck.org/wp-content/uploads/2026/01/FACT_CHECK-DESIGN-2-300x169.png,पत्याउनु पर्दैन - सर्लाही–४ का जनताले गगन थापालाई पछ्याएको तस्बिर वास्तविक होइन,1,Fabricated,"Gagan Thapa, Sarlahi, Nepali Congress","Politics, Election",10/01/2026,ne,https://nepalfactcheck.org/2026/01/gagan-thapa-viral-photo/,"नपत्याउनुस्, गगन थापालाई सर्लाही-४ का जनताले लखेटेको फोटो सही होइन"
NFC_gagan-thapa-viral-photo,https://nepalfactcheck.org/wp-content/uploads/2026/01/FACT_CHECK-DESIGN-2-300x169.png,सर्लाही–४ निर्वाचन क्षेत्रका जनताले गगन थापालाई लखेटेको भाइरल फोटो वास्तविक होइन ।,0,None,"Gagan Thapa, Sarlahi, Nepali Congress","Politics, Election",10/01/2026,ne,https://nepalfactcheck.org/2026/01/gagan-thapa-viral-photo/,"नपत्याउनुस्, गगन थापालाई सर्लाही-४ का जनताले लखेटेको फोटो सही होइन"
NFC_ai-generated-photo-trishuli,https://nepalfactcheck.org/wp-content/uploads/2026/01/kankal-300x169.png,त्रिशूली नदी किनारमा भेटिएको मानव अवशेष सत्य नभएको भाइरल फोटो,1,Fabricated,"Trishuli River, Human Remains, AI Generated",Society,18/01/2026,ne,https://nepalfactcheck.org/2026/01/ai-generated-photo-trishuli/,त्रिशुली किनारमा मानव अवशेष भेटिएको भन्दै भाइरल फोटो सही होइन
NFC_ai-generated-photo-trishuli,https://nepalfactcheck.org/wp-content/uploads/2026/01/kankal-300x169.png,त्रिशूली नदीको किनारमा मानव अवशेष फेला परेको भाइरल तस्बिर एआईद्वारा निर्मित र वास्तविक तस्बिर होइन।,0,None,"Trishuli River, Human Remains, AI Generated",Society,18/01/2026,ne,https://nepalfactcheck.org/2026/01/ai-generated-photo-trishuli/,त्रिशुली किनारमा मानव अवशेष भेटिएको भन्दै भाइरल फोटो सही होइन
NFC_nagarik-claim-misleading,https://nepalfactcheck.org/wp-content/uploads/2025/12/nagarik-dainik.jpg,ओलीलाई १० हजार जरिवाना हुनसक्ने नागरिक दैनिकको दाबी भ्रामक छ,1,Miscaptioned,"KP Sharma Oli, Nagarik Daily, Fine, Nepal","Legal, Politics, Media",10/12/2025,ne,https://nepalfactcheck.org/2025/12/nagarik-claim-misleading/,ओलीलाई १० हजार जरिवाना हुनसक्ने नागरिक दैनिकको दावी यसकारण भ्रामक
NFC_nagarik-claim-misleading,https://nepalfactcheck.org/wp-content/uploads/2025/12/nagarik-dainik.jpg,प्रधानमन्त्री ओलीलाई १० हजार रुपैयाँ जरिवाना हुन सक्ने नागरिक दैनिकको दाबी भ्रामक छ । कानुनी सन्दर्भलाई गलत ढंगले प्रस्तुत गरियो।,0,None,"KP Sharma Oli, Nagarik Daily, Fine, Nepal","Legal, Politics, Media",10/12/2025,ne,https://nepalfactcheck.org/2025/12/nagarik-claim-misleading/,ओलीलाई १० हजार जरिवाना हुनसक्ने नागरिक दैनिकको दावी यसकारण भ्रामक
NFC_the-claim-that-garbage-piled-up-in-kathmandu-after-balen-resigned-as-mayor-is-misleading,https://nepalfactcheck.org/wp-content/uploads/2026/01/gagan-300x169.png,"बलेनले मेयरबाट राजीनामा दिएपछि काठमाडौं फोहोर भयो ? होइन, ती तस्बिरहरू पुराना हुन्",1,Temporal_Mismatch,"Balendra Shah, Balen, Kathmandu, Garbage, Mayor","Politics, Government",20/01/2026,ne,https://nepalfactcheck.org/2026/01/the-claim-that-garbage-piled-up-in-kathmandu-after-balen-resigned-as-mayor-is-misleading/,"बालेनले राजीनामा दिएपछि काठमाडौँ फोहर भएको? होइन, ती पुराना फोटो हुन्"
NFC_the-claim-that-garbage-piled-up-in-kathmandu-after-balen-resigned-as-mayor-is-misleading,https://nepalfactcheck.org/wp-content/uploads/2026/01/gagan-300x169.png,बलेन शाहले मेयरबाट राजीनामा दिएपछि काठमाडौं फोहोर भएको दाबी भ्रामक छ । काठमाडौंको फोहोरको सेयर भइरहेका फोटो पुराना तस्बिर हुन् ।,0,None,"Balendra Shah, Balen, Kathmandu, Garbage, Mayor","Politics, Government",20/01/2026,ne,https://nepalfactcheck.org/2026/01/the-claim-that-garbage-piled-up-in-kathmandu-after-balen-resigned-as-mayor-is-misleading/,"बालेनले राजीनामा दिएपछि काठमाडौँ फोहर भएको? होइन, ती पुराना फोटो हुन्"
NFC_fact-check-indira-rana-deputy-speaker-resignation,https://nepalfactcheck.org/wp-content/uploads/2025/12/by-speaker.jpg,के उपसभामुख इन्दिरा राणाले दिइन् प्रतिनिधिसभाबाट राजीनामा ?,1,Fabricated,"Indira Rana, Deputy Speaker, Nepal Parliament","Politics, Government",15/12/2025,ne,https://nepalfactcheck.org/2025/12/fact-check-indira-rana-deputy-speaker-resignation/,के प्रतिनिधि सभाका उपसभामुख इन्दिरा रानाले राजीनामा दिएकी हुन् ?
NFC_fact-check-indira-rana-deputy-speaker-resignation,https://nepalfactcheck.org/wp-content/uploads/2025/12/by-speaker.jpg,उपसभामुख इन्दिरा राणाले राजीनामा दिएको दाबी गलत हो । तथ्य जाँचका बेला उनले राजीनामा बुझाएकी थिइनन् ।,0,None,"Indira Rana, Deputy Speaker, Nepal Parliament","Politics, Government",15/12/2025,ne,https://nepalfactcheck.org/2025/12/fact-check-indira-rana-deputy-speaker-resignation/,के प्रतिनिधि सभाका उपसभामुख इन्दिरा रानाले राजीनामा दिएकी हुन् ?
NFC_viral-photo-not-nepali,https://nepalfactcheck.org/wp-content/uploads/2026/01/FACT_CHECK-DESIGN-300x169.png,भाइरल तस्बिर भियतनाम युद्धकालको हो भनी दाबी गरिएको नेपालको हो,1,Geographic_Mismatch,"Nepal, Vietnam War, Photo","History, Society",22/01/2026,ne,https://nepalfactcheck.org/2026/01/viral-photo-not-nepali/,नेपालको भन्दै भाइरल फोटो भियतनाम युद्ध बेलाको
NFC_viral-photo-not-nepali,https://nepalfactcheck.org/wp-content/uploads/2026/01/FACT_CHECK-DESIGN-300x169.png,नेपालका बाबु छोरा देखाएको भाइरल तस्बिर वास्तवमा भियतनाम युद्धकालको हो ।,0,None,"Nepal, Vietnam War, Photo","History, Society",22/01/2026,ne,https://nepalfactcheck.org/2026/01/viral-photo-not-nepali/,नेपालको भन्दै भाइरल फोटो भियतनाम युद्ध बेलाको
NFC_rabi-lamichhane-viral-photo-2,https://nepalfactcheck.org/wp-content/uploads/2026/01/rabi-2-300x169.png,अस्पतालको बेडमा रवि लामिछाने: भाइरल तस्बिर वास्तविक होइन,1,Fabricated,"Rabi Lamichhane, RSP, Hospital, AI Generated","Politics, Health",25/01/2026,ne,https://nepalfactcheck.org/2026/01/rabi-lamichhane-viral-photo-2/,अस्पतालको बेडमा रवि लामिछाने : भाइरल फोटो सही होइन
NFC_rabi-lamichhane-viral-photo-2,https://nepalfactcheck.org/wp-content/uploads/2026/01/rabi-2-300x169.png,अस्पतालको बेडमा रवि लामिछानेको भाइरल फोटो वास्तविक होइन । यो AI-उत्पन्न वा डिजिटल रूपमा हेरफेर गरिएको छ।,0,None,"Rabi Lamichhane, RSP, Hospital, AI Generated","Politics, Health",25/01/2026,ne,https://nepalfactcheck.org/2026/01/rabi-lamichhane-viral-photo-2/,अस्पतालको बेडमा रवि लामिछाने : भाइरल फोटो सही होइन
NFC_misleading-modi-speech,https://nepalfactcheck.org/wp-content/uploads/2025/12/modi.jpg,के मोदीले नेपाली नेताहरुलाई जङ्गल राज चलाएको आरोप लगाए ?,1,Miscaptioned,"Narendra Modi, Nepal, India, Jungle Raj","International, Politics",18/12/2025,ne,https://nepalfactcheck.org/2025/12/misleading-modi-speech/,के मोदीले नेपालका नेताहरूलाई जङ्गलराजवाला आरोप लगाएका हुन् ?
NFC_misleading-modi-speech,https://nepalfactcheck.org/wp-content/uploads/2025/12/modi.jpg,भारतीय प्रधानमन्त्री मोदीले नेपाली नेताहरूलाई ‘जंगलराज’ (अवैध शासन) चलाएको आरोप लगाएको दाबी भ्रामक छ। भाषण गलत उद्धृत र गलत सन्दर्भ गरिएको थियो।,0,None,"Narendra Modi, Nepal, India, Jungle Raj","International, Politics",18/12/2025,ne,https://nepalfactcheck.org/2025/12/misleading-modi-speech/,के मोदीले नेपालका नेताहरूलाई जङ्गलराजवाला आरोप लगाएका हुन् ?
NFC_pradip-gyawali-crying-video-by-ai,https://nepalfactcheck.org/wp-content/uploads/2025/12/pradip-gyawali-2.jpg,"रोए प्रदीप ज्ञवाली ? होइन, भाइरल भिडियो AI द्वारा बनाईएको हो",1,Fabricated,"Pradeep Gyawali, CPN-UML, AI Generated, Deepfake","Politics, Technology",20/12/2025,ne,https://nepalfactcheck.org/2025/12/pradip-gyawali-crying-video-by-ai/,"प्रदीप ज्ञवाली रोएको? होइन, भाइरल भिडियो एआईबाट बनेको"
NFC_pradip-gyawali-crying-video-by-ai,https://nepalfactcheck.org/wp-content/uploads/2025/12/pradip-gyawali-2.jpg,प्रदीप ज्ञवाली रोएको भाइरल भिडियो एआई जेनेरेट गरिएको हो । वास्तविक जीवनमा उनी रोएका थिएनन् ।,0,None,"Pradeep Gyawali, CPN-UML, AI Generated, Deepfake","Politics, Technology",20/12/2025,ne,https://nepalfactcheck.org/2025/12/pradip-gyawali-crying-video-by-ai/,"प्रदीप ज्ञवाली रोएको? होइन, भाइरल भिडियो एआईबाट बनेको"
NFC_misleading-video-about-janakpur-hospital,https://nepalfactcheck.org/wp-content/uploads/2025/12/Hospital-300x169.png,जनकपुर अस्पतालमा डाक्टरले बिरामीलाई कुटपिट गरेको भिडियो भाइरल नै भारतको हो,1,Geographic_Mismatch,"Janakpur, Hospital, Doctor, India","Health, Society",22/12/2025,ne,https://nepalfactcheck.org/2025/12/misleading-video-about-janakpur-hospital/,जनकपुर अस्पतालका चिकित्सकले बिरामी कुटेको भन्दै भाइरल भिडियो वास्तवमा भारतको
NFC_misleading-video-about-janakpur-hospital,https://nepalfactcheck.org/wp-content/uploads/2025/12/Hospital-300x169.png,जनकपुर अस्पतालमा डाक्टरले बिरामीलाई कुटेको देखाएको भाइरल भिडियो नेपालको नभई भारतको हो ।,0,None,"Janakpur, Hospital, Doctor, India","Health, Society",22/12/2025,ne,https://nepalfactcheck.org/2025/12/misleading-video-about-janakpur-hospital/,जनकपुर अस्पतालका चिकित्सकले बिरामी कुटेको भन्दै भाइरल भिडियो वास्तवमा भारतको
NFC_uml-convention-misleading,https://nepalfactcheck.org/wp-content/uploads/2025/12/uml-convention.jpg,एमाले महाधिवेशनका केही भाइरल तस्बिरहरू यी कारणले भ्रामक छन्,1,Miscaptioned,"CPN-UML, UML Convention, Nepal",Politics,28/12/2025,ne,https://nepalfactcheck.org/2025/12/uml-convention-misleading/,एमाले महाधिवेशनका केही भाइरल फोटोहरु यसकारण भ्रामक
NFC_uml-convention-misleading,https://nepalfactcheck.org/wp-content/uploads/2025/12/uml-convention.jpg,"CPN-UML अधिवेशनका धेरै भाइरल तस्बिरहरू भ्रामक, या त सन्दर्भ बाहिर वा डिजिटल रूपमा परिवर्तन गरिएको फेला पर्यो।",0,None,"CPN-UML, UML Convention, Nepal",Politics,28/12/2025,ne,https://nepalfactcheck.org/2025/12/uml-convention-misleading/,एमाले महाधिवेशनका केही भाइरल फोटोहरु यसकारण भ्रामक
NFC_balen-viral-video-ai-claim,https://nepalfactcheck.org/wp-content/uploads/2026/01/balen-5.jpg,उम्मेदवारी दर्ताको दिन बलेनको रिस उठेको भिडियो एआईले बनाएको हो ?,1,Miscaptioned,"Balendra Shah, Balen, Nomination, AI","Politics, Election",28/01/2026,ne,https://nepalfactcheck.org/2026/01/balen-viral-video-ai-claim/,के उम्मेदवारी दर्ताका दिन बालेन रिसाएको भिडियो एआईबाट बनेको हो ?
NFC_balen-viral-video-ai-claim,https://nepalfactcheck.org/wp-content/uploads/2026/01/balen-5.jpg,उम्मेदवार दर्ताका क्रममा आक्रोशित देखिएका बलेन शाहको भाइरल भिडियोको छानबिन भएको छ । यो AI-उत्पन्न नभएको फेला पर्यो तर भ्रामक रूपमा क्याप्शन गरिएको थियो।,0,None,"Balendra Shah, Balen, Nomination, AI","Politics, Election",28/01/2026,ne,https://nepalfactcheck.org/2026/01/balen-viral-video-ai-claim/,के उम्मेदवारी दर्ताका दिन बालेन रिसाएको भिडियो एआईबाट बनेको हो ?
NFC_viral-video-is-not-burj-khalifa,https://nepalfactcheck.org/wp-content/uploads/2025/11/viral-video-300x169.jpg,Viral video is not of Burj Khalifa but of Kuwait,1,Geographic_Mismatch,"Burj Khalifa, Dubai, Kuwait, Building",International,05/11/2025,ne-en,https://nepalfactcheck.org/2025/11/viral-video-is-not-burj-khalifa/,"भाइरल भिडियो बुर्ज खलिफाको होइन, कुवेतको"
NFC_viral-video-is-not-burj-khalifa,https://nepalfactcheck.org/wp-content/uploads/2025/11/viral-video-300x169.jpg,The viral video being shared as Burj Khalifa is not from Dubai's Burj Khalifa but from a building in Kuwait.,0,None,"Burj Khalifa, Dubai, Kuwait, Building",International,05/11/2025,ne-en,https://nepalfactcheck.org/2025/11/viral-video-is-not-burj-khalifa/,"भाइरल भिडियो बुर्ज खलिफाको होइन, कुवेतको"
NFC_bronze-lead,https://nepalfactcheck.org/wp-content/uploads/2025/11/viral-video-300x169.png,के काँसाको भाँडो खाँदा स्वास्थ्यमा असर पर्छ ?,1,Fabricated,"Bronze, Lead, Health, Nepal","Health, Consumer",10/11/2025,ne,https://nepalfactcheck.org/2025/11/bronze-lead/,के चरेसको भाँडामा खाँदा स्वास्थ्यलाई असर गर्छ ?
NFC_bronze-lead,https://nepalfactcheck.org/wp-content/uploads/2025/11/viral-video-300x169.png,काँसा (कान्सा/कांस्य मिश्र धातु) भाँडाहरूबाट खाने स्वास्थ्य प्रभावहरूको बारेमा दावी अनुसन्धान गरियो। लेखले कांस्य बनाम सीसा प्रदूषणको बारेमा तथ्यहरूको समीक्षा गर्दछ।,0,None,"Bronze, Lead, Health, Nepal","Health, Consumer",10/11/2025,ne,https://nepalfactcheck.org/2025/11/bronze-lead/,के चरेसको भाँडामा खाँदा स्वास्थ्यलाई असर गर्छ ?
NFC_oli-viral-video-old,https://nepalfactcheck.org/wp-content/uploads/2025/12/Copy-of-Fact-Check-1.jpg,"ओलीको सरकार विरोधी भनाइको भाइरल भिडियोः भर्खरको होइन, चार वर्ष पुरानो",1,Temporal_Mismatch,"KP Sharma Oli, CPN-UML, Government",Politics,05/01/2026,ne,https://nepalfactcheck.org/2025/12/oli-viral-video-old/,"ओलीको सरकारविरोधी अभिव्यक्तिको भाइरल भिडियो : अहिलेको होइन, चार वर्ष पुरानो"
NFC_oli-viral-video-old,https://nepalfactcheck.org/wp-content/uploads/2025/12/Copy-of-Fact-Check-1.jpg,"केपी शर्मा ओलीले सरकार विरोधी भनाइ गरेको भाइरल भिडियो चार वर्ष पुरानो हो, वर्तमान प्रधानमन्त्री हुँदाको होइन ।",0,None,"KP Sharma Oli, CPN-UML, Government",Politics,05/01/2026,ne,https://nepalfactcheck.org/2025/12/oli-viral-video-old/,"ओलीको सरकारविरोधी अभिव्यक्तिको भाइरल भिडियो : अहिलेको होइन, चार वर्ष पुरानो"
NFC_sahakari-viral-claim,https://nepalfactcheck.org/wp-content/uploads/2026/01/gagan.jpg,के गगन थापाले सहकारी छानबिनमा माफी मागे ? यो यथार्थ हो,1,Miscaptioned,"Gagan Thapa, Nepali Congress, Cooperative, Sahakari","Politics, Finance",08/01/2026,ne,https://nepalfactcheck.org/2026/01/sahakari-viral-claim/,सहकारी छानबिनबारे गगन थापाले माफी मागेका हुन्? यस्तो छ वास्तविकता
NFC_sahakari-viral-claim,https://nepalfactcheck.org/wp-content/uploads/2026/01/gagan.jpg,सहकारी ठगी अनुसन्धानमा गगन थापाले माफी मागेको भाइरल दाबी गलत हो । उनको वास्तविक भनाइ फरक थियो।,0,None,"Gagan Thapa, Nepali Congress, Cooperative, Sahakari","Politics, Finance",08/01/2026,ne,https://nepalfactcheck.org/2026/01/sahakari-viral-claim/,सहकारी छानबिनबारे गगन थापाले माफी मागेका हुन्? यस्तो छ वास्तविकता
NFC_claim-of-election-cash-at-balens-home-is-false,https://nepalfactcheck.org/wp-content/uploads/2026/02/balen-300x169.png,बलेनको घरमा बोरामा चुनाव नगदको दाबी गलत हो,1,Fabricated,"Balendra Shah, Balen, Election Cash, Jhapa-5","Politics, Election",08/02/2026,ne,https://nepalfactcheck.org/2026/02/claim-of-election-cash-at-balens-home-is-false/,बालेनको घरमा चुनावको लागि बोरामा पैसा ओसारेको दाबी यसकारण मिथ्या
NFC_claim-of-election-cash-at-balens-home-is-false,https://nepalfactcheck.org/wp-content/uploads/2026/02/balen-300x169.png,बलेन शाहको घरमा चुनावी नगद बोरामा ल्याएको भाइरल दाबी झुटो र प्रमाणविना हो ।,0,None,"Balendra Shah, Balen, Election Cash, Jhapa-5","Politics, Election",08/02/2026,ne,https://nepalfactcheck.org/2026/02/claim-of-election-cash-at-balens-home-is-false/,बालेनको घरमा चुनावको लागि बोरामा पैसा ओसारेको दाबी यसकारण मिथ्या
NFC_edited-video-of-oli-programme,https://nepalfactcheck.org/wp-content/uploads/2026/02/balen-1-300x169.png,झापामा ओलीको कार्यक्रममा घण्टी बज्यो ?,1,Fabricated,"KP Sharma Oli, Jhapa, RSP, Bell Slogans, CPN-UML","Politics, Election",10/02/2026,ne,https://nepalfactcheck.org/2026/02/edited-video-of-oli-programme/,के झापामा ओलीको कार्यक्रममा घण्टीको नारा लागेको हो ?
NFC_edited-video-of-oli-programme,https://nepalfactcheck.org/wp-content/uploads/2026/02/balen-1-300x169.png,झापामा केपी ओलीको कार्यक्रममा घण्टी (रासपाको पार्टी चिन्ह) नारा लगाइएको भाइरल दाबी सम्पादित भिडियोमा आधारित छ । मूल भिडियोमा एमालेका नाराहरू देखाइएको छ।,0,None,"KP Sharma Oli, Jhapa, RSP, Bell Slogans, CPN-UML","Politics, Election",10/02/2026,ne,https://nepalfactcheck.org/2026/02/edited-video-of-oli-programme/,के झापामा ओलीको कार्यक्रममा घण्टीको नारा लागेको हो ?
NFC_nuwakot-rsp-misinformation,https://nepalfactcheck.org/wp-content/uploads/2026/02/FACT_CHECK-DESIGN-3-1-300x169.png,जाजरकोटमा भएको खेलकुद प्रतियोगिताको नुवाकोटमा आरएसपीले खेदेको भनी भाइरल भिडियो,1,Geographic_Mismatch,"RSP, Nuwakot, Jajarkot, Sports Competition","Politics, Sports",12/02/2026,ne,https://nepalfactcheck.org/2026/02/nuwakot-rsp-misinformation/,नुवाकोटमा रास्वपालाई लखेटे भन्दै भाइरल भिडियो जाजरकोटको खेलकुद प्रतियोगिताको
NFC_nuwakot-rsp-misinformation,https://nepalfactcheck.org/wp-content/uploads/2026/02/FACT_CHECK-DESIGN-3-1-300x169.png,नुवाकोटमा आरएसपी समर्थकलाई लखेटेको भाइरल भिडियो वास्तवमा जाजरकोटमा भएको खेलकुद प्रतियोगिताको फुटेज हो ।,0,None,"RSP, Nuwakot, Jajarkot, Sports Competition","Politics, Sports",12/02/2026,ne,https://nepalfactcheck.org/2026/02/nuwakot-rsp-misinformation/,नुवाकोटमा रास्वपालाई लखेटे भन्दै भाइरल भिडियो जाजरकोटको खेलकुद प्रतियोगिताको
NFC_rajesh-hamal-edited-picture,https://nepalfactcheck.org/wp-content/uploads/2026/02/rajesh-hamal-300x169.png,"के राजेश हमालले चुनाव प्रचार गरे ? होइन, भाइरल फोटो सम्पादन गरिएको छ",1,Fabricated,"Rajesh Hamal, Election Campaign, Edited Photo","Entertainment, Election",15/02/2026,ne,https://nepalfactcheck.org/2026/02/rajesh-hamal-edited-picture/,"राजेश हमालले चुनाव प्रचार गरेको? होइन, भाइरल फोटो सम्पादन गरिएको हो"
NFC_rajesh-hamal-edited-picture,https://nepalfactcheck.org/wp-content/uploads/2026/02/rajesh-hamal-300x169.png,अभिनेता राजेश हमाललाई चुनावी प्रचार गर्दै गरेको भाइरल फोटो डिजिटल सम्पादन गरिएको छ । उनले प्रचारप्रसार गरेनन् ।,0,None,"Rajesh Hamal, Election Campaign, Edited Photo","Entertainment, Election",15/02/2026,ne,https://nepalfactcheck.org/2026/02/rajesh-hamal-edited-picture/,"राजेश हमालले चुनाव प्रचार गरेको? होइन, भाइरल फोटो सम्पादन गरिएको हो"
NFC_ai-generated-viral-video-of-rsp,https://nepalfactcheck.org/wp-content/uploads/2026/02/FACT_CHECK-DESIGN-5-300x168.jpg,रुकुममा आरएसपी घण्टी समर्थकहरूको एआई-जेनरेट भाइरल भिडियो,1,Fabricated,"RSP, Rukum, AI Generated, Bell Supporters","Politics, Election",18/02/2026,ne,https://nepalfactcheck.org/2026/02/ai-generated-viral-video-of-rsp/,"नझुक्किनुस्, रुकुममा घण्टी समर्थक भन्दै भाइरल भिडियो एआईबाट बनेको हो"
NFC_ai-generated-viral-video-of-rsp,https://nepalfactcheck.org/wp-content/uploads/2026/02/FACT_CHECK-DESIGN-5-300x168.jpg,रुकुममा आरएसपी घण्टी समर्थकको जुलुस देखाउने भाइरल भिडियो एआई-जेनेरेट गरिएको हो।,0,None,"RSP, Rukum, AI Generated, Bell Supporters","Politics, Election",18/02/2026,ne,https://nepalfactcheck.org/2026/02/ai-generated-viral-video-of-rsp/,"नझुक्किनुस्, रुकुममा घण्टी समर्थक भन्दै भाइरल भिडियो एआईबाट बनेको हो"
NFC_viral-video-claiming-anti-balen-protests-in-kathmandu-is-from-2022-not-recent,https://nepalfactcheck.org/wp-content/uploads/2026/02/balen-2-300x169.png,"चुनावी माहोलमा बलेन विरोधी नारा ? भ्रममा नपर्नुहोस्, भिडियो चार वर्ष पुरानो हो",1,Temporal_Mismatch,"Balendra Shah, Balen, Anti-Balen, Protest Video","Politics, Election",20/02/2026,ne,https://nepalfactcheck.org/2026/02/viral-video-claiming-anti-balen-protests-in-kathmandu-is-from-2022-not-recent/,"चुनावी माहौलमा बालेनविरोधी नाराबाजी? नझुक्किनुस्, भिडियो चार वर्ष पुरानो हो"
NFC_viral-video-claiming-anti-balen-protests-in-kathmandu-is-from-2022-not-recent,https://nepalfactcheck.org/wp-content/uploads/2026/02/balen-2-300x169.png,चुनावको समयमा बलेन शाह विरोधी प्रदर्शन देखाउने दाबी गर्ने भाइरल भिडियो चार वर्ष पुरानो र वर्तमान निर्वाचनसँग सम्बन्धित छैन।,0,None,"Balendra Shah, Balen, Anti-Balen, Protest Video","Politics, Election",20/02/2026,ne,https://nepalfactcheck.org/2026/02/viral-video-claiming-anti-balen-protests-in-kathmandu-is-from-2022-not-recent/,"चुनावी माहौलमा बालेनविरोधी नाराबाजी? नझुक्किनुस्, भिडियो चार वर्ष पुरानो हो"
NFC_rekha-thapa-viral-photo-is-edited,https://nepalfactcheck.org/wp-content/uploads/2026/02/FACT_CHECK-DESIGN-3-300x169.png,"रेखा थापाले प्रचण्डको लागि प्रचार गरेनन्, भाइरल तस्बिर सम्पादन !",1,Fabricated,"Rekha Thapa, Prachanda, CPN Maoist, Edited Photo","Entertainment, Election",22/02/2026,ne,https://nepalfactcheck.org/2026/02/rekha-thapa-viral-photo-is-edited/,"रेखा थापाले प्रचण्डको पक्षमा मत मागेकी छैनन्, भाइरल फोटो सम्पादन गरिएको हो"
NFC_rekha-thapa-viral-photo-is-edited,https://nepalfactcheck.org/wp-content/uploads/2026/02/FACT_CHECK-DESIGN-3-300x169.png,अभिनेत्री रेखा थापाले पुष्पकमल दाहाल (प्रचण्ड) को प्रचारप्रसार गरिरहेको भाइरल फोटो डिजिटल सम्पादन गरिएको छ ।,0,None,"Rekha Thapa, Prachanda, CPN Maoist, Edited Photo","Entertainment, Election",22/02/2026,ne,https://nepalfactcheck.org/2026/02/rekha-thapa-viral-photo-is-edited/,"रेखा थापाले प्रचण्डको पक्षमा मत मागेकी छैनन्, भाइरल फोटो सम्पादन गरिएको हो"
NFC_rajendra-lingden-false-quote,https://nepalfactcheck.org/wp-content/uploads/2026/02/FACT_CHECK-DESIGN-1-300x169.png,के राजेन्द्र लिङ्देनले भनेका थिए दलितलाई मन्दिरमा जान दिनु हुँदैन ?,1,Fabricated,"Rajendra Lingden, RPP, Dalit, Temple","Politics, Social",25/02/2026,ne,https://nepalfactcheck.org/2026/02/rajendra-lingden-false-quote/,के राजेन्द्र लिङ्देनले दलितलाई मन्दिर छिर्न दिनु हुन्न भनेका हुन्?
NFC_rajendra-lingden-false-quote,https://nepalfactcheck.org/wp-content/uploads/2026/02/FACT_CHECK-DESIGN-1-300x169.png,राप्रपाका अध्यक्ष राजेन्द्र लिङ्देनले दलितलाई मन्दिरमा पस्न दिनु हुँदैन भन्ने भाइरल भनाइ गलत हो ।,0,None,"Rajendra Lingden, RPP, Dalit, Temple","Politics, Social",25/02/2026,ne,https://nepalfactcheck.org/2026/02/rajendra-lingden-false-quote/,के राजेन्द्र लिङ्देनले दलितलाई मन्दिर छिर्न दिनु हुन्न भनेका हुन्?
NFC_no-evidence-mahesh-basnet-was-assaulted-in-dhangadhi,https://nepalfactcheck.org/wp-content/uploads/2026/02/balen-3-300x169.png,धनगढीमा महेश बस्नेतमाथि कुटपिट भएको भाइरल भिडियो भ्रामक छ,1,Fabricated,"Mahesh Basnet, CPN-UML, Dhangadhi",Politics,28/02/2026,ne,https://nepalfactcheck.org/2026/02/no-evidence-mahesh-basnet-was-assaulted-in-dhangadhi/,धनगढीमा महेश बस्नेतले कुटाइ खाएको भन्दै भाइरल भिडियो भ्रामक
NFC_no-evidence-mahesh-basnet-was-assaulted-in-dhangadhi,https://nepalfactcheck.org/wp-content/uploads/2026/02/balen-3-300x169.png,धनगढीमा महेश बस्नेतमाथि कुटपिट भएको भाइरल भिडियो भ्रामक छ । यस्तो आक्रमणको कुनै प्रमाण छैन।,0,None,"Mahesh Basnet, CPN-UML, Dhangadhi",Politics,28/02/2026,ne,https://nepalfactcheck.org/2026/02/no-evidence-mahesh-basnet-was-assaulted-in-dhangadhi/,धनगढीमा महेश बस्नेतले कुटाइ खाएको भन्दै भाइरल भिडियो भ्रामक
NFC_chainpur_viral_misinformation_uml_cadre_killed,https://nepalfactcheck.org/wp-content/uploads/2026/02/FACT_CHECK-DESIGN-1-1-300x169.png,चैनपुर संखुवासभामा भोट माग्न गएका एमाले कार्यकर्तामाथि खुकुरी प्रहार भयो ?,1,Fabricated,"CPN-UML, Sankhuwasabha, Chainpur, Khukuri Attack","Politics, Election",28/02/2026,ne,https://nepalfactcheck.org/2026/02/chainpur_viral_misinformation_uml_cadre_killed/,संखुवासभाको चैनपुरमा भोट माग्न गएका एमाले कार्यकर्तामाथि खुकुरी प्रहार भएको हो ?
NFC_chainpur_viral_misinformation_uml_cadre_killed,https://nepalfactcheck.org/wp-content/uploads/2026/02/FACT_CHECK-DESIGN-1-1-300x169.png,संखुवासभाको चैनपुरमा एमाले कार्यकर्तामाथि खुकुरी प्रहार भएको दाबी छानबिन गरी अप्रमाणित वा भ्रामक भएको पाइएको छ ।,0,None,"CPN-UML, Sankhuwasabha, Chainpur, Khukuri Attack","Politics, Election",28/02/2026,ne,https://nepalfactcheck.org/2026/02/chainpur_viral_misinformation_uml_cadre_killed/,संखुवासभाको चैनपुरमा भोट माग्न गएका एमाले कार्यकर्तामाथि खुकुरी प्रहार भएको हो ?
NFC_sobita-gautam-misleading-rape-vs-slap-claim,https://nepalfactcheck.org/wp-content/uploads/2026/02/sobita-2-300x169.png,"शोविता गौतमको बलात्कार र थप्पडको भनाइलाई सन्दर्भ बाहिर निकालिएको छ, भ्रामक छ",1,Miscaptioned,"Sobita Gautam, RSP, Rape, Context","Politics, Social",02/03/2026,ne,https://nepalfactcheck.org/2026/02/sobita-gautam-misleading-rape-vs-slap-claim/,सन्दर्भ काटेर फैलाइएको सोविता गौतमको बलात्कार र थप्पड सम्बन्धी भनाइ भ्रामक
NFC_sobita-gautam-misleading-rape-vs-slap-claim,https://nepalfactcheck.org/wp-content/uploads/2026/02/sobita-2-300x169.png,शोविता गौतमले बलात्कार र थप्पडको तुलना गर्ने भनाइलाई प्रसंगभन्दा बाहिर निकालेर आफूले बलात्कारलाई कम गरेजस्तो देखाइयो । उनको पूर्ण भनाइको सन्दर्भ फरक थियो।,0,None,"Sobita Gautam, RSP, Rape, Context","Politics, Social",02/03/2026,ne,https://nepalfactcheck.org/2026/02/sobita-gautam-misleading-rape-vs-slap-claim/,सन्दर्भ काटेर फैलाइएको सोविता गौतमको बलात्कार र थप्पड सम्बन्धी भनाइ भ्रामक
NFC_sudha-gautam-health-insurance-ordinance-misleading-claim,https://nepalfactcheck.org/wp-content/uploads/2026/02/himali-patrika-2-300x169.jpg,स्वास्थ्य मन्त्री सुधा गौतमले स्वास्थ्य बीमा हटाउन अध्यादेश ल्याउने तयारी गर्दै - भ्रामक,1,Miscaptioned,"Sudha Gautam, Health Insurance, Nepal Government","Health, Politics",04/03/2026,ne,https://nepalfactcheck.org/2026/02/sudha-gautam-health-insurance-ordinance-misleading-claim/,"नझुक्किनुस्, स्वास्थ्य मन्त्री सुधा शर्मा गौतमले स्वास्थ्य बीमा हटाउन अध्यादेश ल्याउने तयारी"
NFC_sudha-gautam-health-insurance-ordinance-misleading-claim,https://nepalfactcheck.org/wp-content/uploads/2026/02/himali-patrika-2-300x169.jpg,स्वास्थ्यमन्त्री सुधा शर्मा गौतमले स्वास्थ्य बीमा हटाउन अध्यादेश ल्याउन लागेको दाबी भ्रामक छ । वास्तविक नीति निर्देशन फरक छ।,0,None,"Sudha Gautam, Health Insurance, Nepal Government","Health, Politics",04/03/2026,ne,https://nepalfactcheck.org/2026/02/sudha-gautam-health-insurance-ordinance-misleading-claim/,"नझुक्किनुस्, स्वास्थ्य मन्त्री सुधा शर्मा गौतमले स्वास्थ्य बीमा हटाउन अध्यादेश ल्याउने तयारी"
NFC_id-oli-say-he-would-reject-the-election-results-if-he-and-uml-were-defeated,https://nepalfactcheck.org/wp-content/uploads/2026/02/oli-misleading-300x169.png,के ओलीले आफू र एमाले पराजित भए चुनावी नतिजा खारेज हुन्छ भने ?,1,Miscaptioned,"KP Sharma Oli, CPN-UML, Election Results","Politics, Election",05/03/2026,ne,https://nepalfactcheck.org/2026/02/id-oli-say-he-would-reject-the-election-results-if-he-and-uml-were-defeated/,ओलीले म र एमाले पराजित भए चुनावको परिणाम अस्वीकार हुन्छ भनेका हुन्?
NFC_id-oli-say-he-would-reject-the-election-results-if-he-and-uml-were-defeated,https://nepalfactcheck.org/wp-content/uploads/2026/02/oli-misleading-300x169.png,केपी शर्मा ओलीले आफू र एमाले पराजित भए चुनावी नतिजा अस्वीकार गर्ने भनी भाइरल भइरहेका दाबी भ्रामक छन् । उनको भनाइलाई प्रसंगभन्दा बाहिर निकालिएको छ ।,0,None,"KP Sharma Oli, CPN-UML, Election Results","Politics, Election",05/03/2026,ne,https://nepalfactcheck.org/2026/02/id-oli-say-he-would-reject-the-election-results-if-he-and-uml-were-defeated/,ओलीले म र एमाले पराजित भए चुनावको परिणाम अस्वीकार हुन्छ भनेका हुन्?
NFC_dailekh-1-basana-thapa-first-time-election-claim-misleading,https://nepalfactcheck.org/wp-content/uploads/2026/02/nagarik-daily-300x169.jpg,दैलेख–१ कांग्रेसका उम्मेदवार बसना थापा पहिलो पटक चुनाव लडिरहेको नागरिकको दाबी भ्रामक छ,1,Fabricated,"Basana Thapa, Dailekh, Nepali Congress, Nagarik","Politics, Election, Media",09/03/2026,ne,https://nepalfactcheck.org/2026/02/dailekh-1-basana-thapa-first-time-election-claim-misleading/,दैलेख–१ की कांग्रेस उम्मेदवार बासना थापा पहिलो पटक चुनावमा भन्ने नागरिकको दावी भ्रामक
NFC_dailekh-1-basana-thapa-first-time-election-claim-misleading,https://nepalfactcheck.org/wp-content/uploads/2026/02/nagarik-daily-300x169.jpg,दैलेख–१ कांग्रेसका उम्मेदवार बसना थापा पहिलो पटक चुनाव लडेको नागरिक दैनिकको दाबी भ्रामक छ । यसअघि पनि चुनाव लडेकी छिन् ।,0,None,"Basana Thapa, Dailekh, Nepali Congress, Nagarik","Politics, Election, Media",09/03/2026,ne,https://nepalfactcheck.org/2026/02/dailekh-1-basana-thapa-first-time-election-claim-misleading/,दैलेख–१ की कांग्रेस उम्मेदवार बासना थापा पहिलो पटक चुनावमा भन्ने नागरिकको दावी भ्रामक
NFC_bagadiya-harka-sampang-context-cut-video,https://nepalfactcheck.org/wp-content/uploads/2026/02/harka_sampang_misleading-300x169.jpg,"के एमाले उम्मेदवारले हर्क साम्पाङलाई साथ दिए ? होइन, भाइरल भिडियो भ्रामक छ",1,Miscaptioned,"Harka Sampang, CPN-UML, Bagadiya","Politics, Election",10/03/2026,ne,https://nepalfactcheck.org/2026/02/bagadiya-harka-sampang-context-cut-video/,"हर्क साम्पाङलाई एमाले उम्मेदवारले समर्थन गरेको? होइन, भाइरल भिडियो भ्रामक"
NFC_bagadiya-harka-sampang-context-cut-video,https://nepalfactcheck.org/wp-content/uploads/2026/02/harka_sampang_misleading-300x169.jpg,एमाले उम्मेदवार हर्क साम्पाङलाई समर्थन गरेको भाइरल भिडियो भ्रामक छ। भिडियोलाई सन्दर्भ बाहिर निकालिएको हो।,0,None,"Harka Sampang, CPN-UML, Bagadiya","Politics, Election",10/03/2026,ne,https://nepalfactcheck.org/2026/02/bagadiya-harka-sampang-context-cut-video/,"हर्क साम्पाङलाई एमाले उम्मेदवारले समर्थन गरेको? होइन, भाइरल भिडियो भ्रामक"
NFC_jhapa-goli-hanahan-greece-video-viral-misinformation,https://nepalfactcheck.org/wp-content/uploads/2026/02/FACT_CHECK-DESIGN-4-1-300x169.png,ग्रीसबाट आएको भिडियोले झापामा भएको गोलीकाण्डबारे गलत सूचना फैलाएको थियो,1,Geographic_Mismatch,"Jhapa, Greece, Shooting, Election","Society, Politics",10/03/2026,ne,https://nepalfactcheck.org/2026/02/jhapa-goli-hanahan-greece-video-viral-misinformation/,ग्रीसको भिडियो राखी झापामा गोली हानाहान भएको मिथ्या सूचना भाइरल बनाइँदै
NFC_jhapa-goli-hanahan-greece-video-viral-misinformation,https://nepalfactcheck.org/wp-content/uploads/2026/02/FACT_CHECK-DESIGN-4-1-300x169.png,नेपालको झापामा भएको गोलीकाण्डको गलत समाचार फैलाउन ग्रीसको भिडियो प्रयोग भइरहेको छ ।,0,None,"Jhapa, Greece, Shooting, Election","Society, Politics",10/03/2026,ne,https://nepalfactcheck.org/2026/02/jhapa-goli-hanahan-greece-video-viral-misinformation/,ग्रीसको भिडियो राखी झापामा गोली हानाहान भएको मिथ्या सूचना भाइरल बनाइँदै
NFC_did-ram-kumari-jhankri-say-kp-oli-does-nothing-except-corruption,https://nepalfactcheck.org/wp-content/uploads/2026/02/Ramkumari-300x169.png,ओलीको आलोचना गर्ने रामकुमारी झाँक्रीको भाइरल भिडियोको सत्यता के हो ?,1,Miscaptioned,"Ram Kumari Jhankri, KP Sharma Oli, CPN-UML","Politics, Election",10/03/2026,ne,https://nepalfactcheck.org/2026/02/did-ram-kumari-jhankri-say-kp-oli-does-nothing-except-corruption/,ओलीको आलोचना गर्दै गरेको रामकुमारी झाँक्रीको भाइरल भिडियोको तथ्य के हो?
NFC_did-ram-kumari-jhankri-say-kp-oli-does-nothing-except-corruption,https://nepalfactcheck.org/wp-content/uploads/2026/02/Ramkumari-300x169.png,केपी शर्मा ओलीको आलोचना गर्ने रामकुमारी झाँक्रीको भनाइ यथार्थ हो तर भाइरल क्लिपको विशिष्ट फ्रेमिङलाई सन्दर्भ बाहिर निकाल्न सकिन्छ ।,0,None,"Ram Kumari Jhankri, KP Sharma Oli, CPN-UML","Politics, Election",10/03/2026,ne,https://nepalfactcheck.org/2026/02/did-ram-kumari-jhankri-say-kp-oli-does-nothing-except-corruption/,ओलीको आलोचना गर्दै गरेको रामकुमारी झाँक्रीको भाइरल भिडियोको तथ्य के हो?
NFC_did-rabi-lamichhane-say-uml-is-a-party-with-good-leaders,https://nepalfactcheck.org/wp-content/uploads/2026/02/rabi-lamichhane-300x169.jpg,के रवि लामिछानेले भने एमाले असल नेता भएको पार्टी हो ? यो तथ्य हो,1,Miscaptioned,"Rabi Lamichhane, RSP, CPN-UML","Politics, Election",11/03/2026,ne,https://nepalfactcheck.org/2026/02/did-rabi-lamichhane-say-uml-is-a-party-with-good-leaders/,के रवि लामिछानेले एमाले राम्रो नेताहरू भएको पार्टी हो भनेका हुन्? तथ्य यस्तो छ
NFC_did-rabi-lamichhane-say-uml-is-a-party-with-good-leaders,https://nepalfactcheck.org/wp-content/uploads/2026/02/rabi-lamichhane-300x169.jpg,एमालेको तारिफ गरेको रवि लामिछानेको भाइरल क्लिप भ्रामक छ । उनको वास्तविक भनाइ पूर्ण सन्दर्भमा सुन्दा फरक थियो।,0,None,"Rabi Lamichhane, RSP, CPN-UML","Politics, Election",11/03/2026,ne,https://nepalfactcheck.org/2026/02/did-rabi-lamichhane-say-uml-is-a-party-with-good-leaders/,के रवि लामिछानेले एमाले राम्रो नेताहरू भएको पार्टी हो भनेका हुन्? तथ्य यस्तो छ
NFC_surakshya-pant-hpv-vaccine-claim-review,https://nepalfactcheck.org/wp-content/uploads/2026/02/vaccine-1-300x169.jpg,"के HPV खोप असुरक्षित छ, अभिनेत्री सुरक्षा पन्तको शंका ?",1,Fabricated,"Surakshya Pant, HPV Vaccine, Nepal","Health, Entertainment",11/03/2026,ne,https://nepalfactcheck.org/2026/02/surakshya-pant-hpv-vaccine-claim-review/,के कलाकार सुरक्षा पन्तले शंका गरे जस्तै एचपिभी खोप लगाउनु असुरक्षित हो?
NFC_surakshya-pant-hpv-vaccine-claim-review,https://nepalfactcheck.org/wp-content/uploads/2026/02/vaccine-1-300x169.jpg,अभिनेत्री सुरक्षा पन्तले एचपीभी भ्याक्सिनको सुरक्षालाई लिएर उठाएको चिन्तालाई वैज्ञानिक प्रमाणले समर्थन गर्दैन। डब्ल्यूएचओले खोपलाई सुरक्षित मानेको छ।,0,None,"Surakshya Pant, HPV Vaccine, Nepal","Health, Entertainment",11/03/2026,ne,https://nepalfactcheck.org/2026/02/surakshya-pant-hpv-vaccine-claim-review/,के कलाकार सुरक्षा पन्तले शंका गरे जस्तै एचपिभी खोप लगाउनु असुरक्षित हो?
NFC_siddhababa-temple-palpa-snow-ai-edited,https://nepalfactcheck.org/wp-content/uploads/2026/02/palpa-300x169.png,भ्रममा नपर्नुहोस् - हिउँले ढाकेको पाल्पाको सिद्धबाबा मन्दिरको फोटो वास्तविक होइन,1,Fabricated,"Siddhababa Temple, Palpa, Snow, AI Edited","Tourism, Religion",12/03/2026,ne,https://nepalfactcheck.org/2026/02/siddhababa-temple-palpa-snow-ai-edited/,"नझुक्किनुस्, हिउँले ढाकेको पाल्पाको सिद्धबाबा मन्दिरको फोटो सही होइन"
NFC_siddhababa-temple-palpa-snow-ai-edited,https://nepalfactcheck.org/wp-content/uploads/2026/02/palpa-300x169.png,हिउँले ढाकिएको पाल्पाको सिद्धबाबा मन्दिरको तस्बिर वास्तविक तस्विर नभई एआई सम्पादन गरिएको हो ।,0,None,"Siddhababa Temple, Palpa, Snow, AI Edited","Tourism, Religion",12/03/2026,ne,https://nepalfactcheck.org/2026/02/siddhababa-temple-palpa-snow-ai-edited/,"नझुक्किनुस्, हिउँले ढाकेको पाल्पाको सिद्धबाबा मन्दिरको फोटो सही होइन"
NFC_harka-sampang-supporters-photo-factcheck,https://nepalfactcheck.org/wp-content/uploads/2026/02/Harka-FACT_CHECK-DESIGN-7-300x169.png,हर्क साम्पाङ समर्थकको भाइरल एयरपोर्ट फोटो एआई द्वारा उत्पन्न गरिएको हो,1,Fabricated,"Harka Sampang, Airport, AI Generated","Politics, Election",12/03/2026,ne,https://nepalfactcheck.org/2026/02/harka-sampang-supporters-photo-factcheck/,हर्क साम्पाङ समर्थकको भनिएको विमानस्थलको भाइरल फोटो एआईबाट बनेको
NFC_harka-sampang-supporters-photo-factcheck,https://nepalfactcheck.org/wp-content/uploads/2026/02/Harka-FACT_CHECK-DESIGN-7-300x169.png,एयरपोर्टमा भाइरल फोटोमा हर्क साम्पाङका समर्थकहरूलाई देखाउने दाबी गरिएको छ भने एआई-जेनरेट गरिएको छ।,0,None,"Harka Sampang, Airport, AI Generated","Politics, Election",12/03/2026,ne,https://nepalfactcheck.org/2026/02/harka-sampang-supporters-photo-factcheck/,हर्क साम्पाङ समर्थकको भनिएको विमानस्थलको भाइरल फोटो एआईबाट बनेको
NFC_rsp-army-tob-border-security-claim-misleading,https://nepalfactcheck.org/wp-content/uploads/2026/02/FACT_CHECK-DESIGN-300x169.png,सीमा सुरक्षाको जिम्मेवारी टिओबीलाई दिने राप्रपाको दावी सही होइन,1,Miscaptioned,"RSP, Border Security, TOB, Nepal Army","Politics, Security",13/03/2026,ne,https://nepalfactcheck.org/2026/02/rsp-army-tob-border-security-claim-misleading/,रास्वपाको वाचा पत्रमा सीमा सुरक्षाको जिम्मा टिओबीलाई दिने दावी सही होइन
NFC_rsp-army-tob-border-security-claim-misleading,https://nepalfactcheck.org/wp-content/uploads/2026/02/FACT_CHECK-DESIGN-300x169.png,सीमा सुरक्षाको जिम्मेवारी TOB (तिब्बती वा अन्य बल)लाई दिने रासपको प्रतिज्ञापत्रमा भएको दाबी गलत छ । प्रतिज्ञालाई गलत ढंगले प्रस्तुत गरियो।,0,None,"RSP, Border Security, TOB, Nepal Army","Politics, Security",13/03/2026,ne,https://nepalfactcheck.org/2026/02/rsp-army-tob-border-security-claim-misleading/,रास्वपाको वाचा पत्रमा सीमा सुरक्षाको जिम्मा टिओबीलाई दिने दावी सही होइन
NFC_deuba-ai-video-misleading,https://nepalfactcheck.org/wp-content/uploads/2026/03/FACT_CHECK-DESIGN-8-300x168.jpg,कन्टेन्ट क्रिएटरले एआई खुलाएनन् - नक्कली नोटको बन्डलको भिडियोले देउवालाई भ्रम,1,Fabricated,"Sher Bahadur Deuba, AI Video, Election Cash","Politics, Technology",14/03/2026,ne,https://nepalfactcheck.org/2026/03/deuba-ai-video-misleading/,कन्टेन्ट क्रिएटरले स्पष्ट नखुलाउँदा देउवाले नोटको बिटो एआई नै हो भनेको भिडियोमा झुक्किए
NFC_deuba-ai-video-misleading,https://nepalfactcheck.org/wp-content/uploads/2026/03/FACT_CHECK-DESIGN-8-300x168.jpg,पूर्वप्रधानमन्त्री देउवालाई नोटको बन्डल देखाइएको एआईले बनाएको भिडियोले भ्रममा पारेको थियो । सामग्री निर्माताले खुलासा गरेन कि यो AI-उत्पन्न थियो।,0,None,"Sher Bahadur Deuba, AI Video, Election Cash","Politics, Technology",14/03/2026,ne,https://nepalfactcheck.org/2026/03/deuba-ai-video-misleading/,कन्टेन्ट क्रिएटरले स्पष्ट नखुलाउँदा देउवाले नोटको बिटो एआई नै हो भनेको भिडियोमा झुक्किए
NFC_gagan-thapa-sarlahi-chased-viral-video-fact-check,https://nepalfactcheck.org/wp-content/uploads/2026/03/gagan-thapa-300x169.jpg,"के गगन थापालाई सर्लाहीमा खेदियो ? होइन, भाइरल भिडियो आठ वर्ष पुरानो हो",1,Temporal_Mismatch,"Gagan Thapa, Sarlahi, Nepali Congress","Politics, Election",15/03/2026,ne,https://nepalfactcheck.org/2026/03/gagan-thapa-sarlahi-chased-viral-video-fact-check/,"गगन थापालाई सर्लाहीमा लखेटियो? होइन, भाइरल भिडियो आठ वर्ष पुरानो"
NFC_gagan-thapa-sarlahi-chased-viral-video-fact-check,https://nepalfactcheck.org/wp-content/uploads/2026/03/gagan-thapa-300x169.jpg,सर्लाहीमा गगन थापालाई खेदेको भाइरल भिडियो आठ वर्ष पुरानो र वर्तमान निर्वाचनसँग सम्बन्धित छैन।,0,None,"Gagan Thapa, Sarlahi, Nepali Congress","Politics, Election",15/03/2026,ne,https://nepalfactcheck.org/2026/03/gagan-thapa-sarlahi-chased-viral-video-fact-check/,"गगन थापालाई सर्लाहीमा लखेटियो? होइन, भाइरल भिडियो आठ वर्ष पुरानो"
NFC_butwal-congress-photo-ai-generated,https://nepalfactcheck.org/wp-content/uploads/2026/03/butwal-congress-300x169.jpg,बुटवलमा कांग्रेसको र्‍यालीमा बिरुवा देखाइएको तस्बिर एआईले बनाएको हो,1,Fabricated,"Nepali Congress, Butwal, AI Generated Photo","Politics, Election",15/03/2026,ne,https://nepalfactcheck.org/2026/03/butwal-congress-photo-ai-generated/,बुटवलको कांग्रेस सभामा बोटबिरुवासहित देखाइएको फोटो एआई–निर्मित
NFC_butwal-congress-photo-ai-generated,https://nepalfactcheck.org/wp-content/uploads/2026/03/butwal-congress-300x169.jpg,बुटवलमा बिरुवा/हरियाली सहितको कांग्रेसको र्‍याली देखाइएको तस्बिर एआई-जेनरेट गरिएको हो र वास्तविक फोटो होइन।,0,None,"Nepali Congress, Butwal, AI Generated Photo","Politics, Election",15/03/2026,ne,https://nepalfactcheck.org/2026/03/butwal-congress-photo-ai-generated/,बुटवलको कांग्रेस सभामा बोटबिरुवासहित देखाइएको फोटो एआई–निर्मित
NFC_viral-video-claiming-u-s-attack-on-iran-found-to-be-ai-generated,https://nepalfactcheck.org/wp-content/uploads/2026/03/iran-attack-ai-300x169.jpg,Video going viral in Nepal claiming US attack on Iran is not true - AI generated,1,Fabricated,"Iran, USA, Attack, AI Generated Video",International,16/03/2026,ne-en,https://nepalfactcheck.org/2026/03/viral-video-claiming-u-s-attack-on-iran-found-to-be-ai-generated/,इरानमा भएको आक्रमण दावी गर्दै नेपालमा भाइरल भएको भिडिओ सत्य होइन
NFC_viral-video-claiming-u-s-attack-on-iran-found-to-be-ai-generated,https://nepalfactcheck.org/wp-content/uploads/2026/03/iran-attack-ai-300x169.jpg,The video going viral in Nepal claiming to show a US attack on Iran is AI-generated and not a real video of any attack.,0,None,"Iran, USA, Attack, AI Generated Video",International,16/03/2026,ne-en,https://nepalfactcheck.org/2026/03/viral-video-claiming-u-s-attack-on-iran-found-to-be-ai-generated/,इरानमा भएको आक्रमण दावी गर्दै नेपालमा भाइरल भएको भिडिओ सत्य होइन
NFC_photo-of-congress-leader-carrying-tree-in-campaign-is-not-real,https://nepalfactcheck.org/wp-content/uploads/2026/02/FACT_CHECK-DESIGN-1-3-300x169.png,भ्रममा नपर्नुहोस् - चुनावी प्रचारमा रुख बोकेको कांग्रेस नेताको तस्बिर वास्तविक होइन,1,Fabricated,"Nepali Congress, Election Campaign, Tree Photo","Politics, Election",16/03/2026,ne,https://nepalfactcheck.org/2026/02/photo-of-congress-leader-carrying-tree-in-campaign-is-not-real/,"नझुक्किनुस्, कांग्रेस नेता रुख बोकेर चुनावी प्रचारमा हिँडेको फोटो वास्तविक होइन"
NFC_photo-of-congress-leader-carrying-tree-in-campaign-is-not-real,https://nepalfactcheck.org/wp-content/uploads/2026/02/FACT_CHECK-DESIGN-1-3-300x169.png,चुनावी प्रचारका क्रममा रुख बोकेर हिँडेको कांग्रेस नेताको भाइरल तस्बिर एआई-जेनरेट वा डिजिटल रूपमा हेरफेर गरिएको हो।,0,None,"Nepali Congress, Election Campaign, Tree Photo","Politics, Election",16/03/2026,ne,https://nepalfactcheck.org/2026/02/photo-of-congress-leader-carrying-tree-in-campaign-is-not-real/,"नझुक्किनुस्, कांग्रेस नेता रुख बोकेर चुनावी प्रचारमा हिँडेको फोटो वास्तविक होइन"
NFC_sobita-gautam-gurung-tharu-remark-misleading,https://nepalfactcheck.org/wp-content/uploads/2026/03/sobita-gautam-1-300x169.jpg,प्रेस विज्ञप्तिमा शोविता गौतमले आदिवासीहरूले पैसाको लागि आफूलाई बेच्ने भ्रामक भएको दाबी गरे,1,Miscaptioned,"Sobita Gautam, RSP, Indigenous, Janajati","Politics, Social",17/03/2026,ne,https://nepalfactcheck.org/2026/03/sobita-gautam-gurung-tharu-remark-misleading/,सोविता गौतमले आदिवासी जनजातिलाई पैसामा बिक्ने भने दावीसहित विज्ञप्ति यसकारण भ्रामक
NFC_sobita-gautam-gurung-tharu-remark-misleading,https://nepalfactcheck.org/wp-content/uploads/2026/03/sobita-gautam-1-300x169.jpg,सोविता गौतमले दाबी गरेको प्रेस विज्ञप्तिमा आदिवासी/जनजाति समुदायले पैसाको लागि आफूलाई बेच्ने भ्रामक छ। उनको वास्तविक बयान सन्दर्भ बाहिर लिइएको थियो।,0,None,"Sobita Gautam, RSP, Indigenous, Janajati","Politics, Social",17/03/2026,ne,https://nepalfactcheck.org/2026/03/sobita-gautam-gurung-tharu-remark-misleading/,सोविता गौतमले आदिवासी जनजातिलाई पैसामा बिक्ने भने दावीसहित विज्ञप्ति यसकारण भ्रामक
NFC_balen-rabi-misinformation,https://nepalfactcheck.org/wp-content/uploads/2026/02/rabi-misinfo-by-harka-sampang-supporter-300x169.jpg,के रवि लामिछानेले भनेका थिए बलेन शाहलाई प्रधानमन्त्री बनाउने सहमति ?,1,Miscaptioned,"Rabi Lamichhane, Balendra Shah, Balen, RSP, Prime Minister","Politics, Election",17/03/2026,ne,https://nepalfactcheck.org/2026/02/balen-rabi-misinformation/,के रवि लामिछानेले बालेन शाहलाई प्रधानमन्त्री बनाउने सहमति नभएको भनेका हुन्?
NFC_balen-rabi-misinformation,https://nepalfactcheck.org/wp-content/uploads/2026/02/rabi-misinfo-by-harka-sampang-supporter-300x169.jpg,बलेन शाहलाई प्रधानमन्त्री बनाउने कुनै पनि सम्झौतालाई अस्वीकार गरेको रवि लामिछानेको भाइरल क्लिपलाई पूर्ण सन्दर्भबाट बाहिर निकाल्दा भ्रामक छ।,0,None,"Rabi Lamichhane, Balendra Shah, Balen, RSP, Prime Minister","Politics, Election",17/03/2026,ne,https://nepalfactcheck.org/2026/02/balen-rabi-misinformation/,के रवि लामिछानेले बालेन शाहलाई प्रधानमन्त्री बनाउने सहमति नभएको भनेका हुन्?
NFC_prachanda-viral-video-debunked,https://nepalfactcheck.org/wp-content/uploads/2026/02/FACT_CHECK-DESIGN-2-2-300x169.png,जित्नको लागि मतपेटिका परिवर्तन गर्ने भ्रामक दाबी गर्न प्रचण्डको भाषणको क्लिपहरू एकसाथ टाँसियो,1,Fabricated,"Pushpa Kamal Dahal, Prachanda, Ballot Box, Election","Politics, Election",17/03/2026,ne,https://nepalfactcheck.org/2026/02/prachanda-viral-video-debunked/,प्रचण्डको भाषणको टुक्रा जोडेर बनाइयो बाकसै बदलेर चुनाव जित्नुपर्ने भ्रामक दाबी
NFC_prachanda-viral-video-debunked,https://nepalfactcheck.org/wp-content/uploads/2026/02/FACT_CHECK-DESIGN-2-2-300x169.png,प्रचण्डले चुनाव जित्नको लागि मतपेटिका परिवर्तन गर्ने कुरालाई झूटो रूपमा बुझाउनका लागि प्रचण्डको भाषणका धेरै क्लिपहरू एकसाथ टाँसिएको थियो।,0,None,"Pushpa Kamal Dahal, Prachanda, Ballot Box, Election","Politics, Election",17/03/2026,ne,https://nepalfactcheck.org/2026/02/prachanda-viral-video-debunked/,प्रचण्डको भाषणको टुक्रा जोडेर बनाइयो बाकसै बदलेर चुनाव जित्नुपर्ने भ्रामक दाबी
NFC_heavy-rain-claim-false-light-to-moderate-rain-in-kathmandu,https://nepalfactcheck.org/wp-content/uploads/2026/02/FACT_CHECK-DESIGN-4-2-300x169.png,"मंगलबार काठमाडौं क्षेत्रमा हल्कादेखि मध्यम वर्षा भएको छ, भारी वर्षा भएको छैन",1,Fabricated,"Kathmandu, Rain, Weather Forecast",Weather,18/03/2026,ne,https://nepalfactcheck.org/2026/02/heavy-rain-claim-false-light-to-moderate-rain-in-kathmandu/,"मंगलबार काठमाडौंसहितका स्थानमा भारी होइन, हल्कादेखि मध्यम वर्षा भएको हो"
NFC_heavy-rain-claim-false-light-to-moderate-rain-in-kathmandu,https://nepalfactcheck.org/wp-content/uploads/2026/02/FACT_CHECK-DESIGN-4-2-300x169.png,मंगलबार काठमाडौं र आसपासका क्षेत्रमा भारी वर्षा भएको दाबी गलत हो । हल्कादेखि मध्यम वर्षा मात्रै भएको थियो ।,0,None,"Kathmandu, Rain, Weather Forecast",Weather,18/03/2026,ne,https://nepalfactcheck.org/2026/02/heavy-rain-claim-false-light-to-moderate-rain-in-kathmandu/,"मंगलबार काठमाडौंसहितका स्थानमा भारी होइन, हल्कादेखि मध्यम वर्षा भएको हो"
NFC_claim-that-u-s-army-marched-in-nepal-is-misleading,https://nepalfactcheck.org/wp-content/uploads/2026/02/us-army-factcheck-300x169.jpg,सेना दिवसमा सैन्य ब्यान्ड कार्यक्रम अमेरिकी परेड भएको दाबी भ्रामक छ,1,Miscaptioned,"Nepal Army, Military Band, USA, Army Day","Military, Politics",18/03/2026,ne,https://nepalfactcheck.org/2026/02/claim-that-u-s-army-marched-in-nepal-is-misleading/,सैनिक दिवसको ब्यान्ड कार्यक्रमलाई अमेरिकी परेड भनेर फैलाइएको दावी भ्रामक
NFC_claim-that-u-s-army-marched-in-nepal-is-misleading,https://nepalfactcheck.org/wp-content/uploads/2026/02/us-army-factcheck-300x169.jpg,मिलिट्री ब्यान्ड परेड जस्तो देखिने भाइरल भिडियोलाई नेपालमा मार्च गरिरहेको अमेरिकी सेनाको परेड हो भनी गलत दाबी गरिएको थियो । यो वास्तवमा नेपाली सेनाको ब्यान्ड कार्यक्रम हो।,0,None,"Nepal Army, Military Band, USA, Army Day","Military, Politics",18/03/2026,ne,https://nepalfactcheck.org/2026/02/claim-that-u-s-army-marched-in-nepal-is-misleading/,सैनिक दिवसको ब्यान्ड कार्यक्रमलाई अमेरिकी परेड भनेर फैलाइएको दावी भ्रामक
NFC_balen-ai-viral-photo,https://nepalfactcheck.org/wp-content/uploads/2026/02/Balen-Shah_FACT_CHECK-DESIGN-300x169.png,बालेनको रक्सी पिउँदै गरेको भाइरल तस्बिर वास्तविक होइन,1,Fabricated,"Balendra Shah, Balen, Alcohol, AI Generated","Politics, Election",19/03/2026,ne,https://nepalfactcheck.org/2026/02/balen-ai-viral-photo/,बालेनले मदिरा पिउँदै गरेको भाइरल फोटो सही होइन
NFC_balen-ai-viral-photo,https://nepalfactcheck.org/wp-content/uploads/2026/02/Balen-Shah_FACT_CHECK-DESIGN-300x169.png,बलेन शाहले मदिरा सेवन गरेको देखाएको भाइरल तस्बिर एआईबाट बनेको हो र वास्तविक होइन ।,0,None,"Balendra Shah, Balen, Alcohol, AI Generated","Politics, Election",19/03/2026,ne,https://nepalfactcheck.org/2026/02/balen-ai-viral-photo/,बालेनले मदिरा पिउँदै गरेको भाइरल फोटो सही होइन
NFC_misleading-image-falsely-claims-gagan-thapa-bowed-at-voters-feet-with-money,https://nepalfactcheck.org/wp-content/uploads/2026/03/gagan-thapa-fact-check-baner-1024x500-1-300x146.jpg,गगन थापाले मतदाताको खुट्टामा पैसा राखेर झुकेको भाइरल फोटो भ्रामक,1,Fabricated,"Gagan Thapa, Nepali Congress, Vote Buying","Politics, Election",20/03/2026,ne,https://nepalfactcheck.org/2026/03/misleading-image-falsely-claims-gagan-thapa-bowed-at-voters-feet-with-money/,गगन थापाले मतदाताको खुट्टामा पैसा राखेर ढोगेको दावीसहितको भाइरल फोटो यसकारण भ्रामक
NFC_misleading-image-falsely-claims-gagan-thapa-bowed-at-voters-feet-with-money,https://nepalfactcheck.org/wp-content/uploads/2026/03/gagan-thapa-fact-check-baner-1024x500-1-300x146.jpg,तथ्य/निश्कर्ष : भ्रामक सूचना। भाइरल फोटो गगन थापासँग सम्बन्धित छैन। उक्त फोटो २०७९ सालमा मेलम्ची नगरपालिका–१० का वडा अध्यक्ष उम्मेदवार अमृत खनालसँग सम्बन्धित पुरानो समाचारको हो। पुरानो फोटोलाई गलत सन्दर्भमा प्रस्तुत गरी भ्रम फैलाइएको हो।,0,None,"Gagan Thapa, Nepali Congress, Vote Buying","Politics, Election",20/03/2026,ne,https://nepalfactcheck.org/2026/03/misleading-image-falsely-claims-gagan-thapa-bowed-at-voters-feet-with-money/,गगन थापाले मतदाताको खुट्टामा पैसा राखेर ढोगेको दावीसहितको भाइरल फोटो यसकारण भ्रामक
NFC_rabi-lamichhane-indian-ambassador-meeting-photo-misleading-election-claim,https://nepalfactcheck.org/wp-content/uploads/2026/02/FACT_CHECK-DESIGN-6-1-300x169.png,रवि लामिछाने र भारतीय राजदूत गोप्य भेटको भाइरल तस्बिर वास्तवमा २ वर्ष पुरानो शिष्टाचार भेट हो ।,1,Temporal_Mismatch,"Rabi Lamichhane, RSP, Indian Ambassador, India, Nepal","Politics, International",20/03/2026,ne,https://nepalfactcheck.org/2026/02/rabi-lamichhane-indian-ambassador-meeting-photo-misleading-election-claim/,रवि लामिछाने र भारतीय राजदूतको गोप्य भन्दै भाइरल फोटो वास्तवमा दुई वर्ष पुरानो शिष्टाचार
NFC_rabi-lamichhane-indian-ambassador-meeting-photo-misleading-election-claim,https://nepalfactcheck.org/wp-content/uploads/2026/02/FACT_CHECK-DESIGN-6-1-300x169.png,रवि लामिछाने र भारतीय राजदूतबीच गोप्य भेट भएको दाबी गर्ने भाइरल फोटो वास्तवमा दुई वर्ष पुरानो शिष्टाचार भेटको तस्बिर हो ।,0,None,"Rabi Lamichhane, RSP, Indian Ambassador, India, Nepal","Politics, International",20/03/2026,ne,https://nepalfactcheck.org/2026/02/rabi-lamichhane-indian-ambassador-meeting-photo-misleading-election-claim/,रवि लामिछाने र भारतीय राजदूतको गोप्य भन्दै भाइरल फोटो वास्तवमा दुई वर्ष पुरानो शिष्टाचार
NFC_switzerland-sarco-suicide-pod-not-legally-approved,https://nepalfactcheck.org/wp-content/uploads/2026/02/sarco-pod-300x169.png,Viral post claim is not correct: Sarco Pod does not have legal approval,1,Fabricated,"Sarco Pod, Suicide Pod, Switzerland, Assisted Dying","International, Legal, Health",20/03/2026,ne-en,https://nepalfactcheck.org/2026/02/switzerland-sarco-suicide-pod-not-legally-approved/,भाइरल पोस्टको दावी सही होइन : सार्को पोड लाई कानुनी मान्यता छैन
NFC_switzerland-sarco-suicide-pod-not-legally-approved,https://nepalfactcheck.org/wp-content/uploads/2026/02/sarco-pod-300x169.png,The viral claim that Switzerland's Sarco suicide pod has received legal approval is not correct. It has not been legally approved.,0,None,"Sarco Pod, Suicide Pod, Switzerland, Assisted Dying","International, Legal, Health",20/03/2026,ne-en,https://nepalfactcheck.org/2026/02/switzerland-sarco-suicide-pod-not-legally-approved/,भाइरल पोस्टको दावी सही होइन : सार्को पोड लाई कानुनी मान्यता छैन
NFC_digitally-altered-photo-of-surya-thapa-goes-viral,https://nepalfactcheck.org/wp-content/uploads/2026/02/FACT_CHECK-DESIGN-3-5-300x169.png,जुत्ताको माला लगाएको सुर्य थापाको दाबी सहितको तस्बिर भाइरल - के छ वास्तविकता ?,1,Fabricated,"Surya Thapa, Shoe Garland, Digitally Altered","Politics, Election",21/03/2026,ne,https://nepalfactcheck.org/2026/02/digitally-altered-photo-of-surya-thapa-goes-viral/,"भाइरल फोटोमा सूर्य थापाले जुत्ताको माला लगाएको दावी, वास्तविकता के हो?"
NFC_digitally-altered-photo-of-surya-thapa-goes-viral,https://nepalfactcheck.org/wp-content/uploads/2026/02/FACT_CHECK-DESIGN-3-5-300x169.png,सूर्य थापाले जुत्ताको माला लगाएको देखाएको भाइरल तस्बिरलाई डिजिटल परिवर्तन गरिएको छ ।,0,None,"Surya Thapa, Shoe Garland, Digitally Altered","Politics, Election",21/03/2026,ne,https://nepalfactcheck.org/2026/02/digitally-altered-photo-of-surya-thapa-goes-viral/,"भाइरल फोटोमा सूर्य थापाले जुत्ताको माला लगाएको दावी, वास्तविकता के हो?"
NFC_harka-sampang-bell-vote-claim-misleading,https://nepalfactcheck.org/wp-content/uploads/2026/03/balen-rabi-modi-300x169.jpg,भ्रममा नपर्नुस्- केपी ओलीलाई हराउन हर्क साम्पाङले बेल (रासपा) लाई भोट माग्न भनेका छैनन् ।,1,Fabricated,"Harka Sampang, KP Sharma Oli, RSP, Bell Vote","Politics, Election",21/03/2026,ne,https://nepalfactcheck.org/2026/03/harka-sampang-bell-vote-claim-misleading/,"नझुक्किनुस्, हर्क साम्पाङले केपी ओलीलाई हराउन घण्टीमा भोट मागेका छैनन्"
NFC_harka-sampang-bell-vote-claim-misleading,https://nepalfactcheck.org/wp-content/uploads/2026/03/balen-rabi-modi-300x169.jpg,केपी शर्मा ओलीलाई हराउन हर्क साम्पाङले मतदातालाई घण्टी चिन्ह (रासपा) लाई भोट दिन आग्रह गरेको भाइरल दाबी गलत हो ।,0,None,"Harka Sampang, KP Sharma Oli, RSP, Bell Vote","Politics, Election",21/03/2026,ne,https://nepalfactcheck.org/2026/03/harka-sampang-bell-vote-claim-misleading/,"नझुक्किनुस्, हर्क साम्पाङले केपी ओलीलाई हराउन घण्टीमा भोट मागेका छैनन्"
NFC_tashi-lhazoms-speech,https://nepalfactcheck.org/wp-content/uploads/2026/02/FACT_CHECK-DESIGN-8-1-300x169.png,म कांग्रेस उम्मेदवार हुँ भन्दै टासी ल्हाजोमको भिडियो यस कारण भ्रामक छ,1,Miscaptioned,"Tashi Lhazom, Nepali Congress, Candidate","Politics, Election",21/03/2026,ne,https://nepalfactcheck.org/2026/02/tashi-lhazoms-speech/,टासी ल्हान्जोमले म कांग्रेसको उम्मेदवार भनेको भिडियो यसकारण भ्रामक
NFC_tashi-lhazoms-speech,https://nepalfactcheck.org/wp-content/uploads/2026/02/FACT_CHECK-DESIGN-8-1-300x169.png,टाशी लाजोमले आफू कांग्रेस उम्मेदवार भएको दाबी गरेको भिडियो भ्रामक छ। उनको वास्तविक बयान अर्कै सन्दर्भमा थियो।,0,None,"Tashi Lhazom, Nepali Congress, Candidate","Politics, Election",21/03/2026,ne,https://nepalfactcheck.org/2026/02/tashi-lhazoms-speech/,टासी ल्हान्जोमले म कांग्रेसको उम्मेदवार भनेको भिडियो यसकारण भ्रामक
NFC_no-heavy-snow-rain-in-6-provinces-today,https://nepalfactcheck.org/wp-content/uploads/2026/02/FACT_CHECK-DESIGN-1-2-300x169.png,लुम्बिनी र वाग्मतीसहित ६ प्रदेशमा आज भारी हिमपात र वर्षाको सम्भावना छैन,1,Fabricated,"Nepal, Weather, Snow, Rain, Provinces",Weather,21/03/2026,ne,https://nepalfactcheck.org/2026/02/no-heavy-snow-rain-in-6-provinces-today/,"नझुक्किनुस्, लुम्बिनी र बागमतीसहित ६ प्रदेशमा आज भारी हिमपात र वर्षाको सम्भावना होइन"
NFC_no-heavy-snow-rain-in-6-provinces-today,https://nepalfactcheck.org/wp-content/uploads/2026/02/FACT_CHECK-DESIGN-1-2-300x169.png,नेपालका ६ प्रदेशमा भारी हिमपात र वर्षा भएको भाइरल दाबी गलत वास्तविक मौसम पूर्वानुमान हल्कादेखि मध्यम वर्षाको लागि थियो।,0,None,"Nepal, Weather, Snow, Rain, Provinces",Weather,21/03/2026,ne,https://nepalfactcheck.org/2026/02/no-heavy-snow-rain-in-6-provinces-today/,"नझुक्किनुस्, लुम्बिनी र बागमतीसहित ६ प्रदेशमा आज भारी हिमपात र वर्षाको सम्भावना होइन"
NFC_kp-sharma-oli-viral-video-fact-check-old-interview-misleading-election-loss-claim,https://nepalfactcheck.org/wp-content/uploads/2026/03/oli-crying-misleading-300x169.jpg,चुनाव हारेपछि ओली रोएको दाबी गर्ने भिडियो भ्रामक - ९ वर्ष पुरानो अन्तर्वार्ता भाइरल,1,Temporal_Mismatch,"KP Sharma Oli, CPN-UML, Crying Video, Old Interview","Politics, Election",22/03/2026,ne,https://nepalfactcheck.org/2026/03/kp-sharma-oli-viral-video-fact-check-old-interview-misleading-election-loss-claim/,"चुनाव हारेपछि ओली रोए भन्ने भिडियो भ्रामक, ९ वर्ष पुरानो अन्तर्वार्ता भाइरल"
NFC_kp-sharma-oli-viral-video-fact-check-old-interview-misleading-election-loss-claim,https://nepalfactcheck.org/wp-content/uploads/2026/03/oli-crying-misleading-300x169.jpg,"चुनाव हारेपछि केपी शर्मा ओली रोएको भाइरल भिडियो भ्रामक छ । यो 9 वर्ष पुरानो अन्तर्वार्ताबाट हो, वर्तमान चुनावसँग सम्बन्धित छैन।",0,None,"KP Sharma Oli, CPN-UML, Crying Video, Old Interview","Politics, Election",22/03/2026,ne,https://nepalfactcheck.org/2026/03/kp-sharma-oli-viral-video-fact-check-old-interview-misleading-election-loss-claim/,"चुनाव हारेपछि ओली रोए भन्ने भिडियो भ्रामक, ९ वर्ष पुरानो अन्तर्वार्ता भाइरल"
NFC_pradeep-gyawali-viral-quote-fact-check,https://nepalfactcheck.org/wp-content/uploads/2026/03/FACT_CHECK-DESIGN-3-300x169.png,प्रदिप ज्ञवालीले आफूलाई राप्रपाले धोका दिएको दाबी गलत हो,1,Fabricated,"Pradeep Gyawali, CPN-UML, RSP, Betrayal","Politics, Election",22/03/2026,ne,https://nepalfactcheck.org/2026/03/pradeep-gyawali-viral-quote-fact-check/,प्रदीप ज्ञवालीले रास्वपाबाट धोका भयो भनेको दावी मिथ्या
NFC_pradeep-gyawali-viral-quote-fact-check,https://nepalfactcheck.org/wp-content/uploads/2026/03/FACT_CHECK-DESIGN-3-300x169.png,प्रदीप ज्ञवालीले आफूलाई आरएसपीले धोका दिएको भनाइको भाइरल भनाई गलत हो । उनले त्यस्तो अभिव्यक्ति दिएनन् ।,0,None,"Pradeep Gyawali, CPN-UML, RSP, Betrayal","Politics, Election",22/03/2026,ne,https://nepalfactcheck.org/2026/03/pradeep-gyawali-viral-quote-fact-check/,प्रदीप ज्ञवालीले रास्वपाबाट धोका भयो भनेको दावी मिथ्या
NFC_invalid-votes-nepal-election-2082-misleading-claims-kantipur-gorkhapatra,https://nepalfactcheck.org/wp-content/uploads/2026/03/kantipur-gorkhapatra-300x169.jpg,अवैध भोटहरू ३५ वर्षमा सबैभन्दा बढी थिए वा घटेका थिए? कान्तिपुर र गोरखापत्रको दाबी किन फरक ?,1,Miscaptioned,"Invalid Votes, Kantipur, Gorkhapatra, Nepal Election 2082","Election, Media",22/03/2026,ne,https://nepalfactcheck.org/2026/03/invalid-votes-nepal-election-2082-misleading-claims-kantipur-gorkhapatra/,बदर मत ३५ वर्षयताकै सबैभन्दा बढी कि घट्यो ? कान्तिपुर र गोरखापत्रका दावी किन फरक?
NFC_invalid-votes-nepal-election-2082-misleading-claims-kantipur-gorkhapatra,https://nepalfactcheck.org/wp-content/uploads/2026/03/kantipur-gorkhapatra-300x169.jpg,कान्तिपुर र गोरखापत्रले नेपालको निर्वाचनमा अवैध मतको विवादास्पद दाबी प्रकाशित गरेका छन् । अनुसन्धानले पत्ता लगायो कि दुबै रिपोर्टहरूमा तिनीहरूको पद्धति वा डेटा व्याख्यामा समस्याहरू थिए।,0,None,"Invalid Votes, Kantipur, Gorkhapatra, Nepal Election 2082","Election, Media",22/03/2026,ne,https://nepalfactcheck.org/2026/03/invalid-votes-nepal-election-2082-misleading-claims-kantipur-gorkhapatra/,बदर मत ३५ वर्षयताकै सबैभन्दा बढी कि घट्यो ? कान्तिपुर र गोरखापत्रका दावी किन फरक?
NFC_did-narendra-modi-say-nepal-and-other-countries-would-become-akhand-bharat-without-war,https://nepalfactcheck.org/wp-content/uploads/2026/03/modi-fake--300x169.jpg,Video of Modi saying Nepal and other countries will be merged into Akhand Bharat is deepfake,1,Fabricated,"Narendra Modi, Akhand Bharat, Nepal, India, Deepfake AI","International, Politics",22/03/2026,ne-en,https://nepalfactcheck.org/2026/03/did-narendra-modi-say-nepal-and-other-countries-would-become-akhand-bharat-without-war/,मोदीले नेपालसहितका देश अखण्ड भारतमा गाभिने भनेको भिडिओ डिपफेक
NFC_did-narendra-modi-say-nepal-and-other-countries-would-become-akhand-bharat-without-war,https://nepalfactcheck.org/wp-content/uploads/2026/03/modi-fake--300x169.jpg,The viral video of Indian PM Narendra Modi claiming Nepal and other countries would become part of Akhand Bharat (undivided India) is a deepfake created with AI.,0,None,"Narendra Modi, Akhand Bharat, Nepal, India, Deepfake AI","International, Politics",22/03/2026,ne-en,https://nepalfactcheck.org/2026/03/did-narendra-modi-say-nepal-and-other-countries-would-become-akhand-bharat-without-war/,मोदीले नेपालसहितका देश अखण्ड भारतमा गाभिने भनेको भिडिओ डिपफेक
NFC_water-price-claim,https://nepalfactcheck.org/wp-content/uploads/2026/03/FACT_CHECK-DESIGN-9-1-300x169.png,पुरानो जानकारीको आधारमा पानीको मूल्य बारे भ्रामक समाचार,1,Temporal_Mismatch,"Water Price, Nepal, KUKL","Government, Consumer, Media",22/03/2026,ne,https://nepalfactcheck.org/2026/03/water-price-claim/,पुरानो सूचनालाई आधार बनाएर पानीको मूल्यबारे भ्रामक समाचार
NFC_water-price-claim,https://nepalfactcheck.org/wp-content/uploads/2026/03/FACT_CHECK-DESIGN-9-1-300x169.png,नेपालमा पानीको मूल्य निर्धारण बारे मिडिया रिपोर्टहरू भ्रामक थिए किनभने तिनीहरू हालैका परिवर्तनहरू स्वीकार नगरी पुरानो जानकारीमा आधारित थिए।,0,None,"Water Price, Nepal, KUKL","Government, Consumer, Media",22/03/2026,ne,https://nepalfactcheck.org/2026/03/water-price-claim/,पुरानो सूचनालाई आधार बनाएर पानीको मूल्यबारे भ्रामक समाचार
NFC_tanka-dahal-bhattarai-koirala-claim-factcheck,https://nepalfactcheck.org/wp-content/uploads/2026/03/FACT_CHECK-DESIGN-8-300x169.png,२०५६ (१९९९) को निर्वाचनको इतिहासलाई तोडफोड गरेर भ्रामक दाबी फैलियो,1,Temporal_Mismatch,"Tanka Dahal, Baburam Bhattarai, Girija Prasad Koirala, 1999 Election","Politics, History, Election",22/03/2026,ne,https://nepalfactcheck.org/2026/03/tanka-dahal-bhattarai-koirala-claim-factcheck/,२०५६ सालको निर्वाचनको इतिहास तोडमोड गर्दै फैलाइयो भ्रामक दाबी
NFC_tanka-dahal-bhattarai-koirala-claim-factcheck,https://nepalfactcheck.org/wp-content/uploads/2026/03/FACT_CHECK-DESIGN-8-300x169.png,"टंक दाहाल, बाबुराम भट्टराई र गिरिजाप्रसाद कोइरालाले २०५६ साल (१९९९) को नेपालको निर्वाचनको इतिहासलाई तोडमोड गरेको भाइरल दाबी गरिएको छ ।",0,None,"Tanka Dahal, Baburam Bhattarai, Girija Prasad Koirala, 1999 Election","Politics, History, Election",22/03/2026,ne,https://nepalfactcheck.org/2026/03/tanka-dahal-bhattarai-koirala-claim-factcheck/,२०५६ सालको निर्वाचनको इतिहास तोडमोड गर्दै फैलाइयो भ्रामक दाबी
NFC_ai-image-manakamana,https://nepalfactcheck.org/wp-content/uploads/2026/03/FACT_CHECK-DESIGN-12-300x169.png,मनकामना रिटर्न माइक्रो दुर्घटनाको नाममा फैलिएका तस्बिरहरू एआई-जेनरेट हुन्,1,Fabricated,"Manakamana, Accident, AI Generated, Micro Vehicle",Society,22/03/2026,ne,https://nepalfactcheck.org/2026/03/ai-image-manakamana/,मनकामनाबाट फर्किएको माइक्रो दुर्घटनाका नाममा फैलाइएका फोटो एआई निर्मित
NFC_ai-image-manakamana,https://nepalfactcheck.org/wp-content/uploads/2026/03/FACT_CHECK-DESIGN-12-300x169.png,मनकामना मन्दिरबाट जाने बाटोमा माइक्रो गाडी दुर्घटना भएको देखाउने भाइरल तस्बिरहरू एआई-जेनरेट भएका हुन्।,0,None,"Manakamana, Accident, AI Generated, Micro Vehicle",Society,22/03/2026,ne,https://nepalfactcheck.org/2026/03/ai-image-manakamana/,मनकामनाबाट फर्किएको माइक्रो दुर्घटनाका नाममा फैलाइएका फोटो एआई निर्मित
FL_youtube_hal_rudra_debunk_1,https://i.ytimg.com/vi/WHpZXqi6F_c/maxresdefault.jpg,A video with visuals of an air crash is being shared on social media platforms with the claim that Indian aircraft HAL Rudra was shot down by Nepali forces when it crossed the border to conduct airstrikes on Nepali territories.,1,Miscaptioned,"HAL Rudra, India, Nepal, The Telegraph, On-Demand News, Free Syrian Army, Syria, Eid Lib, Guardian, Google, Yandex",Politics,11/07/2020 00:00,en,https://i.ytimg.com/vi/WHpZXqi6F_c/maxresdefault.jpg,A video with visuals of an air crash is being shared on social media platforms with the claim that Indian aircraft HAL Rudra was shot down by Nepali f
FL_youtube_hal_rudra_debunk_1,https://i.ytimg.com/vi/WHpZXqi6F_c/maxresdefault.jpg,"The visuals are related to a helicopter crash that took place in the Syrian province of Idlib in 2012, where a Syrian army helicopter was shot down by rebel forces Free Syrian Army. An old video of the shooting down of a helicopter in Syria is being falsely shared as an Indian aircraft being shot down by Nepali forces.",0,None,"HAL Rudra, India, Nepal, The Telegraph, On-Demand News, Free Syrian Army, Syria, Eid Lib, Guardian, Google, Yandex",Politics,11/07/2020 00:00,en,https://i.ytimg.com/vi/WHpZXqi6F_c/maxresdefault.jpg,A video with visuals of an air crash is being shared on social media platforms with the claim that Indian aircraft HAL Rudra was shot down by Nepali f
OK_ukraine_war_fact_check_4,https://english.onlinekhabar.com/wp-content/uploads/2022/03/fourth-photo-ukraine-war-637x1024.jpg,"Ukrainian President Volodymyr Zelensky in combat fatigues, gone viral on Twitter with false claims he was on the battlefield following the Russian invasion.",1,Temporal_Mismatch,"Ukraine, Volodymyr Zelensky, Russia",Politics,01/03/2022 00:00,en,https://english.onlinekhabar.com/wp-content/uploads/2022/03/fourth-photo-ukraine-war-637x1024.jpg,"Ukrainian President Volodymyr Zelensky in combat fatigues, gone viral on Twitter with false claims he was on the battlefield following the Russian inv"
OK_ukraine_war_fact_check_4,https://english.onlinekhabar.com/wp-content/uploads/2022/03/fourth-photo-ukraine-war-637x1024.jpg,"This photo shows President Zelensky on a visit to the conflict zone in eastern Ukraine on April 9, 2021.",0,None,"Ukraine, Volodymyr Zelensky, Russia",Politics,01/03/2022 00:00,en,https://english.onlinekhabar.com/wp-content/uploads/2022/03/fourth-photo-ukraine-war-637x1024.jpg,"Ukrainian President Volodymyr Zelensky in combat fatigues, gone viral on Twitter with false claims he was on the battlefield following the Russian inv"
OK_ukraine_war_fact_check_2,https://english.onlinekhabar.com/wp-content/uploads/2022/03/Second-Photo-ukraine-war.jpg,"A child standing inside a room with broken walls and gaping holes, falsely claimed on Facebook to depict the current Ukraine war.",1,Temporal_Mismatch,"Facebook, Ukraine, Kyiv, Interior Ministry",Politics,01/03/2022 00:00,en,https://english.onlinekhabar.com/wp-content/uploads/2022/03/Second-Photo-ukraine-war.jpg,"A child standing inside a room with broken walls and gaping holes, falsely claimed on Facebook to depict the current Ukraine war."
OK_ukraine_war_fact_check_2,https://english.onlinekhabar.com/wp-content/uploads/2022/03/Second-Photo-ukraine-war.jpg,"This photo shows Independence Square in Kyiv during clashes between antigovernment protesters and Interior Ministry members and riot police on February 19, 2014.",0,None,"Facebook, Ukraine, Kyiv, Interior Ministry",Politics,01/03/2022 00:00,en,https://english.onlinekhabar.com/wp-content/uploads/2022/03/Second-Photo-ukraine-war.jpg,"A child standing inside a room with broken walls and gaping holes, falsely claimed on Facebook to depict the current Ukraine war."
OK_ukraine_war_fact_check_1,https://english.onlinekhabar.com/wp-content/uploads/2022/03/First-Photo-ukraine-war.jpg,"A city square in flames and in ruins, falsely claimed to show the Ukraine war on Facebook.",1,Temporal_Mismatch,"Facebook, Ukraine, Palestine, Israel",Politics,01/03/2022 00:00,en,https://english.onlinekhabar.com/wp-content/uploads/2022/03/First-Photo-ukraine-war.jpg,"A city square in flames and in ruins, falsely claimed to show the Ukraine war on Facebook."
OK_ukraine_war_fact_check_1,https://english.onlinekhabar.com/wp-content/uploads/2022/03/First-Photo-ukraine-war.jpg,"The photo was taken after the ceasefire between Palestine and Israel on May 22, 2021.",0,None,"Facebook, Ukraine, Palestine, Israel",Politics,01/03/2022 00:00,en,https://english.onlinekhabar.com/wp-content/uploads/2022/03/First-Photo-ukraine-war.jpg,"A city square in flames and in ruins, falsely claimed to show the Ukraine war on Facebook."
OK_ukraine_war_fact_check_3,https://english.onlinekhabar.com/wp-content/uploads/2022/03/Third-Photo-ukraine-war.jpg,"Dozens of tanks on the move, falsely presented as showing the current Ukraine war.",1,Temporal_Mismatch,"Ukraine, Russia, Belarus",Politics,01/03/2022 00:00,en,https://english.onlinekhabar.com/wp-content/uploads/2022/03/Third-Photo-ukraine-war.jpg,"Dozens of tanks on the move, falsely presented as showing the current Ukraine war."
OK_ukraine_war_fact_check_3,https://english.onlinekhabar.com/wp-content/uploads/2022/03/Third-Photo-ukraine-war.jpg,This photo shows the RussiaBelarus joint military exercise called Union Courage2022.,0,None,"Ukraine, Russia, Belarus",Politics,01/03/2022 00:00,en,https://english.onlinekhabar.com/wp-content/uploads/2022/03/Third-Photo-ukraine-war.jpg,"Dozens of tanks on the move, falsely presented as showing the current Ukraine war."
vishvasnews_gautam_buddha_currency_1_v3,https://www.vishvasnews.com/wp-content/uploads/2023/03/Fake_News_1-6.jpg,Viral image claiming Nepal government included Gautam Buddhas picture on currency notes. The image is edited and the claim is false.,1,Fabricated,"Gautam Buddha, Nepal",Politics,01/03/2023 00:00,en,https://www.vishvasnews.com/wp-content/uploads/2023/03/Fake_News_1-6.jpg,Viral image claiming Nepal government included Gautam Buddhas picture on currency notes. The image is edited and the claim is false.
vishvasnews_gautam_buddha_currency_1_v3,https://www.vishvasnews.com/wp-content/uploads/2023/03/Fake_News_1-6.jpg,The viral photo claiming Gautam Buddhas picture on Nepals currency notes is fake and edited.,0,None,"Gautam Buddha, Nepal",Politics,01/03/2023 00:00,en,https://www.vishvasnews.com/wp-content/uploads/2023/03/Fake_News_1-6.jpg,Viral image claiming Nepal government included Gautam Buddhas picture on currency notes. The image is edited and the claim is false.
OK_youtube_1_instance_1,https://english.onlinekhabar.com/wp-content/uploads/2023/03/misinfoyiutubenepal.png,Thumbnails of several YouTube videos are spreading misinformation in Nepal.,1,Miscaptioned,,Politics,,en,https://english.onlinekhabar.com/wp-content/uploads/2023/03/misinfoyiutubenepal.png,Thumbnails of several YouTube videos are spreading misinformation in Nepal.
OK_youtube_1_instance_1,https://english.onlinekhabar.com/wp-content/uploads/2023/03/misinfoyiutubenepal.png,"This image is a general representation of the problem of misleading YouTube thumbnails spreading misinformation in Nepal, as discussed throughout the article. One example cited is a Trishuli Khabar TV video falsely claiming the President of Nepals carcade killed a person.",0,None,,Politics,,en,https://english.onlinekhabar.com/wp-content/uploads/2023/03/misinfoyiutubenepal.png,Thumbnails of several YouTube videos are spreading misinformation in Nepal.
KP_20220307_1_v2,https://assets-cdn.kathmandupost.com/uploads/source/news/2022/third-party/shutterstock58773429811zon-1646595524.jpg,"Misinformation, disinformation, false news and trial by social media",1,Fabricated,"Paul Shah, Nirmala Pant, Shuvam Dhungana, Nabindra Aryal, Pooja Sharma, Jaya Kishan Basnet, Dipendra Adhikari, Bishnu Kumar KC, Umesh Shrestha, Radhika Khatiwada, Hemanta Malla, Baburam Aryal, YouTube, Facebook, Twitter, TikTok, Nepal Police, Cyber Bureau",Politics,07/03/2022 00:00,ne-en,https://assets-cdn.kathmandupost.com/uploads/source/news/2022/third-party/shutterstock58773429811zon-1646595524.jpg,"Misinformation, disinformation, false news and trial by social media"
KP_20220307_1_v2,https://assets-cdn.kathmandupost.com/uploads/source/news/2022/third-party/shutterstock58773429811zon-1646595524.jpg,"The article from The Kathmandu Post discusses the pervasive nature of unchecked false news and videos online and their detrimental impact on criminal investigations and victims in Nepal, highlighting cases like the Paul Shah rape charge and the Nirmala Pant rape and murder case. It does not provide specific OOC_Media instances with their full misleading captionsclaims, detailed true contexts, and all associated imagevideo URLs.",0,None,"Paul Shah, Nirmala Pant, Shuvam Dhungana, Nabindra Aryal, Pooja Sharma, Jaya Kishan Basnet, Dipendra Adhikari, Bishnu Kumar KC, Umesh Shrestha, Radhika Khatiwada, Hemanta Malla, Baburam Aryal, YouTube, Facebook, Twitter, TikTok, Nepal Police, Cyber Bureau",Politics,07/03/2022 00:00,ne-en,https://assets-cdn.kathmandupost.com/uploads/source/news/2022/third-party/shutterstock58773429811zon-1646595524.jpg,"Misinformation, disinformation, false news and trial by social media"
RN_20200517_1_v2,https://assets.rumsan.net/clients/recordnepal/img-2429.jpg,"Video clip of antiIndia demonstration being circulated on social media is six months old, with the viral claim Students in Butwal stage huge demonstration against India claiming Kalapani and Lipulekh is ours.",1,Fabricated,"Sanjog Shiwakoti, Students, Butwal, India, Kalapani, Lipulekh",Politics,17/05/2020 00:00,en,https://assets.rumsan.net/clients/recordnepal/img-2429.jpg,"Video clip of antiIndia demonstration being circulated on social media is six months old, with the viral claim Students in Butwal stage huge demonstra"
RN_20200517_1_v2,https://assets.rumsan.net/clients/recordnepal/img-2429.jpg,"The video, which went viral on May 16, 2020, was presented as a recent antiIndia demonstration by students in Butwal. However, the video was actually recorded in November 2019 during a demonstration in Butwal against Indias updated political map.",0,None,"Sanjog Shiwakoti, Students, Butwal, India, Kalapani, Lipulekh",Politics,17/05/2020 00:00,en,https://assets.rumsan.net/clients/recordnepal/img-2429.jpg,"Video clip of antiIndia demonstration being circulated on social media is six months old, with the viral claim Students in Butwal stage huge demonstra"
thehimalayantimes_20230908_1,https://www.thehimalayantimes.com/thehimalayantimes/uploads/images/2023/09/08/26330.jpg,Vector illustration,1,Fabricated,"Tilak Prasad Pathak, Ujjwal Prajapati, Centre for Media Research-Nepal, Kiran Chapagain, Election Commission of Nepal, Umesh Shrestha, Nepalfactcheck.org, Nepali Congress, Maoist",Politics,08/09/2023 00:00,ne-en,https://www.thehimalayantimes.com/thehimalayantimes/uploads/images/2023/09/08/26330.jpg,thehimalayantimes 20230908 1
thehimalayantimes_20230908_1,https://www.thehimalayantimes.com/thehimalayantimes/uploads/images/2023/09/08/26330.jpg,The image is used in an article discussing misinformation and disinformation during election campaigning in Nepal.,0,None,"Tilak Prasad Pathak, Ujjwal Prajapati, Centre for Media Research-Nepal, Kiran Chapagain, Election Commission of Nepal, Umesh Shrestha, Nepalfactcheck.org, Nepali Congress, Maoist",Politics,08/09/2023 00:00,ne-en,https://www.thehimalayantimes.com/thehimalayantimes/uploads/images/2023/09/08/26330.jpg,thehimalayantimes 20230908 1
OK_misinformation_oli_lilliput_v3,https://english.onlinekhabar.com/wp-content/uploads/2021/02/PMDahachowk-750x362-1-300x145.jpg,KP Sharma Oli wrongly refers to little people of Africa as Lilliput,1,Miscaptioned,"KP Sharma Oli, Africa, Lilliput",Politics,,en,https://english.onlinekhabar.com/wp-content/uploads/2021/02/PMDahachowk-750x362-1-300x145.jpg,KP Sharma Oli wrongly refers to little people of Africa as Lilliput
OK_misinformation_oli_lilliput_v3,https://english.onlinekhabar.com/wp-content/uploads/2021/02/PMDahachowk-750x362-1-300x145.jpg,The article reports on KP Sharma Olis incorrect reference to people from Africa as Lilliput.,0,None,"KP Sharma Oli, Africa, Lilliput",Politics,,en,https://english.onlinekhabar.com/wp-content/uploads/2021/02/PMDahachowk-750x362-1-300x145.jpg,KP Sharma Oli wrongly refers to little people of Africa as Lilliput
OK_misinformation_election_v3,https://english.onlinekhabar.com/wp-content/uploads/2022/08/local-election-voting-2079-13-1024x683-1-300x200.jpg,Doctored images and outofcontext videos spread misinformation during Nepal elections,1,Fabricated,"Nepal, KP Oli, Indian Special Task Force, Vishvas News, Nepali Congress, CPN Maoist Center, Harsha Man Maharjan, Martin Chautari, United States of America, Philippines, Bongbong Marcos, Ferdinand Marcos, National Democratic Institute, Pushpa Kamal Dahal ‘Prachanda’, Kathmandu, Gorkha, UML, Pradeep Gyawali, Media Action Nepal, Mohan Mainali, South Asia Check",Politics,,en,https://english.onlinekhabar.com/wp-content/uploads/2022/08/local-election-voting-2079-13-1024x683-1-300x200.jpg,Doctored images and outofcontext videos spread misinformation during Nepal elections
OK_misinformation_election_v3,https://english.onlinekhabar.com/wp-content/uploads/2022/08/local-election-voting-2079-13-1024x683-1-300x200.jpg,The Vishvas News screenshot was fabricated. The Nepali Congress circular was fabricated to foster dissatisfaction with the alliance. The Prachanda video was old and out of context. The Pradeep Gyawali video was trimmed and misrepresented. The claims about UML candidates handing out money were false.,0,None,"Nepal, KP Oli, Indian Special Task Force, Vishvas News, Nepali Congress, CPN Maoist Center, Harsha Man Maharjan, Martin Chautari, United States of America, Philippines, Bongbong Marcos, Ferdinand Marcos, National Democratic Institute, Pushpa Kamal Dahal ‘Prachanda’, Kathmandu, Gorkha, UML, Pradeep Gyawali, Media Action Nepal, Mohan Mainali, South Asia Check",Politics,,en,https://english.onlinekhabar.com/wp-content/uploads/2022/08/local-election-voting-2079-13-1024x683-1-300x200.jpg,Doctored images and outofcontext videos spread misinformation during Nepal elections
OK_misinformation_saurabh_map_v3,https://english.onlinekhabar.com/wp-content/uploads/2021/07/saurabh-1-300x165.jpg,Commentator Saurabh falsely claims a 1958 postage stamp had a pointy map of Nepal,1,Fabricated,"Saurabh, Nepal",Politics,,en,https://english.onlinekhabar.com/wp-content/uploads/2021/07/saurabh-1-300x165.jpg,Commentator Saurabh falsely claims a 1958 postage stamp had a pointy map of Nepal
OK_misinformation_saurabh_map_v3,https://english.onlinekhabar.com/wp-content/uploads/2021/07/saurabh-1-300x165.jpg,The article reports on Commentator Saurabhs false claim that a 1958 postage stamp depicted a pointy map of Nepal.,0,None,"Saurabh, Nepal",Politics,,en,https://english.onlinekhabar.com/wp-content/uploads/2021/07/saurabh-1-300x165.jpg,Commentator Saurabh falsely claims a 1958 postage stamp had a pointy map of Nepal
OK_misinformation_jhakri_vaccine_v3,https://english.onlinekhabar.com/wp-content/uploads/2021/08/ram-kumari-jhakri-south-asia-check-300x157.jpg,Ram Kumari Jhakris claim that Oli didnt bring any Covid19 vaccine was false,1,Fabricated,"Ram Kumari Jhakri, Oli, Covid-19",Politics,,en,https://english.onlinekhabar.com/wp-content/uploads/2021/08/ram-kumari-jhakri-south-asia-check-300x157.jpg,Ram Kumari Jhakris claim that Oli didnt bring any Covid19 vaccine was false
OK_misinformation_jhakri_vaccine_v3,https://english.onlinekhabar.com/wp-content/uploads/2021/08/ram-kumari-jhakri-south-asia-check-300x157.jpg,The article debunks Ram Kumari Jhakris false claim that Oli did not bring any Covid19 vaccine.,0,None,"Ram Kumari Jhakri, Oli, Covid-19",Politics,,en,https://english.onlinekhabar.com/wp-content/uploads/2021/08/ram-kumari-jhakri-south-asia-check-300x157.jpg,Ram Kumari Jhakris claim that Oli didnt bring any Covid19 vaccine was false
OK_misinformation_tiktok_v3,https://english.onlinekhabar.com/wp-content/uploads/2021/10/tiktok-300x200.jpg,"TikToks rising popularity pushes more Nepalis into fake news, misinformation, disinformation",1,Fabricated,"Sandesh Poudel, Nepal Check, United States, Europe, Canada, BBC, Deepak Adhikari, Facebook, Twitter, YouTube, International Fact-Checking Network, Umesh Shrestha, Netra Prasad Subedi, Ministry of Communications and Information Technology, Chiranjibi Adhikari, CAN Federation, Ghamaraj Luitel, Tribhuvan University Department of Journalism and Mass Communication",Politics,,en,https://english.onlinekhabar.com/wp-content/uploads/2021/10/tiktok-300x200.jpg,"TikToks rising popularity pushes more Nepalis into fake news, misinformation, disinformation"
OK_misinformation_tiktok_v3,https://english.onlinekhabar.com/wp-content/uploads/2021/10/tiktok-300x200.jpg,"This was a piece of fake news, as confirmed by Nepal Check.",0,None,"Sandesh Poudel, Nepal Check, United States, Europe, Canada, BBC, Deepak Adhikari, Facebook, Twitter, YouTube, International Fact-Checking Network, Umesh Shrestha, Netra Prasad Subedi, Ministry of Communications and Information Technology, Chiranjibi Adhikari, CAN Federation, Ghamaraj Luitel, Tribhuvan University Department of Journalism and Mass Communication",Politics,,en,https://english.onlinekhabar.com/wp-content/uploads/2021/10/tiktok-300x200.jpg,"TikToks rising popularity pushes more Nepalis into fake news, misinformation, disinformation"
OK_misinformation_covid_trauma_v3,https://english.onlinekhabar.com/wp-content/uploads/2018/06/child-adoption-300x200.jpg,Fake news during Covid19 crisis may lead kids to trauma. Heres what psychologists have to say,1,Fabricated,"Covid-19, kids, psychologists",Politics,,en,https://english.onlinekhabar.com/wp-content/uploads/2018/06/child-adoption-300x200.jpg,Fake news during Covid19 crisis may lead kids to trauma. Heres what psychologists have to say
OK_misinformation_covid_trauma_v3,https://english.onlinekhabar.com/wp-content/uploads/2018/06/child-adoption-300x200.jpg,"The article discusses how fake news during the Covid19 crisis may lead to trauma in children, and presents psychologists perspectives.",0,None,"Covid-19, kids, psychologists",Politics,,en,https://english.onlinekhabar.com/wp-content/uploads/2018/06/child-adoption-300x200.jpg,Fake news during Covid19 crisis may lead kids to trauma. Heres what psychologists have to say
GI_nepal_royal_massacre_2,https://media.gettyimages.com/id/1312338/photo/mourners-pass-a-shrine-with-a-portrait-of-nepalese-king-birendra-and-a-photograph-of-the-king.jpg?s=612x612&w=0&k=20&c=9vZWWk-DQpOttkayXCNBnfMz5vLS8THCW2vGsWsG5eQ=,Nepal Mourns Loss Of Royal Family,1,Miscaptioned,"Nepal, Royal Family, King Birendra",Politics,,ne,https://media.gettyimages.com/id/1312338/photo/mourners-pass-a-shrine-with-a-portrait-of-nepalese-king-birendra-and-a-photograph-of-the-king.jpg?s=612x612&w=0&k=20&c=9vZWWk-DQpOttkayXCNBnfMz5vLS8THCW2vGsWsG5eQ=,Nepal Mourns Loss Of Royal Family
GI_nepal_royal_massacre_2,https://media.gettyimages.com/id/1312338/photo/mourners-pass-a-shrine-with-a-portrait-of-nepalese-king-birendra-and-a-photograph-of-the-king.jpg?s=612x612&w=0&k=20&c=9vZWWk-DQpOttkayXCNBnfMz5vLS8THCW2vGsWsG5eQ=,"This image shows mourners passing a shrine with a portrait of King Birendra, related to the Nepalese Royal Massacre. Similar to the previous instance, its use in a misleading context would qualify it as OOC media.",0,None,"Nepal, Royal Family, King Birendra",Politics,,ne,https://media.gettyimages.com/id/1312338/photo/mourners-pass-a-shrine-with-a-portrait-of-nepalese-king-birendra-and-a-photograph-of-the-king.jpg?s=612x612&w=0&k=20&c=9vZWWk-DQpOttkayXCNBnfMz5vLS8THCW2vGsWsG5eQ=,Nepal Mourns Loss Of Royal Family
GI_fake_news_internet_5,https://media.gettyimages.com/id/1300681887/photo/fake-news-abstract-3d-concept.jpg?s=612x612&w=0&k=20&c=eZf4eEKptgdZ0FdSsAe9DZaKcmHiE2pHkr9YhU-wqMQ=,fake news abstract 3d concept,1,Fabricated,,Politics,,ne,https://media.gettyimages.com/id/1300681887/photo/fake-news-abstract-3d-concept.jpg?s=612x612&w=0&k=20&c=eZf4eEKptgdZ0FdSsAe9DZaKcmHiE2pHkr9YhU-wqMQ=,fake news abstract 3d concept
GI_fake_news_internet_5,https://media.gettyimages.com/id/1300681887/photo/fake-news-abstract-3d-concept.jpg?s=612x612&w=0&k=20&c=eZf4eEKptgdZ0FdSsAe9DZaKcmHiE2pHkr9YhU-wqMQ=,"This image is a generic stock photo illustrating an abstract 3D concept of fake news, not a specific outofcontext political media instance.",0,None,,Politics,,ne,https://media.gettyimages.com/id/1300681887/photo/fake-news-abstract-3d-concept.jpg?s=612x612&w=0&k=20&c=eZf4eEKptgdZ0FdSsAe9DZaKcmHiE2pHkr9YhU-wqMQ=,fake news abstract 3d concept
GI_fake_news_internet_2,https://media.gettyimages.com/id/1368872054/vector/online-news-search-and-reading-news-updates-news-websites-information-on-newspapers-public.jpg?s=612x612&w=0&k=20&c=lnqRsfz6XqoOSHNMXCazLduB5RELyp9e-M0UoKQq4jY=,"online news search and reading, news updates, news websites, information on newspapers, public events, events, announcements on smartphone screen",1,Fabricated,smartphone,Politics,,ne,https://media.gettyimages.com/id/1368872054/vector/online-news-search-and-reading-news-updates-news-websites-information-on-newspapers-public.jpg?s=612x612&w=0&k=20&c=lnqRsfz6XqoOSHNMXCazLduB5RELyp9e-M0UoKQq4jY=,"online news search and reading, news updates, news websites, information on newspapers, public events, events, announcements on smartphone screen"
GI_fake_news_internet_2,https://media.gettyimages.com/id/1368872054/vector/online-news-search-and-reading-news-updates-news-websites-information-on-newspapers-public.jpg?s=612x612&w=0&k=20&c=lnqRsfz6XqoOSHNMXCazLduB5RELyp9e-M0UoKQq4jY=,"This image is a generic stock photo illustrating the concept of online news and information consumption, not a specific outofcontext political media instance.",0,None,smartphone,Politics,,ne,https://media.gettyimages.com/id/1368872054/vector/online-news-search-and-reading-news-updates-news-websites-information-on-newspapers-public.jpg?s=612x612&w=0&k=20&c=lnqRsfz6XqoOSHNMXCazLduB5RELyp9e-M0UoKQq4jY=,"online news search and reading, news updates, news websites, information on newspapers, public events, events, announcements on smartphone screen"
GI_nepal_royal_massacre_6,https://media.gettyimages.com/id/1320214/photo/file-photo-crown-prince-dipendra-sits-for-a-portrait-in-2000-in-nepal-the-public-continues-to.jpg?s=612x612&w=0&k=20&c=8pokMmEghZACMT-B0SGgtK_1zmO1Oj9hQHGaPhOtW2Q=,Nepalese Royal Family,1,Miscaptioned,"Nepalese Royal Family, Crown Prince Dipendra, Nepal",Politics,,ne,https://media.gettyimages.com/id/1320214/photo/file-photo-crown-prince-dipendra-sits-for-a-portrait-in-2000-in-nepal-the-public-continues-to.jpg?s=612x612&w=0&k=20&c=8pokMmEghZACMT-B0SGgtK_1zmO1Oj9hQHGaPhOtW2Q=,Nepalese Royal Family
GI_nepal_royal_massacre_6,https://media.gettyimages.com/id/1320214/photo/file-photo-crown-prince-dipendra-sits-for-a-portrait-in-2000-in-nepal-the-public-continues-to.jpg?s=612x612&w=0&k=20&c=8pokMmEghZACMT-B0SGgtK_1zmO1Oj9hQHGaPhOtW2Q=,This image is a file photo of Crown Prince Dipendra in Nepal. Its use in a misleading context would qualify it as OOC media.,0,None,"Nepalese Royal Family, Crown Prince Dipendra, Nepal",Politics,,ne,https://media.gettyimages.com/id/1320214/photo/file-photo-crown-prince-dipendra-sits-for-a-portrait-in-2000-in-nepal-the-public-continues-to.jpg?s=612x612&w=0&k=20&c=8pokMmEghZACMT-B0SGgtK_1zmO1Oj9hQHGaPhOtW2Q=,Nepalese Royal Family
GI_nepal_royal_massacre_11,https://media.gettyimages.com/id/1608097057/photo/crown-prince-dipendra-of-nepal-at-kathmandu-airport-awaiting-the-arrival-of-princess-diana-of.jpg?s=612x612&w=0&k=20&c=Ki1-AXlDzQ1CuTELDGgv2ly6a19dTSp9_bODxrUEz0o=,Crown Prince Dipendra Of Nepal,1,Miscaptioned,"Crown Prince Dipendra, Nepal, Kathmandu Airport, Princess Diana",Politics,,ne,https://media.gettyimages.com/id/1608097057/photo/crown-prince-dipendra-of-nepal-at-kathmandu-airport-awaiting-the-arrival-of-princess-diana-of.jpg?s=612x612&w=0&k=20&c=Ki1-AXlDzQ1CuTELDGgv2ly6a19dTSp9_bODxrUEz0o=,Crown Prince Dipendra Of Nepal
GI_nepal_royal_massacre_11,https://media.gettyimages.com/id/1608097057/photo/crown-prince-dipendra-of-nepal-at-kathmandu-airport-awaiting-the-arrival-of-princess-diana-of.jpg?s=612x612&w=0&k=20&c=Ki1-AXlDzQ1CuTELDGgv2ly6a19dTSp9_bODxrUEz0o=,This image shows Crown Prince Dipendra of Nepal at Kathmandu Airport. Its use in a misleading context would qualify it as OOC media.,0,None,"Crown Prince Dipendra, Nepal, Kathmandu Airport, Princess Diana",Politics,,ne,https://media.gettyimages.com/id/1608097057/photo/crown-prince-dipendra-of-nepal-at-kathmandu-airport-awaiting-the-arrival-of-princess-diana-of.jpg?s=612x612&w=0&k=20&c=Ki1-AXlDzQ1CuTELDGgv2ly6a19dTSp9_bODxrUEz0o=,Crown Prince Dipendra Of Nepal
GI_nepal_royal_massacre_5,https://media.gettyimages.com/id/1310791/photo/in-this-file-photo-dated-april-26-nepalese-crown-prince-dipendra-bir-bikram-shah-dev-visits-the.jpg?s=612x612&w=0&k=20&c=Hf-EHrbsqPqnBtk-ysSAqiE_tA2kAQQzpd0cSpOO0fA=,Nepals Crown Prince Massacres Royal Family,1,Miscaptioned,"Nepal''s Crown Prince, Royal Family, Dipendra Bir Bikram Shah Dev",Politics,,ne,https://media.gettyimages.com/id/1310791/photo/in-this-file-photo-dated-april-26-nepalese-crown-prince-dipendra-bir-bikram-shah-dev-visits-the.jpg?s=612x612&w=0&k=20&c=Hf-EHrbsqPqnBtk-ysSAqiE_tA2kAQQzpd0cSpOO0fA=,Nepals Crown Prince Massacres Royal Family
GI_nepal_royal_massacre_5,https://media.gettyimages.com/id/1310791/photo/in-this-file-photo-dated-april-26-nepalese-crown-prince-dipendra-bir-bikram-shah-dev-visits-the.jpg?s=612x612&w=0&k=20&c=Hf-EHrbsqPqnBtk-ysSAqiE_tA2kAQQzpd0cSpOO0fA=,This image is a file photo of Nepalese Crown Prince Dipendra. Its use in a misleading context would qualify it as OOC media.,0,None,"Nepal''s Crown Prince, Royal Family, Dipendra Bir Bikram Shah Dev",Politics,,ne,https://media.gettyimages.com/id/1310791/photo/in-this-file-photo-dated-april-26-nepalese-crown-prince-dipendra-bir-bikram-shah-dev-visits-the.jpg?s=612x612&w=0&k=20&c=Hf-EHrbsqPqnBtk-ysSAqiE_tA2kAQQzpd0cSpOO0fA=,Nepals Crown Prince Massacres Royal Family
GI_nepal_royal_massacre_10,https://media.gettyimages.com/id/1608098753/photo/crown-prince-dipendra-of-nepal-at-kathmandu-airport-awaiting-the-arrival-of-princess-diana-of.jpg?s=612x612&w=0&k=20&c=EHbO5_H5dhgwTfBamVnuCj1T0476Fx3FdA_VFXkv4a8=,Crown Prince Dipendra of Nepal,1,Miscaptioned,"Crown Prince Dipendra, Nepal, Kathmandu Airport, Princess Diana",Politics,,ne,https://media.gettyimages.com/id/1608098753/photo/crown-prince-dipendra-of-nepal-at-kathmandu-airport-awaiting-the-arrival-of-princess-diana-of.jpg?s=612x612&w=0&k=20&c=EHbO5_H5dhgwTfBamVnuCj1T0476Fx3FdA_VFXkv4a8=,Crown Prince Dipendra of Nepal
GI_nepal_royal_massacre_10,https://media.gettyimages.com/id/1608098753/photo/crown-prince-dipendra-of-nepal-at-kathmandu-airport-awaiting-the-arrival-of-princess-diana-of.jpg?s=612x612&w=0&k=20&c=EHbO5_H5dhgwTfBamVnuCj1T0476Fx3FdA_VFXkv4a8=,This image shows Crown Prince Dipendra of Nepal at Kathmandu Airport. Its use in a misleading context would qualify it as OOC media.,0,None,"Crown Prince Dipendra, Nepal, Kathmandu Airport, Princess Diana",Politics,,ne,https://media.gettyimages.com/id/1608098753/photo/crown-prince-dipendra-of-nepal-at-kathmandu-airport-awaiting-the-arrival-of-princess-diana-of.jpg?s=612x612&w=0&k=20&c=EHbO5_H5dhgwTfBamVnuCj1T0476Fx3FdA_VFXkv4a8=,Crown Prince Dipendra of Nepal
GI_fake_news_internet_4,https://media.gettyimages.com/id/1413885459/vector/misinformation-warning-chat-speech-bubble.jpg?s=612x612&w=0&k=20&c=bVaqm1fExtyfPZcvX2hShHNlmsnDwZOH0kYuvNJ5mlI=,misinformation warning chat speech bubble,1,Fabricated,,Politics,,ne,https://media.gettyimages.com/id/1413885459/vector/misinformation-warning-chat-speech-bubble.jpg?s=612x612&w=0&k=20&c=bVaqm1fExtyfPZcvX2hShHNlmsnDwZOH0kYuvNJ5mlI=,misinformation warning chat speech bubble
GI_fake_news_internet_4,https://media.gettyimages.com/id/1413885459/vector/misinformation-warning-chat-speech-bubble.jpg?s=612x612&w=0&k=20&c=bVaqm1fExtyfPZcvX2hShHNlmsnDwZOH0kYuvNJ5mlI=,"This image is a generic stock photo illustrating a misinformation warning in a chat bubble, not a specific outofcontext political media instance.",0,None,,Politics,,ne,https://media.gettyimages.com/id/1413885459/vector/misinformation-warning-chat-speech-bubble.jpg?s=612x612&w=0&k=20&c=bVaqm1fExtyfPZcvX2hShHNlmsnDwZOH0kYuvNJ5mlI=,misinformation warning chat speech bubble
OK_fakenews_naturopath_arrested_v2,https://english.onlinekhabar.com/wp-content/uploads/2020/09/Subas-Limbu-300x214.jpg,Naturopath who accused docs of removing organs from Covid19 victims arrested,1,Fabricated,"Naturopath, Covid-19, Subas Limbu",Politics,29/07/2020 00:00,en,https://english.onlinekhabar.com/wp-content/uploads/2020/09/Subas-Limbu-300x214.jpg,Naturopath who accused docs of removing organs from Covid19 victims arrested
OK_fakenews_naturopath_arrested_v2,https://english.onlinekhabar.com/wp-content/uploads/2020/09/Subas-Limbu-300x214.jpg,The article reports on the arrest of a naturopath who falsely accused doctors of removing organs from Covid19 victims.,0,None,"Naturopath, Covid-19, Subas Limbu",Politics,29/07/2020 00:00,en,https://english.onlinekhabar.com/wp-content/uploads/2020/09/Subas-Limbu-300x214.jpg,Naturopath who accused docs of removing organs from Covid19 victims arrested
GI_nepal_royal_massacre_9,https://media.gettyimages.com/id/2194841023/photo/photo-dated-20-april-2000-shows-the-late-king-dipendra-of-nepal-at-a-medal-distribution.jpg?s=612x612&w=0&k=20&c=H5qzTFCM7nSXbyGc_B7l_U-uemqMRSM_Za6b_zsXqnc=,NEPALROYALDIPENDRA,1,Miscaptioned,"Nepal, King Dipendra",Politics,,ne,https://media.gettyimages.com/id/2194841023/photo/photo-dated-20-april-2000-shows-the-late-king-dipendra-of-nepal-at-a-medal-distribution.jpg?s=612x612&w=0&k=20&c=H5qzTFCM7nSXbyGc_B7l_U-uemqMRSM_Za6b_zsXqnc=,Photo Dated 20 April Shows The Late King Dipendra Of Nepal At A Medal Distribution
GI_nepal_royal_massacre_9,https://media.gettyimages.com/id/2194841023/photo/photo-dated-20-april-2000-shows-the-late-king-dipendra-of-nepal-at-a-medal-distribution.jpg?s=612x612&w=0&k=20&c=H5qzTFCM7nSXbyGc_B7l_U-uemqMRSM_Za6b_zsXqnc=,This image shows the late King Dipendra of Nepal at a medal distribution. Its use in a misleading context would qualify it as OOC media.,0,None,"Nepal, King Dipendra",Politics,,ne,https://media.gettyimages.com/id/2194841023/photo/photo-dated-20-april-2000-shows-the-late-king-dipendra-of-nepal-at-a-medal-distribution.jpg?s=612x612&w=0&k=20&c=H5qzTFCM7nSXbyGc_B7l_U-uemqMRSM_Za6b_zsXqnc=,Photo Dated 20 April Shows The Late King Dipendra Of Nepal At A Medal Distribution
OK_fakenews_indian_flag_v2,https://english.onlinekhabar.com/wp-content/uploads/2021/02/or-vs-ed-750x269-1-300x108.jpg,Old photo photoshopped to show Indian flag in February 10 demonstration,1,Fabricated,"Indian flag, February 10 demonstration",Politics,29/07/2021 00:00,en,https://english.onlinekhabar.com/wp-content/uploads/2021/02/or-vs-ed-750x269-1-300x108.jpg,Old photo photoshopped to show Indian flag in February 10 demonstration
OK_fakenews_indian_flag_v2,https://english.onlinekhabar.com/wp-content/uploads/2021/02/or-vs-ed-750x269-1-300x108.jpg,The article discusses an old photo that was photoshopped to show an Indian flag in a February 10 demonstration.,0,None,"Indian flag, February 10 demonstration",Politics,29/07/2021 00:00,en,https://english.onlinekhabar.com/wp-content/uploads/2021/02/or-vs-ed-750x269-1-300x108.jpg,Old photo photoshopped to show Indian flag in February 10 demonstration
FL_20220908_7,https://factly.in/wp-content/uploads//2022/09/Child-kidnappers-who-entered-to-Nepal-from-India-Image-4.jpg,Screenshot from a scripted child kidnapping video by Comedy Plus with Neetuarya.,1,Fabricated,Comedy Plus with Neetuarya,Politics,,en,https://factly.in/wp-content/uploads//2022/09/Child-kidnappers-who-entered-to-Nepal-from-India-Image-4.jpg,Screenshot from a scripted child kidnapping video by Comedy Plus with Neetuarya.
FL_20220908_7,https://factly.in/wp-content/uploads//2022/09/Child-kidnappers-who-entered-to-Nepal-from-India-Image-4.jpg,"This screenshot is from a scripted child kidnapping video by Comedy Plus with Neetuarya, falsely presented as a real kidnapping incident.",0,None,Comedy Plus with Neetuarya,Politics,,en,https://factly.in/wp-content/uploads//2022/09/Child-kidnappers-who-entered-to-Nepal-from-India-Image-4.jpg,Screenshot from a scripted child kidnapping video by Comedy Plus with Neetuarya.
FL_20220908_5,https://factly.in/wp-content/uploads//2022/09/Child-kidnappers-who-entered-to-Nepal-from-India-Image-3-1024x301.jpg,Thumbnail image of a scripted comedy video by Comedy Plus with Neetuarya YouTube channel.,1,Fabricated,"Comedy Plus with Neetuarya, YouTube",Politics,,en,https://factly.in/wp-content/uploads//2022/09/Child-kidnappers-who-entered-to-Nepal-from-India-Image-3-1024x301.jpg,Thumbnail image of a scripted comedy video by Comedy Plus with Neetuarya YouTube channel.
FL_20220908_5,https://factly.in/wp-content/uploads//2022/09/Child-kidnappers-who-entered-to-Nepal-from-India-Image-3-1024x301.jpg,"This thumbnail is from a scripted comedy video by Comedy Plus with Neetuarya YouTube channel, falsely presented as a real kidnapping incident.",0,None,"Comedy Plus with Neetuarya, YouTube",Politics,,en,https://factly.in/wp-content/uploads//2022/09/Child-kidnappers-who-entered-to-Nepal-from-India-Image-3-1024x301.jpg,Thumbnail image of a scripted comedy video by Comedy Plus with Neetuarya YouTube channel.
FL_20220908_4,https://factly.in/wp-content/uploads//2022/09/Child-kidnappers-who-entered-to-Nepal-from-India-Image-2.jpg,Screenshot from a scripted drama.,1,Fabricated,,Politics,,en,https://factly.in/wp-content/uploads//2022/09/Child-kidnappers-who-entered-to-Nepal-from-India-Image-2.jpg,Screenshot from a scripted drama.
FL_20220908_4,https://factly.in/wp-content/uploads//2022/09/Child-kidnappers-who-entered-to-Nepal-from-India-Image-2.jpg,"This screenshot is from a scripted drama, falsely presented as a real kidnapping incident.",0,None,,Politics,,en,https://factly.in/wp-content/uploads//2022/09/Child-kidnappers-who-entered-to-Nepal-from-India-Image-2.jpg,Screenshot from a scripted drama.
FL_20240507_3,https://factly.in/wp-content/uploads//2024/05/School-Children-crossing-a-river-in-Kerala-Image-02--1024x708.jpg,Still from the documentary Most Dangerous Ways To School showing children crossing a river in Nepal.,1,Miscaptioned,"Most Dangerous Ways To School, Nepal, @FreeDocumentary, Kerala",Politics,06/05/2024 00:00,en,https://factly.in/wp-content/uploads//2024/05/School-Children-crossing-a-river-in-Kerala-Image-02--1024x708.jpg,Still from the documentary Most Dangerous Ways To School showing children crossing a river in Nepal.
FL_20240507_3,https://factly.in/wp-content/uploads//2024/05/School-Children-crossing-a-river-in-Kerala-Image-02--1024x708.jpg,"This video clip is from a documentary series, Most Dangerous Ways To School, Nepal episode, confirming it as the original source of the viral video and reinforcing that it depicts children in Nepal.",0,None,"Most Dangerous Ways To School, Nepal, @FreeDocumentary, Kerala",Politics,06/05/2024 00:00,en,https://factly.in/wp-content/uploads//2024/05/School-Children-crossing-a-river-in-Kerala-Image-02--1024x708.jpg,Still from the documentary Most Dangerous Ways To School showing children crossing a river in Nepal.
FL_20240507_2,https://factly.in/wp-content/uploads//2024/05/School-Children-crossing-a-river-in-Kerala-Image-01--1024x956.jpg,School children crossing a river in Nepal on a cable crossing to reach school.,1,Miscaptioned,"Nepal, Kerala",Politics,06/05/2024 00:00,en,https://factly.in/wp-content/uploads//2024/05/School-Children-crossing-a-river-in-Kerala-Image-01--1024x956.jpg,School children crossing a river in Nepal on a cable crossing to reach school.
FL_20240507_2,https://factly.in/wp-content/uploads//2024/05/School-Children-crossing-a-river-in-Kerala-Image-01--1024x956.jpg,"This video clip is from a documentary series, Most Dangerous Ways To School. This clip has been taken from the Nepal episode of this series, which shows school children from the mountain village of Kumpur, Nepal, crossing a river on a Cable crossing Tuin to attend their school.",0,None,"Nepal, Kerala",Politics,06/05/2024 00:00,en,https://factly.in/wp-content/uploads//2024/05/School-Children-crossing-a-river-in-Kerala-Image-01--1024x956.jpg,School children crossing a river in Nepal on a cable crossing to reach school.
QT_20230115_plane_crash_old_v2,https://media.assettype.com/thequint%2F2023-01%2F37b49e06-227a-489f-ae48-eb06f201c02d%2FNepal_plane_crash__3_.png?auto=format%2Ccompress&fmt=webp&width=720,"An old photo showing the wreckage of a Dornier aircraft surrounded by Nepalese police officers at a crash site in Kathmandu, Nepal. The crash occurred on 28 September 2012.",1,Temporal_Mismatch,"Dornier, Nepalese police officers, Kathmandu, Nepal",Politics,,en,https://media.assettype.com/thequint%2F2023-01%2F37b49e06-227a-489f-ae48-eb06f201c02d%2FNepal_plane_crash__3_.png?auto=format%2Ccompress&fmt=webp&width=720,"An old photo showing the wreckage of a Dornier aircraft surrounded by Nepalese police officers at a crash site in Kathmandu, Nepal. The crash occurred"
QT_20230115_plane_crash_old_v2,https://media.assettype.com/thequint%2F2023-01%2F37b49e06-227a-489f-ae48-eb06f201c02d%2FNepal_plane_crash__3_.png?auto=format%2Ccompress&fmt=webp&width=720,"This is an old photo showing the wreckage of a Dornier aircraft surrounded by Nepalese police officers at a crash site in Kathmandu, Nepal, from 28 September 2012, falsely shared as recent visuals.",0,None,"Dornier, Nepalese police officers, Kathmandu, Nepal",Politics,,en,https://media.assettype.com/thequint%2F2023-01%2F37b49e06-227a-489f-ae48-eb06f201c02d%2FNepal_plane_crash__3_.png?auto=format%2Ccompress&fmt=webp&width=720,"An old photo showing the wreckage of a Dornier aircraft surrounded by Nepalese police officers at a crash site in Kathmandu, Nepal. The crash occurred"
BBC_nepal_quake_fake_cctv_screenshot,https://ichef.bbci.co.uk/ace/standard/640/cpsprodpb/BB35/production/_120252974_25ab7a1b-c6a6-4383-acd6-6858ff7f95a0.png,Screenshot from a YouTube video falsely claiming to be CCTV footage from a Nepal hotel swimming pool footage.,1,Fabricated,Nepal,Politics,,en,https://ichef.bbci.co.uk/ace/standard/640/cpsprodpb/BB35/production/_120252974_25ab7a1b-c6a6-4383-acd6-6858ff7f95a0.png,Screenshot from a YouTube video falsely claiming to be CCTV footage from a Nepal hotel swimming pool footage.
BBC_nepal_quake_fake_cctv_screenshot,https://ichef.bbci.co.uk/ace/standard/640/cpsprodpb/BB35/production/_120252974_25ab7a1b-c6a6-4383-acd6-6858ff7f95a0.png,This footage of a swimming pool is not from a hotel in Nepal.,0,None,Nepal,Politics,,en,https://ichef.bbci.co.uk/ace/standard/640/cpsprodpb/BB35/production/_120252974_25ab7a1b-c6a6-4383-acd6-6858ff7f95a0.png,Screenshot from a YouTube video falsely claiming to be CCTV footage from a Nepal hotel swimming pool footage.
IT_20240307_1_v4,https://akm-img-a-in.tosshub.com/indiatoday/images/story/202403/ironic-image-of-damaged-street-in-front-of-department-of-roads-is-not-from-india-072059358-16x9_0.jpg?VersionId=tG5gFW971k6VVP5RwgPkdWLQqgkAcZrG&size=295:166,Ironic image of damaged street in front of Department of Roads is NOT from India,1,Fabricated,"Department of Roads, Kathmandu, Nepal, India",Politics,07/03/2024 00:00,en,https://akm-img-a-in.tosshub.com/indiatoday/images/story/202403/ironic-image-of-damaged-street-in-front-of-department-of-roads-is-not-from-india-072059358-16x9_0.jpg?VersionId=tG5gFW971k6VVP5RwgPkdWLQqgkAcZrG&size=295:166,Ironic image of damaged street in front of Department of Roads is NOT from India
IT_20240307_1_v4,https://akm-img-a-in.tosshub.com/indiatoday/images/story/202403/ironic-image-of-damaged-street-in-front-of-department-of-roads-is-not-from-india-072059358-16x9_0.jpg?VersionId=tG5gFW971k6VVP5RwgPkdWLQqgkAcZrG&size=295:166,"The image is from Nepal, not India, showing a damaged road in front of the Department of Roads building in Kathmandus Babarmahal. The road became muddy due to rains, and the renovation contract for the building did not include repairing the road in the premises.",0,None,"Department of Roads, Kathmandu, Nepal, India",Politics,07/03/2024 00:00,en,https://akm-img-a-in.tosshub.com/indiatoday/images/story/202403/ironic-image-of-damaged-street-in-front-of-department-of-roads-is-not-from-india-072059358-16x9_0.jpg?VersionId=tG5gFW971k6VVP5RwgPkdWLQqgkAcZrG&size=295:166,Ironic image of damaged street in front of Department of Roads is NOT from India
NT_fake_policeman_image_v2,http://i.imgur.com/PY7QxJQ.jpg,"A photo of a man in flames posted on a blog report about the violence in Tikapur, accompanying a report about a policeman being burnt alive, without caption or photo credit.",1,Fabricated,,Politics,,ne,http://i.imgur.com/PY7QxJQ.jpg,"A photo of a man in flames posted on a blog report about the violence in Tikapur, accompanying a report about a policeman being burnt alive, without c"
NT_fake_policeman_image_v2,http://i.imgur.com/PY7QxJQ.jpg,"The images actual source was a USbased website posted in 2012, depicting some other incident, not the Tikapur incident in Kailali.",0,None,,Politics,,ne,http://i.imgur.com/PY7QxJQ.jpg,"A photo of a man in flames posted on a blog report about the violence in Tikapur, accompanying a report about a policeman being burnt alive, without c"
BBC_nepal_quake_image_from_vietnam,https://ichef.bbci.co.uk/ace/standard/624/cpsprodpb/13E06/production/_87341418_victims.jpg,"The haunting picture shared during the Nepal earthquake A photograph of two children hugging, falsely presented as taken in Nepal after the earthquake, but actually taken in Vietnam in 2007.",1,Miscaptioned,"Nepal, Vietnam",Politics,,en,https://ichef.bbci.co.uk/ace/standard/624/cpsprodpb/13E06/production/_87341418_victims.jpg,"The haunting picture shared during the Nepal earthquake A photograph of two children hugging, falsely presented as taken in Nepal after the earthquake"
BBC_nepal_quake_image_from_vietnam,https://ichef.bbci.co.uk/ace/standard/624/cpsprodpb/13E06/production/_87341418_victims.jpg,"The photograph of two children hugging was falsely presented as taken in Nepal after the earthquake, but was actually taken in Vietnam in 2007.",0,None,"Nepal, Vietnam",Politics,,en,https://ichef.bbci.co.uk/ace/standard/624/cpsprodpb/13E06/production/_87341418_victims.jpg,"The haunting picture shared during the Nepal earthquake A photograph of two children hugging, falsely presented as taken in Nepal after the earthquake"
BBC_nepal_quake_pool_video_from_mexico,https://ichef.bbci.co.uk/ace/standard/640/cpsprodpb/BB35/production/_120252974_25ab7a1b-c6a6-4383-acd6-6858ff7f95a0.png,"The video of a swimming pool during the Nepal earthquake A video of a swimming pool shaking, mislabeled as security camera footage from a Kathmandu hotel during the Nepal earthquake, but actually an older video from an earthquake in Mexico, April 2010.",1,Miscaptioned,"Kathmandu, Nepal, Mexico",Politics,,en,https://ichef.bbci.co.uk/ace/standard/640/cpsprodpb/BB35/production/_120252974_25ab7a1b-c6a6-4383-acd6-6858ff7f95a0.png,"The video of a swimming pool during the Nepal earthquake A video of a swimming pool shaking, mislabeled as security camera footage from a Kathmandu ho"
BBC_nepal_quake_pool_video_from_mexico,https://ichef.bbci.co.uk/ace/standard/640/cpsprodpb/BB35/production/_120252974_25ab7a1b-c6a6-4383-acd6-6858ff7f95a0.png,"The video of a swimming pool shaking was mislabeled as security camera footage from a Kathmandu hotel during the Nepal earthquake, but was actually an older video from an earthquake in Mexico, April 2010.",0,None,"Kathmandu, Nepal, Mexico",Politics,,en,https://ichef.bbci.co.uk/ace/standard/640/cpsprodpb/BB35/production/_120252974_25ab7a1b-c6a6-4383-acd6-6858ff7f95a0.png,"The video of a swimming pool during the Nepal earthquake A video of a swimming pool shaking, mislabeled as security camera footage from a Kathmandu ho"
BBC_nepalquake_image_1_manual1,https://ichef.bbci.co.uk/ace/standard/624/cpsprodpb/13E06/production/_87341418_victims.jpg,"A photograph of two children hugging, falsely presented as taken in Nepal after the earthquake, but actually taken in Vietnam in 2007.",1,Miscaptioned,"Nepal, Vietnam",Politics,,en,https://ichef.bbci.co.uk/ace/standard/624/cpsprodpb/13E06/production/_87341418_victims.jpg,"A photograph of two children hugging, falsely presented as taken in Nepal after the earthquake, but actually taken in Vietnam in 2007."
BBC_nepalquake_image_1_manual1,https://ichef.bbci.co.uk/ace/standard/624/cpsprodpb/13E06/production/_87341418_victims.jpg,"The photograph was actually taken in a remote village in Vietnam in 2007, not during the Nepal earthquake.",0,None,"Nepal, Vietnam",Politics,,en,https://ichef.bbci.co.uk/ace/standard/624/cpsprodpb/13E06/production/_87341418_victims.jpg,"A photograph of two children hugging, falsely presented as taken in Nepal after the earthquake, but actually taken in Vietnam in 2007."
BBC_nepal_quake_fake_pool_video,https://ichef.bbci.co.uk/ace/standard/640/cpsprodpb/BB35/production/_120252974_25ab7a1b-c6a6-4383-acd6-6858ff7f95a0.png,CCTV footage from a Kathmandu hotel showing an earthquake causing violent waves in a swimming pool.,1,Miscaptioned,"Kathmandu, Nepal, Mexico",Politics,,en,https://ichef.bbci.co.uk/ace/standard/640/cpsprodpb/BB35/production/_120252974_25ab7a1b-c6a6-4383-acd6-6858ff7f95a0.png,CCTV footage from a Kathmandu hotel showing an earthquake causing violent waves in a swimming pool.
BBC_nepal_quake_fake_pool_video,https://ichef.bbci.co.uk/ace/standard/640/cpsprodpb/BB35/production/_120252974_25ab7a1b-c6a6-4383-acd6-6858ff7f95a0.png,This video is erroneously described as from Nepal it was actually taken during an earthquake in Mexico in April 2010.,0,None,"Kathmandu, Nepal, Mexico",Politics,,en,https://ichef.bbci.co.uk/ace/standard/640/cpsprodpb/BB35/production/_120252974_25ab7a1b-c6a6-4383-acd6-6858ff7f95a0.png,CCTV footage from a Kathmandu hotel showing an earthquake causing violent waves in a swimming pool.
vishvasnews_buddha_currency_fake_manual2,https://www.vishvasnews.com/wp-content/uploads/2023/03/Fake_News_1-6.jpg,"A viral, edited image claiming to show Gautam Buddhas picture on a Nepali currency note, which is debunked as fake by Vishvas News.",1,Fabricated,"Gautam Buddha, Nepal",Politics,01/03/2023 00:00,en,https://www.vishvasnews.com/wp-content/uploads/2023/03/Fake_News_1-6.jpg,"A viral, edited image claiming to show Gautam Buddhas picture on a Nepali currency note, which is debunked as fake by Vishvas News."
vishvasnews_buddha_currency_fake_manual2,https://www.vishvasnews.com/wp-content/uploads/2023/03/Fake_News_1-6.jpg,Nepal has not included the picture of Gautam Buddha on its currency and the image going viral on social media is edited.,0,None,"Gautam Buddha, Nepal",Politics,01/03/2023 00:00,en,https://www.vishvasnews.com/wp-content/uploads/2023/03/Fake_News_1-6.jpg,"A viral, edited image claiming to show Gautam Buddhas picture on a Nepali currency note, which is debunked as fake by Vishvas News."
BBC_nepalquake_video_1_manual1,https://ichef.bbci.co.uk/ace/standard/640/cpsprodpb/BB35/production/_120252974_25ab7a1b-c6a6-4383-acd6-6858ff7f95a0.png,"A video of a swimming pool shaking, mislabeled as security camera footage from a Kathmandu hotel during the Nepal earthquake, but actually an older video from an earthquake in Mexico, April 2010.",1,Miscaptioned,"Kathmandu, Nepal, Mexico",Politics,,en,https://ichef.bbci.co.uk/ace/standard/640/cpsprodpb/BB35/production/_120252974_25ab7a1b-c6a6-4383-acd6-6858ff7f95a0.png,"A video of a swimming pool shaking, mislabeled as security camera footage from a Kathmandu hotel during the Nepal earthquake, but actually an older vi"
BBC_nepalquake_video_1_manual1,https://ichef.bbci.co.uk/ace/standard/640/cpsprodpb/BB35/production/_120252974_25ab7a1b-c6a6-4383-acd6-6858ff7f95a0.png,"A video of a swimming pool during the Nepal earthquake, mislabeled as security camera footage from a Kathmandu hotel, but actually an older video from an earthquake in Mexico, April 2010.",0,None,"Kathmandu, Nepal, Mexico",Politics,,en,https://ichef.bbci.co.uk/ace/standard/640/cpsprodpb/BB35/production/_120252974_25ab7a1b-c6a6-4383-acd6-6858ff7f95a0.png,"A video of a swimming pool shaking, mislabeled as security camera footage from a Kathmandu hotel during the Nepal earthquake, but actually an older vi"
NCX_20220507_1_manual1,https://newschecker.dietpixels.net/2022/05/3.jpg,"Image showing Rahul Gandhi and Jyotiraditya Scindia, claimed to be from a wedding in Nepal where Scindia was present.",1,Miscaptioned,"Rahul Gandhi, Jyotiraditya Scindia, Nepal",Politics,,en,https://newschecker.dietpixels.net/2022/05/3.jpg,"Image showing Rahul Gandhi and Jyotiraditya Scindia, claimed to be from a wedding in Nepal where Scindia was present."
NCX_20220507_1_manual1,https://newschecker.dietpixels.net/2022/05/3.jpg,The image is an old photo from Bhutan and is unrelated to Rahul Gandhis Nepal visit or any wedding he reportedly attended there.,0,None,"Rahul Gandhi, Jyotiraditya Scindia, Nepal",Politics,,en,https://newschecker.dietpixels.net/2022/05/3.jpg,"Image showing Rahul Gandhi and Jyotiraditya Scindia, claimed to be from a wedding in Nepal where Scindia was present."
IT_20240307_2_manual2,https://akm-img-a-in.tosshub.com/indiatoday/styles/medium_crop_simple/public/2024-03/image_2_12.jpg?VersionId=DKcWYD1tP_EgC6Er9onRNxPqMzIrgZWP&size=750:*,"Image showing an unpaved waterlogged road, allegedly in front of an Indian Department of Roads building, which was widely shared online.",1,Geographic_Mismatch,"Department of Roads, India, Nepal, Kathmandu, Babar Mahal",Politics,,en,https://akm-img-a-in.tosshub.com/indiatoday/styles/medium_crop_simple/public/2024-03/image_2_12.jpg?VersionId=DKcWYD1tP_EgC6Er9onRNxPqMzIrgZWP&size=750:*,"Image showing an unpaved waterlogged road, allegedly in front of an Indian Department of Roads building, which was widely shared online."
IT_20240307_2_manual2,https://akm-img-a-in.tosshub.com/indiatoday/styles/medium_crop_simple/public/2024-03/image_2_12.jpg?VersionId=DKcWYD1tP_EgC6Er9onRNxPqMzIrgZWP&size=750:*,"The image shows a damaged street in front of the Department of Roads in Kathmandus Babarmahal, Nepal, not India. The road became muddy due to rains and the renovation contract for the building did not include repairing the road in the premises.",0,None,"Department of Roads, India, Nepal, Kathmandu, Babar Mahal",Politics,,en,https://akm-img-a-in.tosshub.com/indiatoday/styles/medium_crop_simple/public/2024-03/image_2_12.jpg?VersionId=DKcWYD1tP_EgC6Er9onRNxPqMzIrgZWP&size=750:*,"Image showing an unpaved waterlogged road, allegedly in front of an Indian Department of Roads building, which was widely shared online."
NM_fake_snow_leopard_2,https://www.nepalminute.com/uploads/posts/kittiya-pawlowski-fake-profile1669546212.png,"A profile photo sent to Alpine Mag by Pawlowski, which also seems to be photoshopped.",1,Fabricated,"Kittiya Pawlowski, Alpine Mag",Politics,,en,https://www.nepalminute.com/uploads/posts/kittiya-pawlowski-fake-profile1669546212.png,"A profile photo sent to Alpine Mag by Pawlowski, which also seems to be photoshopped."
NM_fake_snow_leopard_2,https://www.nepalminute.com/uploads/posts/kittiya-pawlowski-fake-profile1669546212.png,"This profile photo, sent to Alpine Mag by the purported photographer, was also found to be photoshopped.",0,None,"Kittiya Pawlowski, Alpine Mag",Politics,,en,https://www.nepalminute.com/uploads/posts/kittiya-pawlowski-fake-profile1669546212.png,"A profile photo sent to Alpine Mag by Pawlowski, which also seems to be photoshopped."
NM_fake_snow_leopard_1,https://www.nepalminute.com/uploads/posts/fake-snowleopard-kittiya-pawlowski-1024x6831669546197.png,"Main image for the article, a photo montage of a snow leopard.",1,Fabricated,"snow leopard, Kittiya Pawlowski, US Embassy in Nepal",Politics,27/11/2022 00:00,en,https://www.nepalminute.com/uploads/posts/fake-snowleopard-kittiya-pawlowski-1024x6831669546197.png,"Main image for the article, a photo montage of a snow leopard."
NM_fake_snow_leopard_1,https://www.nepalminute.com/uploads/posts/fake-snowleopard-kittiya-pawlowski-1024x6831669546197.png,"This is a fake photo montage of a snow leopard, falsely attributed to a professional photographer and circulated on social media, prompting a response from the US Embassy in Nepal.",0,None,"snow leopard, Kittiya Pawlowski, US Embassy in Nepal",Politics,27/11/2022 00:00,en,https://www.nepalminute.com/uploads/posts/fake-snowleopard-kittiya-pawlowski-1024x6831669546197.png,"Main image for the article, a photo montage of a snow leopard."
vishvasnews_buddha_currency_fake_manual1,https://www.vishvasnews.com/wp-content/uploads/2023/03/Fake_News_1-6.jpg,"An edited image claiming to show Gautam Buddhas picture on Nepalese currency notes, which is identified as fake by Vishvas News.",1,Fabricated,"Gautam Buddha, Nepal, Vishvas News",Politics,,en,https://www.vishvasnews.com/wp-content/uploads/2023/03/Fake_News_1-6.jpg,"An edited image claiming to show Gautam Buddhas picture on Nepalese currency notes, which is identified as fake by Vishvas News."
vishvasnews_buddha_currency_fake_manual1,https://www.vishvasnews.com/wp-content/uploads/2023/03/Fake_News_1-6.jpg,Nepal has not included the picture of Gautam Buddha on its currency and the image going viral on social media is edited.,0,None,"Gautam Buddha, Nepal, Vishvas News",Politics,,en,https://www.vishvasnews.com/wp-content/uploads/2023/03/Fake_News_1-6.jpg,"An edited image claiming to show Gautam Buddhas picture on Nepalese currency notes, which is identified as fake by Vishvas News."
vishvasnews_buddha_currency_fake,https://www.vishvasnews.com/wp-content/uploads/2023/03/Fake_News_1-6.jpg,A viral image claiming that Nepal has included Gautam Buddhas picture on its currency notes.,1,Fabricated,"Gautam Buddha, Nepal",Politics,01/03/2023 00:00,en,https://www.vishvasnews.com/wp-content/uploads/2023/03/Fake_News_1-6.jpg,A viral image claiming that Nepal has included Gautam Buddhas picture on its currency notes.
vishvasnews_buddha_currency_fake,https://www.vishvasnews.com/wp-content/uploads/2023/03/Fake_News_1-6.jpg,Nepal has not included the picture of Gautam Buddha on its currency and the image going viral on social media is edited.,0,None,"Gautam Buddha, Nepal",Politics,01/03/2023 00:00,en,https://www.vishvasnews.com/wp-content/uploads/2023/03/Fake_News_1-6.jpg,A viral image claiming that Nepal has included Gautam Buddhas picture on its currency notes.
NT_fake_policeman_image_1_v3,http://i.imgur.com/PY7QxJQ.jpg,"Fake image widely circulated on social media, depicting a man in flames, falsely reported to be a policeman burnt alive in Tikapur, Kailali.",1,Fabricated,"Tikapur, Kailali",Politics,04/09/2015 00:00,ne,http://i.imgur.com/PY7QxJQ.jpg,"Fake image widely circulated on social media, depicting a man in flames, falsely reported to be a policeman burnt alive in Tikapur, Kailali."
NT_fake_policeman_image_1_v3,http://i.imgur.com/PY7QxJQ.jpg,"The images actual source was a USbased website from 2012, not related to the Tikapur incident.",0,None,"Tikapur, Kailali",Politics,04/09/2015 00:00,ne,http://i.imgur.com/PY7QxJQ.jpg,"Fake image widely circulated on social media, depicting a man in flames, falsely reported to be a policeman burnt alive in Tikapur, Kailali."
VishvasNews_BuddhaCurrency_1_v3,https://www.vishvasnews.com/wp-content/uploads/2023/03/Fake_News_1-6.jpg,Nepal government includes Gautam Buddhas picture on currency notes,1,Fabricated,"Gautam Buddha, Nepal",Politics,01/03/2023 00:00,en,https://www.vishvasnews.com/wp-content/uploads/2023/03/Fake_News_1-6.jpg,Nepal government includes Gautam Buddhas picture on currency notes
VishvasNews_BuddhaCurrency_1_v3,https://www.vishvasnews.com/wp-content/uploads/2023/03/Fake_News_1-6.jpg,Nepal has not included the picture of Gautam Buddha on its currency and the image going viral on social media is edited.,0,None,"Gautam Buddha, Nepal",Politics,01/03/2023 00:00,en,https://www.vishvasnews.com/wp-content/uploads/2023/03/Fake_News_1-6.jpg,Nepal government includes Gautam Buddhas picture on currency notes
NT_fake_policeman_image_1_v2,http://i.imgur.com/PY7QxJQ.jpg,"An image of a man in flames that was widely circulated on social media, accompanying a blog report about the violence in Tikapur and implying a policeman was burnt alive. This misleading image was presented to associate the man with the Kailali killings in Nepal, despite originating elsewhere.",1,Fabricated,"Tikapur, Kailali, South Asia Check, Setopati, ekantipur, US",Politics,,ne,http://i.imgur.com/PY7QxJQ.jpg,"An image of a man in flames that was widely circulated on social media, accompanying a blog report about the violence in Tikapur and implying a police"
NT_fake_policeman_image_1_v2,http://i.imgur.com/PY7QxJQ.jpg,"This image is not from the Tikapur incident in Nepal. It was originally posted on a USbased website in 2012 and depicts a different, unrelated incident, thus being used out of context to sensationalize and misrepresent the events of the Kailali killings. Multiple factchecking organizations have debunked this specific images connection to the Nepal incident.",0,None,"Tikapur, Kailali, South Asia Check, Setopati, ekantipur, US",Politics,,ne,http://i.imgur.com/PY7QxJQ.jpg,"An image of a man in flames that was widely circulated on social media, accompanying a blog report about the violence in Tikapur and implying a police"
vishvasnews_20200526_1,https://www.vishvasnews.com/wp-content/uploads/2020/05/Fake_News03-26may2020.jpg,"A photo viral on social media claims to be a recent one from India. The photo shows a woman riding a bicycle with an infant wrapped on her back and a sack tugged on to the cycles rear seat. This image circulated widely, falsely implying it was a current visual from India during the COVID lockdown.",1,Fabricated,"Md Mushfique Secular, Narendra Sreshtha, Ashish Maharishi, Urvashi Kapoor, Nepal, India, Nepalgunj, Kathmandu",Politics,26/05/2020 00:00,en,https://www.vishvasnews.com/wp-content/uploads/2020/05/Fake_News03-26may2020.jpg,A photo viral on social media claims to be a recent one from India. The photo shows a woman riding a bicycle with an infant wrapped on her back and a
vishvasnews_20200526_1,https://www.vishvasnews.com/wp-content/uploads/2020/05/Fake_News03-26may2020.jpg,"The photo was originally captured by photographer Narendra Sreshtha on June 29, 2012, in Nepal. Its original caption clearly states it depicts a Nepalese mother carrying a child on her back as she travels on a bicycle towards Nepalgunj city, Nepal. Therefore, this image is unequivocally from Nepal, not India, and is an old photograph from 2012, completely unrelated to any recent COVID lockdown events in India. Its viral circulation as a recent Indian scene is a clear instance of outofcontext misinformation.",0,None,"Md Mushfique Secular, Narendra Sreshtha, Ashish Maharishi, Urvashi Kapoor, Nepal, India, Nepalgunj, Kathmandu",Politics,26/05/2020 00:00,en,https://www.vishvasnews.com/wp-content/uploads/2020/05/Fake_News03-26may2020.jpg,A photo viral on social media claims to be a recent one from India. The photo shows a woman riding a bicycle with an infant wrapped on her back and a
BBC_NepalQuake_Image_1,https://ichef.bbci.co.uk/ace/standard/624/cpsprodpb/13E06/production/_87341418_victims.jpg,"A picture of two children hugging, falsely captioned as showing a twoyearold sister protected by fouryearold brother in Nepal",1,Miscaptioned,"Nepal, Vietnam, Na Son Nguyen",Politics,18/12/2015 00:00,en,https://ichef.bbci.co.uk/ace/standard/624/cpsprodpb/13E06/production/_87341418_victims.jpg,"A picture of two children hugging, falsely captioned as showing a twoyearold sister protected by fouryearold brother in Nepal"
BBC_NepalQuake_Image_1,https://ichef.bbci.co.uk/ace/standard/624/cpsprodpb/13E06/production/_87341418_victims.jpg,"The photograph was actually taken in a remote village in Vietnam in 2007, not during the Nepal earthquake.",0,None,"Nepal, Vietnam, Na Son Nguyen",Politics,18/12/2015 00:00,en,https://ichef.bbci.co.uk/ace/standard/624/cpsprodpb/13E06/production/_87341418_victims.jpg,"A picture of two children hugging, falsely captioned as showing a twoyearold sister protected by fouryearold brother in Nepal"
BBC_NepalQuake_Video_1,https://ichef.bbci.co.uk/ace/standard/640/cpsprodpb/0674/production/_87125610_nepal.jpg,Screengrab of video claiming to be of pool during Nepal Earthquake it is from Mexico,1,Miscaptioned,"Nepal, Mexico",Politics,18/12/2015 00:00,en,https://ichef.bbci.co.uk/ace/standard/640/cpsprodpb/0674/production/_87125610_nepal.jpg,Screengrab of video claiming to be of pool during Nepal Earthquake it is from Mexico
BBC_NepalQuake_Video_1,https://ichef.bbci.co.uk/ace/standard/640/cpsprodpb/0674/production/_87125610_nepal.jpg,"The video is an old video from an earthquake in Mexico, possibly from 2010, and not related to the Nepal earthquake.",0,None,"Nepal, Mexico",Politics,18/12/2015 00:00,en,https://ichef.bbci.co.uk/ace/standard/640/cpsprodpb/0674/production/_87125610_nepal.jpg,Screengrab of video claiming to be of pool during Nepal Earthquake it is from Mexico
NCX_20220504_1_updated,https://newschecker.dietpixels.net/2022/05/Rahul-Gandhi-Cover-.jpeg?quality=71&format=webp&w=1920,Rahul Gandhi with Hou Yanqi Chinese ambassador to Nepal,1,Miscaptioned,"Rahul Gandhi, Hou Yanqi, Chinese, Nepal, Sumnima Udas, Kathmandu, CNN",Politics,,en,https://newschecker.dietpixels.net/2022/05/Rahul-Gandhi-Cover-.jpeg?quality=71&format=webp&w=1920,Rahul Gandhi with Hou Yanqi Chinese ambassador to Nepal
NCX_20220504_1_updated,https://newschecker.dietpixels.net/2022/05/Rahul-Gandhi-Cover-.jpeg?quality=71&format=webp&w=1920,"Rahul Gandhi was attending the wedding of his friend, Sumnima Udas, in Kathmandu, Nepal. The woman in the viral videoimage is a friend of the bride from Hong Kong, a former CNN journalist, and currently a scriptwriter, not Chinese Ambassador Hou Yanqi.",0,None,"Rahul Gandhi, Hou Yanqi, Chinese, Nepal, Sumnima Udas, Kathmandu, CNN",Politics,,en,https://newschecker.dietpixels.net/2022/05/Rahul-Gandhi-Cover-.jpeg?quality=71&format=webp&w=1920,Rahul Gandhi with Hou Yanqi Chinese ambassador to Nepal
NCX_20220507_1_debunked,https://newschecker.dietpixels.net/2022/05/3.jpg,Image claiming to show Jyotiraditya Scindia in Nepal with Rahul Gandhi to attend a wedding.,1,Fabricated,"Jyotiraditya Scindia, Nepal, Rahul Gandhi",Politics,,en,https://newschecker.dietpixels.net/2022/05/3.jpg,Image claiming to show Jyotiraditya Scindia in Nepal with Rahul Gandhi to attend a wedding.
NCX_20220507_1_debunked,https://newschecker.dietpixels.net/2022/05/3.jpg,The image is an old photo from Bhutan.,0,None,"Jyotiraditya Scindia, Nepal, Rahul Gandhi",Politics,,en,https://newschecker.dietpixels.net/2022/05/3.jpg,Image claiming to show Jyotiraditya Scindia in Nepal with Rahul Gandhi to attend a wedding.
FL_20200814_1,https://factly.in/wp-content/uploads//2020/08/Uttarakhand-School-Kids-FB-post.jpg,"Image of children hanging onto a cable to cross a river, identified as being from Nepal specifically the Trishuli river area or Benighat district, not Uttarakhand, India. The image depicts school children crossing a river via a cable ropeway.",1,Geographic_Mismatch,"Nepal, Uttarakhand, India, Trishuli river, Benighat district",Politics,,en,https://factly.in/wp-content/uploads//2020/08/Uttarakhand-School-Kids-FB-post.jpg,"Image of children hanging onto a cable to cross a river, identified as being from Nepal specifically the Trishuli river area or Benighat district, not"
FL_20200814_1,https://factly.in/wp-content/uploads//2020/08/Uttarakhand-School-Kids-FB-post.jpg,"The image is from Nepal, showing children crossing the Trishuli river using a cable ropeway. It has nothing to do with Uttarakhand.",0,None,"Nepal, Uttarakhand, India, Trishuli river, Benighat district",Politics,,en,https://factly.in/wp-content/uploads//2020/08/Uttarakhand-School-Kids-FB-post.jpg,"Image of children hanging onto a cable to cross a river, identified as being from Nepal specifically the Trishuli river area or Benighat district, not"
vishvasnews_gautam_buddha_currency_1_updated,https://www.vishvasnews.com/wp-content/uploads/2023/03/Fake_News_1-6.jpg,A viral claim that Nepal included Gautam Buddhas picture on its currency.,1,Fabricated,"Gautam Buddha, Nepal",Politics,,en,https://www.vishvasnews.com/wp-content/uploads/2023/03/Fake_News_1-6.jpg,A viral claim that Nepal included Gautam Buddhas picture on its currency.
vishvasnews_gautam_buddha_currency_1_updated,https://www.vishvasnews.com/wp-content/uploads/2023/03/Fake_News_1-6.jpg,The viral photo was found to be edited.,0,None,"Gautam Buddha, Nepal",Politics,,en,https://www.vishvasnews.com/wp-content/uploads/2023/03/Fake_News_1-6.jpg,A viral claim that Nepal included Gautam Buddhas picture on its currency.
OK_tiktok_2,https://english.onlinekhabar.com/wp-content/uploads/2021/10/misleading-tiktok-videos-1024x536.jpg,Some unscrupulous individuals have been misusing TikTok with the intention to mislead internet users.,1,Fabricated,TikTok,Politics,,en,https://english.onlinekhabar.com/wp-content/uploads/2021/10/misleading-tiktok-videos-1024x536.jpg,Some unscrupulous individuals have been misusing TikTok with the intention to mislead internet users.
OK_tiktok_2,https://english.onlinekhabar.com/wp-content/uploads/2021/10/misleading-tiktok-videos-1024x536.jpg,This image illustrates how unscrupulous individuals misuse TikTok to mislead internet users with fake news.,0,None,TikTok,Politics,,en,https://english.onlinekhabar.com/wp-content/uploads/2021/10/misleading-tiktok-videos-1024x536.jpg,Some unscrupulous individuals have been misusing TikTok with the intention to mislead internet users.
IT_20240307_2,https://akm-img-a-in.tosshub.com/indiatoday/styles/medium_crop_simple/public/2024-03/image_2_12.jpg?VersionId=DKcWYD1tP_EgC6Er9onRNxPqMzIrgZWP&size=750:*,"Allegedly in front of an Indian Department of Roads building, but is from Nepal.",1,Geographic_Mismatch,"Department of Roads, India, Nepal, Kathmandu, Babar Mahal",Politics,03/03/2024 00:00,en,https://akm-img-a-in.tosshub.com/indiatoday/styles/medium_crop_simple/public/2024-03/image_2_12.jpg?VersionId=DKcWYD1tP_EgC6Er9onRNxPqMzIrgZWP&size=750:*,"Allegedly in front of an Indian Department of Roads building, but is from Nepal."
IT_20240307_2,https://akm-img-a-in.tosshub.com/indiatoday/styles/medium_crop_simple/public/2024-03/image_2_12.jpg?VersionId=DKcWYD1tP_EgC6Er9onRNxPqMzIrgZWP&size=750:*,"The image shows a damaged street in front of the Department of Roads in Kathmandus Babarmahal, Nepal, not India.",0,None,"Department of Roads, India, Nepal, Kathmandu, Babar Mahal",Politics,03/03/2024 00:00,en,https://akm-img-a-in.tosshub.com/indiatoday/styles/medium_crop_simple/public/2024-03/image_2_12.jpg?VersionId=DKcWYD1tP_EgC6Er9onRNxPqMzIrgZWP&size=750:*,"Allegedly in front of an Indian Department of Roads building, but is from Nepal."
RN_20200517_1,https://assets.rumsan.net/clients/recordnepal/img-2429.jpg,Video clip of antiIndia demonstration being circulated on social media is six months old,1,Fabricated,"Butwal, India, Kalapani, Lipulekh",Politics,23/04/2021 00:00,en,https://assets.rumsan.net/clients/recordnepal/img-2429.jpg,Video clip of antiIndia demonstration being circulated on social media is six months old
RN_20200517_1,https://assets.rumsan.net/clients/recordnepal/img-2429.jpg,The article discusses the concept of shallow fakes old videos resurfacing without their original context or with false context but does not provide a specific image or video instance for extraction.,0,None,"Butwal, India, Kalapani, Lipulekh",Politics,23/04/2021 00:00,en,https://assets.rumsan.net/clients/recordnepal/img-2429.jpg,Video clip of antiIndia demonstration being circulated on social media is six months old