{"model": "CNN_LSTM", "seed": 123, "fraction": 1.0, "test_f1": 0.6576794097920858, "test_acc": 0.6704545454545454}