{"seed": 456, "fraction": 0.5, "test_f1": 0.6305025057564675, "test_acc": 0.6477272727272727}