{"seed": 2024, "fraction": 0.25, "test_f1": 0.5569687334393216, "test_acc": 0.5681818181818182}