{"model": "CNN_LSTM", "seed": 2024, "fraction": 0.25, "test_f1": 0.5256064690026954, "test_acc": 0.5454545454545454}