{"seed": 123, "fraction": 0.75, "test_f1": 0.6294736842105264, "test_acc": 0.6363636363636364}