{"seed": 789, "fraction": 0.75, "test_f1": 0.5243243243243243, "test_acc": 0.5568181818181818}