{"seed": 42, "fraction": 0.25, "test_f1": 0.546930693069307, "test_acc": 0.5568181818181818}