{"model": "CNN_LSTM", "seed": 2024, "fraction": 0.75, "test_f1": 0.5782555114336574, "test_acc": 0.6022727272727273}