{"seed": 42, "fraction": 0.75, "test_f1": 0.6204851752021563, "test_acc": 0.6363636363636364}