{"model": "CNN_LSTM", "seed": 123, "fraction": 0.75, "test_f1": 0.6269210386857446, "test_acc": 0.6363636363636364}