{"model": "CNN_LSTM", "seed": 123, "fraction": 0.25, "test_f1": 0.5766836445953594, "test_acc": 0.6136363636363636}