{"seed": 456, "fraction": 0.75, "test_f1": 0.6004273504273505, "test_acc": 0.6136363636363636}