{"model": "CNN_LSTM", "seed": 2024, "fraction": 0.5, "test_f1": 0.5224806201550387, "test_acc": 0.5227272727272727}