{"model": "CNN_LSTM", "seed": 456, "fraction": 0.25, "test_f1": 0.5168627450980392, "test_acc": 0.6022727272727273}