{"model": "CNN_LSTM", "seed": 42, "fraction": 0.25, "test_f1": 0.5589868617093322, "test_acc": 0.5795454545454546}