{"seed": 123, "fraction": 0.25, "test_f1": 0.6022213612294977, "test_acc": 0.6022727272727273}