{"model": "CNN_LSTM", "seed": 42, "fraction": 0.75, "test_f1": 0.5730458221024258, "test_acc": 0.5909090909090909}