{"seed": 123, "fraction": 0.5, "test_f1": 0.5113968439509059, "test_acc": 0.5681818181818182}