{"seed": 789, "fraction": 1.0, "test_f1": 0.5435563239792525, "test_acc": 0.5568181818181818}