{"model": "CNN_LSTM", "seed": 456, "fraction": 0.5, "test_f1": 0.5855572998430141, "test_acc": 0.5909090909090909}