{"model": "CNN_LSTM", "seed": 2024, "fraction": 1.0, "test_f1": 0.5497835497835498, "test_acc": 0.5568181818181818}