{"seed": 2024, "fraction": 0.75, "test_f1": 0.5541558263727235, "test_acc": 0.5795454545454546}