{"model": "CNN_LSTM", "seed": 789, "fraction": 0.5, "test_f1": 0.5701650165016502, "test_acc": 0.5795454545454546}