{"seed": 789, "fraction": 0.5, "test_f1": 0.6239316239316239, "test_acc": 0.6363636363636364}