{"seed": 2024, "fraction": 1.0, "test_f1": 0.5164835164835164, "test_acc": 0.5227272727272727}