{"model": "CNN_LSTM", "seed": 456, "fraction": 0.75, "test_f1": 0.5679586563307493, "test_acc": 0.5681818181818182}