{"seed": 42, "fraction": 0.5, "test_f1": 0.6526315789473685, "test_acc": 0.6590909090909091}