{"seed": 2024, "fraction": 0.5, "test_f1": 0.6136363636363636, "test_acc": 0.6136363636363636}