{"seed": 456, "fraction": 0.25, "test_f1": 0.5768680961663417, "test_acc": 0.5795454545454546}