{"model": "CNN_LSTM", "seed": 789, "fraction": 0.75, "test_f1": 0.596765498652291, "test_acc": 0.6136363636363636}