{"model": "CNN_LSTM", "seed": 789, "fraction": 1.0, "test_f1": 0.5396378269617707, "test_acc": 0.5568181818181818}